Index,Long_Name,Stock1,Stock1 weight,Stock2,Stock2 weight,Stock4,Stock4 weight,Stock5,Stock5 weight,Stock6,Stock6 weight,Stock7,Stock7 weight,Stock8,Stock8 weight,Stock9,Stock9 weight,Stock10,Stock10 weight,Stock11,Stock11 weight,Stock12,Stock12 weight,Stock13,Stock13 weight,Stock14,Stock14 weight,Stock15,Stock15 weight,Stock16,Stock16 weight,Default Stock
TJI_BK,TJI Bank,^NSEBANK,0.01,^NSEBANK,0.01,,,,,,,,,,,,,,,,,,,,,,,,,,,^NSEI
TJI_psuBK,TJI PSU Bank,SBIN.NS,0.01,BANKBARODA.NS,0.01,PNB.NS,0.01,UNIONBANK.NS,0.01,CANBK.NS,0.01,INDIANB.NS,0.01,CENTRALBK.NS,0.01,DSPPSBKETF.NS,0.01,,,,,,,,,,,,,,,^NSEI
TJI_pvtBK,TJI Pvt Bank,KOTAKBANK.NS,0.01,HDFCBANK.NS,0.01,ICICIBANK.NS,0.01,AXISBANK.NS,0.01,INDUSINDBK.NS,0.01,IDFCFIRSTB.NS,0.01,IDBI.NS,0.01,FEDERALBNK.NS,0.01,NIFTY_PVT_BANK.NS,0.01,,,,,,,,,,,,,^NSEI
TJI_INSR,TJI Insurance,,,,,,,,,,,,,,,,,,,,,,,,,,,,,,,^NSEI
TJI_LFINSR,TJI Life Insurance,HDFCLIFE.NS,0.01,SBILIFE.NS,0.01,LICI.NS,0.01,ICICIPRULI.NS,0.01,CANHLIFE.NS,0.01,,,,,,,,,,,,,,,,,,,,,^NSEI
TJI_GenINSR,TJI Gen Insurance,BAJAJFINSV.NS,0.01,GICRE.NS,0.01,ICICIGI.NS,0.01,NIACL.NS,0.01,STARHEALTH.NS,0.01,GODIGIT.NS,0.01,NIVABUPA.NS,0.01,,,,,,,,,,,,,,,,,^NSEI
TJI_AST_MGMT,TJI Asset Mgmt,HDFCAMC.NS,0.01,ANANDRATHI.NS,0.01,UTIAMC.NS,0.01,MOTILALOFS.NS,0.01,NAM-INDIA.NS,0.01,ABSLAMC.NS,0.01,NUVAMA.NS,0.01,360ONE.NS,0.01,ANGELONE.NS,0.01,CRAMC.NS,0.01,ICICIAMC.NS,0.01,SBIFUNDS.NS,0.01,GROWW.NS,.01,IIFLCAPS.NS,.01,PRUDENT.NS,.01,^NSEI
TJI_RTG_AGY,TJI Rating Agency,CRISIL.NS,0.01,ICRA.NS,0.01,CARERATING.NS,0.01,,,,,,,,,,,,,,,,,,,,,,,,,^NSEI
TJI_BVRG,TJI Beverages,VBL.NS,0.01,BIKAJI.NS,0.01,DIAMONDYD.NS,0.01,BRITANNIA.NS,0.01,BECTORFOOD.NS,0.01,GOPAL.NS,0.01,NESTLEIND.NS,0.01,^CNXFMCG,0.01,,,,,,,,,,,,,,,^NSEI
TJI_FMCG,TJI FMCG,GODREJCP.NS,0.01,DABUR.NS,0.01,EMAMILTD.NS,0.01,HINDUNILVR.NS,0.01,CUPID.NS,0.01,COLPAL.NS,0.01,HONASA.NS,0.01,^CNXFMCG,0.01,PGHH.NS,0.01,BAJAJCON.NS,0.01,,,,,,,,,,,^NSEI
TJI_MeatSeaF,TJI Meat&Sea Food,AVANTIFEED.NS,0.01,VENKEYS.NS,0.01,APEX.NS,0.01,WATERBASE.BO,0.01,COASTCORP.NS,0.01,,,,,,,,,,,,,,,,,,,,,^NSEI
TJI_QSR,TJI QSR,JUBLFOOD.NS,0.01,DEVYANI.NS,0.01,WESTLIFE.NS,0.01,SAPPHIRE.NS,0.01,BARBEQUE.NS,0.01,RBA.NS,0.01,SPECIALITY.NS,0.01,,,,,,,,,,,,,,,,,^NSEI
TJI_Retail-CH,TJI Retail Chains,ABFRL.NS,0.01,TRENT.NS,0.01,SHOPERSTOP.NS,0.01,TITAN.NS,0.01,VIPIND.NS,0.01,VMART.NS,0.01,DMART.NS,0.01,AVL.BO,0.01,V2RETAIL.NS,0.01,,,,,,,,,,,,,^NSEI
TJI_INN_WR,TJI Innerwear,LUXIND.NS,0.01,ROOPAIND.BO,0.01,PAGEIND.NS,0.01,DOLLAR.NS,0.01,,,,,,,,,,,,,,,,,,,,,,,^NSEI
TJI_MediaENT,TJI Media&Enter,SUNTV.NS,0.01,SAREGAMA.NS,0.01,PVRINOX.NS,0.01,TIPSMUSIC.BO,0.01,BALAJITELE.NS,0.01,SHEMAROO.NS,0.01,TV18BRDCST.NS,0.01,TIPSMUSIC.NS,0.01,^CNXMEDIA,0.01,^CNXMEDIA,0.01,,,,,,,,,,,^NSEI
TJI_HOTEL,TJI Hotels,INDHOTEL.NS,0.01,EIHOTEL.NS,0.01,JUNIPER.NS,0.01,LEMONTREE.NS,0.01,SAMHI.NS,0.01,CHALET.NS,0.01,THELEELA,0.01,ADVANIHOTR.NS,0.01,ASIANHOTNR.NS,0.01,BENARAS.NS,0.01,KAMATHOTEL.NS,0.01,ORIENTHOT.NS,0.01,TAJGVK.NS,0.01,UPHOT.NS,0.01,,,^NSEI
TJI_Aviation,TJI Aviation,INDIGO.NS,0.01,SPICEJET.BO,0.01,JETAIRWAYS.NS,0.01,YATRA.NS,0.01,EASEMYTRIP.NS,0.01,TAALENT.BO,0.01,GMRAIRPORT.NS,0.01,,,,,,,,,,,,,,,,,^NSEI
TJI_IT,TJI IT,TCS.NS,0.01,INFY.NS,0.01,WIPRO.NS,0.01,HCLTECH.NS,0.01,TECHM.NS,0.01,COFORGE.NS,0.01,KPITTECH.NS,0.01,ZENSARTECH.NS,0.01,ECLERX.NS,0.01,^CNXIT,0.01,,,,,,,,,,,^NSEI
TJI_Logist,TJI Logistic,CONCOR.NS,0.01,DELHIVERY.NS,0.01,BLUEDART.NS,0.01,TVSSCS.NS,0.01,ALLCARGO.NS,0.01,SNOWMAN.NS,0.01,VRLLOG.NS,0.01,TCIEXP.NS,0.01,MAHLOG.NS,0.01,TVSSCS.NS,0.01,,,,,,,,,,,^NSEI
TJI_CEMNT,TJI Cement,ULTRACEMCO.NS,0.01,GRASIM.NS,0.01,SHREECEM.NS,0.01,AMBUJACEM.NS,0.01,ACC.NS,0.01,BIRLACORPN.NS,0.01,INDIACEM.NS,0.01,RAMCOCEM.NS,0.01,DALBHARAT.NS,0.01,HEIDELBERG.NS,0.01,JKCEMENT.NS,0.01,ORIENTCEM.NS,0.01,,,,,,,^NSEI
TJI_REL_EST,TJI Real Estate,DLF.NS,0.01,GODREJPROP.NS,0.01,OBEROIRLTY.NS,0.01,PRESTIGE.NS,0.01,SOBHA.NS,0.01,SUNTECK.NS,0.01,BRIGADE.NS,0.01,LODHA.NS,0.01,PHOENIXLTD.NS,0.01,KRT.NS,.01,EMBASSY.NS,.01,BAGMANE.NS,.01,MINDSPACE.NS,.01,BIRET.NS,.01,,,^NSEI
TJI_PLYWd,TJI Plywood,GREENPLY.NS,0.01,CENTURYPLY.NS,0.01,GREENLAM.NS,0.01,GREENPANEL.NS,0.01,STYLAMIND.NS,0.01,RUSHIL.NS,0.01,,,,,,,,,,,,,,,,,,,^NSEI
TJI_Tiles,TJI Tiles,KAJARIACER.NS,0.01,SOMANYCERA.NS,0.01,CERA.NS,0.01,ASIANTILES.NS,0.01,NITCO.NS,0.01,,,,,,,,,,,,,,,,,,,,,^NSEI
TJI_Power,TJI Power,NTPC.NS,0.01,TATAPOWER.NS,0.01,RPOWER.NS,0.01,TORNTPOWER.NS,0.01,JSWENERGY.NS,0.01,NHPC.NS,0.01,ADANIPOWER.NS,0.01,POWERGRID.NS,0.01,NTPCGREEN.NS,0.01,ADANIGREEN.NS,0.01,NLCINDIA.NS,.01,CESC.NS,.01,,,,,,,^NSEI
TJI_Paint,TJI Paint,ASIANPAINT.NS,0.01,BERGEPAINT.NS,0.01,KANSAINER.NS,0.01,AKZOINDIA.NS,0.01,INDIGOPNTS.NS,0.01,SHALPAINTS.NS,0.01,KAMOPAINTS.NS,0.01,SIRCA.NS,0.01,,,,,,,,,,,,,,,^NSEI
TJI_CrdOIL,TJI Crude Oil,,,,,,,,,,,,,,,,,,,,,,,,,,,,,,,^NSEI
TJI_OL_REF,TJI Oil Refiners,HINDPETRO.NS,0.01,ONGC.NS,0.01,RELIANCE.NS,0.01,IOC.NS,0.01,MRPL.NS,0.01,BPCL.NS,0.01,PANAMAPET.NS,.01,CHENNPETRO.NS,.01,,,,,,,,,,,,,,,^NSEI
TJI_FERT,TJI Fertilizer,FACT.NS,0.01,COROMANDEL.NS,0.01,RCF.NS,0.01,NFL.NS,0.01,GSFC.NS,0.01,PARADEEP.NS,0.01,,,,,,,,,,,,,,,,,,,^NSEI
TJI_CITY-GAS,TJI City Gas,GAIL.NS,0.01,ATGL.NS,0.01,PETRONET.NS,0.01,GUJGASLTD.NS,0.01,IGL.NS,0.01,MGL.NS,0.01,,,,,,,,,,,,,,,,,,,^NSEI
TJI_ComEQPT,TJI Comm Equip,DLINKINDIA.NS,0.01,STLTECH.NS,0.01,TEJASNET.NS,0.01,INDUSTOWER.NS,0.01,ITI.NS,0.01,NELCO.NS,0.01,HFCL.NS,0.01,SUYOG.NS,0.01,,,,,,,,,,,,,,,^NSEI
TJI_Telecom,TJI Telecom,TATACOMM.NS,0.01,BHARTIARTL.NS,0.01,IDEA.NS,0.01,,,,,,,,,,,,,,,,,,,,,,,,,^NSEI
TJI_CONS-GOODS,TJI Consumer Goods,VOLTAS.NS,0.01,BLUESTARCO.NS,0.01,WHIRLPOOL.NS,0.01,EUREKAFORB.NS,0.01,SYMPHONY.NS,0.01,IFBIND.NS,0.01,BAJAJELEC.NS,0.01,CROMPTON.NS,0.01,TTKPRESTIG.NS,0.01,STOVEKRAFT.NS,0.01,HAWKINCOOK.NS,0.01,CELLO.NS,0.01,LAOPALA.NS,0.01,,,,,^NSEI
TJI_BRG,TJI Bearing,SCHAEFFLER.NS,0.01,TIMKEN.NS,0.01,SKFINDIA.NS,0.01,NRBBEARING.NS,0.01,GALXBRG.BO,0.01,TIMKEN.NS,0.01,SKFINDUS.NS,0.01,,,,,,,,,,,,,,,,,^NSEI
TJI_HOSPTAL,TJI Hospitals,MAXHEALTH.NS,0.01,MEDANTA.NS,0.01,RAINBOW.NS,0.01,JLHL.NS,0.01,ASTERDM.NS,0.01,APOLLOHOSP.NS,0.01,FORTIS.NS,0.01,NH.NS,0.01,KOVAI.BO,0.01,YATHARTH.NS,0.01,SAKAR.NS,0.01,KMCSHIL.NS,0.01,MANIPALHOS.NS,0.01,KIMS.NS,0.01,HCG.NS,0.01,^NSEI
TJI_DIAGC,TJI Diagno Chains,LALPATHLAB.NS,0.01,THYROCARE.NS,0.01,VIJAYA.NS,0.01,METROPOLIS.NS,0.01,3BBLACKBIO.NS,0.01,KRSNAA.NS,0.01,SURAKSHA.NS,0.01,,,,,,,,,,,,,,,,,^NSEI
TJI_PHARMA,TJI Pharma,SUNPHARMA.NS,0.01,CIPLA.NS,0.01,DRREDDY.NS,0.01,LUPIN.NS,0.01,IPCALAB.NS,0.01,AUROPHARMA.NS,0.01,APLLTD.NS,0.01,CIPLA.NS,0.01,TORNTPHARM.NS,0.01,,,,,,,,,,,,,^NSEI
TJI_Metal,TJI Metal,HINDCOPPER.NS,0.01,JSWSTEEL.NS,0.01,TATASTEEL.NS,0.01,SAIL.NS,0.01,HINDZINC.NS,0.01,HINDALCO.NS,0.01,VEDL.NS,0.01,JINDALSTEL.NS,0.01,NMDC.NS,0.01,NATIONALUM.NS,0.01,MOIL.NS,0.01,KIOCL.NS,0.01,GMDCLTD.NS,0.01,ASHAPURMIN.NS,0.01,,,^NSEI
TJI_Pipe,TJI Pipes,,,,,,,,,,,,,,,,,,,,,,,,,,,,,,,^NSEI
TJI_mPIP,TJI Metal Pipes,VENUSPIPES.NS,0.01,HITECH.NS,0.01,APLAPOLLO.NS,0.01,HARIOMPIPE.NS,0.01,JAIBALAJI.NS,0.05,JTLIND.NS,0.05,YASHO.BO,0.01,,,,,,,,,,,,,,,,,^NSEI
TJI_pPIP,TJI Plastic Pipes,FINPIPE.NS,0.01,ASTRAL.NS,0.01,SUPREMEIND.NS,0.01,RESPONIND.NS,0.01,,,,,,,,,,,,,,,,,,,,,,,^NSEI
TJI_Paper,TJI Paper&Board,JKPAPER.NS,0.01,WSTCSTPAPR.NS,0.01,ANDHRAPAP.NS,0.01,PDMJEPAPER.NS,0.01,SESHAPAPER.NS,0.01,TNPL.NS,0.01,KUANTUM.NS,0.01,TNPL.NS,0.01,,,,,,,,,,,,,,,^NSEI
TJI_agCHE,TJI AgroChemical,PIIND.NS,0.01,UPL.NS,0.01,SUMICHEM.NS,0.01,INSECTICID.NS,0.01,BAYERCROP.NS,0.01,BASF.NS,0.01,BESTAGRO.NS,0.01,DHANUKA.NS,0.01,HERANBA.NS,0.01,DHARMAJ.NS,0.01,,,,,,,,,,,^NSEI
TJI_alkCHE,TJI Alkali Chemicals,TATACHEM.NS,0.01,GHCL.NS,0.01,DCW.NS,0.01,GUJALKALI.NS,0.01,,,,,,,,,,,,,,,,,,,,,,,^NSEI
TJI_DyesPig,TJI Dyes&Pigments,SUDARSCHEM.NS,0.01,KIRIINDUS.NS,0.01,VIDHIING.NS,0.01,BHAGERIA.NS,0.01,DYNPRO.NS,0.01,BODALCHEM.BO,0.01,SHREEPUSHK.NS,.01,ULTRAMAR.NS,.01,SUDARCOLOR.NS,.01,,,,,,,,,,,,,^NSEI
TJI_Spl_CHEM,TJI Spl Chemicals,VINATIORGA.NS,0.01,AARTIIND.NS,0.01,NAVINFLUOR.NS,0.01,BALAMINES.NS,0.01,ATUL.NS,0.01,TATVA.NS,0.01,CLEAN.NS,0.01,ALKYLAMINE.NS,0.01,PAUSHAKLTD.BO,0.01,DEEPAKNTR.NS,0.01,,,,,,,,,,,^NSEI
TJI_Suger,TJI Sugar,BALRAMCHIN.NS,0.01,DALBHARAT.NS,0.01,RENUKA.NS,0.01,DCMSHRIRAM.NS,0.01,DHAMPURSUG.NS,0.01,EIDPARRY.NS,0.01,BANARISUG.NS,0.01,DALMIASUG.NS,0.01,BAJAJHIND.NS,0.01,GODAVARIB.NS,0.01,MVKAGRO.NS,0.01,,,,,,,,,^NSEI
TJI_TEXTL,TJI Textile,TRIDENT.NS,0.01,ARVIND.NS,0.01,ICIL.NS,0.01,KPRMILL.NS,0.01,NDL.NS,0.01,AMBIKCO.NS,0.01,RSWM.NS,0.01,KITEX.NS,0.01,WELSPUNLIV.NS,0.01,,,,,,,,,,,,,^NSEI
TJI_Tyre,TJI Tyre,JKTYRE.NS,0.01,CEATLTD.NS,0.01,MRF.NS,0.01,APOLLOTYRE.NS,0.01,BALKRISIND.NS,0.01,GOODYEAR.NS,0.01,TVSSRICHAK.NS,0.01,,,,,,,,,,,,,,,,,^NSEI
TJI_CapMk,TJI Capital Mkt,MCX.NS,0.01,BSE.NS,0.01,CDSL.NS,0.01,KFINTECH.NS,0.01,CAMS.NS,0.01,NSDL.BO,.01,BEACON.NS,.01,,,,,,,,,,,,,,,,,^NSEI
TJI_leather,TJI leather,BATAINDIA.NS,0.01,RELAXO.NS,0.01,CAMPUS.NS,0.01,LIBERTSHOE.NS,0.01,KHADIM.NS,0.01,METROBRAND.NS,0.01,REDTAPE.NS,0.01,MAYURUNIQ.NS,0.01,,,,,,,,,,,,,,,^NSEI
TJI_DryC,TJI Dry Cell,EVEREADY.NS,0.01,ARE&M.NS,0.01,NIPPOBATRY.NS,0.01,EXIDEIND.NS,0.01,,,,,,,,,,,,,,,,,,,,,,,^NSEI
TJI_Pkg,TJI Pakag,EPL.NS,0.01,MOLDTKPAC.NS,0.01,COSMOFIRST.NS,0.01,TCPLPACK.NS,0.01,POLYPLEX.NS,0.01,UFLEX.NS,0.01,AGI.NS,0.01,XPROINDIA.NS,0.01,ESTER.NS,0.01,,,,,,,,,,,,,^NSEI
TJI_Tobac,TJI Tobacco,ITC.NS,0.01,GODFRYPHLP.NS,0.01,VSTIND.NS,0.01,NTCIND.BO,0.01,ELITECON.BO,0.01,,,,,,,,,,,,,,,,,,,,,^NSEI
TJI_Railw,TJI Railways,IRCTC.NS,0.01,RVNL.NS,0.01,IRFC.NS,0.01,IRCON.NS,0.01,TITAGARH.NS,0.01,RITES.NS,0.01,JWL.NS,0.01,HBLENGINE.NS,0.01,JWL.NS,0.01,KERNEX.NS,0.01,ORIRAIL.NS,0.01,,,,,,,,,^NSEI
TJI_Cable,TJI Cables,POLYCAB.NS,0.01,KEI.NS,0.01,RRKABEL.NS,0.01,FINCABLES.NS,0.01,UNIVCABLES.NS,0.01,CORDSCABLE,0.01,HAVELLS.NS,0.01,VMARCIND.NS,0.01,DIACABS.NS,0.01,,,,,,,,,,,,,^NSEI
TJI_Alcoh,TJI Alcohol,UBL.NS,0.01,UNITDSPR.BO,0.01,RADICO.NS,0.01,SDBL.NS,0.01,ASALCBR.NS,0.01,SULA.NS,0.01,TI.NS,0.01,ABDL.BO,0.01,GMBREW.NS,0.01,PICCADIL.NS,0.01,GLOBUSSPR.NS,0.01,,,,,,,,,^NSEI
TJI_Refract,TJI Refract,RHIM.NS,0.01,IFGLEXPOR.NS,0.01,VESUVIUS.NS,0.01,RPEL.BO,0.01,HEG.NS,0.01,GRAPHITE.NS,0.01,,,,,,,,,,,,,,,,,,,^NSEI
TJI_Jewl,TJI Jewellery,TITAN.NS,0.01,KALYANKJIL.NS,0.01,PNGJL.NS,0.01,SENCO.NS,0.01,SKYGOLD.NS,0.01,GOLDIAM.NS,0.01,THANGAMAYL.NS,0.01,IGIL.NS,0.01,MOTISONS.NS,0.01,BLUESTONE.NS,0.01,DPABHUSHAN.NS,0.01,GARGI.NS,0.01,RBZJEWEL.NS,0.01,TBZ.NS,0.01,,,^NSEI
TJI_ApiCram,TJI Api Crams,GLAND.NS,0.01,DIVISLAB.NS,0.01,LAURUSLABS.NS,0.01,SYNGENE.NS,0.01,AARTIDRUGS.NS,0.01,CONCORDBIO.NS,0.01,SUVENPHAR.NS,0.01,GRANULES.NS,0.01,JUBLPHARMA.NS,0.01,BIOCON.NS,0.01,DIVISLAB.NS,0.01,HIKAL.NS,0.01,ANTHEM.NS,0.01,MOREPENLAB.NS,0.01,NEULANDLAB.NS,0.01,^NSEI
TJI_autoOem,TJI Auto OEM,BAJAJ-AUTO.NS,0.01,TVSMOTOR.NS,0.01,OLAELEC.NS,0.01,MARUTI.NS,0.01,EICHERMOT.NS,0.01,ASHOKLEY.NS,0.01,TATAMOTORS.NS,0.01,M&M.NS,0.01,HEROMOTOCO.NS,0.01,FORCEMOT.NS,0.01,,,,,,,,,,,^NSEI
TJI_Defence,TJI Defence,DYNAMATECH.NS,0.01,SOLARINDS.NS,0.01,HAL.NS,0.01,BDL.NS,0.01,ZENTEC.NS,0.01,BEL.NS,0.01,BEML.NS,0.01,PARAS.NS,0.01,MTARTECH.NS,0.01,MODEFENCE.NS,0.01,UNIMECH.NS,0.01,IDEAFORGE.NS,0.01,ROSSTECH.NS,.01,AXISCADES.NS,.01,ASTRAMICRO.NS,.01,^NSEI
TJI_shipB,TJI Ship Building,COCHINSHIP.NS,0.01,MAZDOCK.NS,0.01,GRSE.NS,0.01,SWANDEF.NS,0.01,,,,,,,,,,,,,,,,,,,,,,,^NSEI
TJI_ports,TJI Ports,ADANIPORTS.NS,0.01,JSWINFRA.NS,0.01,GPPL.NS,0.01,,,,,,,,,,,,,,,,,,,,,,,,,^NSEI
TJI_AutoAnc,TJI AutoAnc,MOTHERSON.NS,0.01,UNOMINDA.NS,0.01,JBMA.NS,0.01,MINDACORP.NS,0.01,LUMAXTECH.NS,0.01,JAMNAAUTO.NS,0.01,MSUMI.NS,0.01,SONACOMS.NS,0.01,ENDURANCE.NS,0.01,ASKAUTOLTD.NS,0.01,,,,,,,,,,,^NSEI
TJI_Transf,TJI Transformer,VOLTAMP.NS,0.01,TARIL.BO,0.01,APARINDS.NS,0.01,CGPOWER.NS,0.01,GVT&D.NS,0.01,ADANIENSOL.NS,0.01,THERMAX.NS,0.01,POWERINDIA.NS,0.01,SIEMENS.NS,0.01,SHILCTECH.NS,0.01,INDOTECH.NS,0.01,ABB.NS,0.01,,,,,,,^NSEI
TJI_Abrasives,TJI Abrasives,WENDT.NS,0.01,GRINDWELL.NS,0.01,CARBORUNIV.NS,0.01,,,,,,,,,,,,,,,,,,,,,,,,,^NSEI
TJI_Pumps,TJI Pumps,ELGIEQUIP.NS,0.01,KSB.NS,0.01,SHAKTIPUMP.NS,0.01,ROTO.NS,0.01,KIRLPNU.NS,0.01,WPIL.BO,0.01,OSWALPUMPS.NS,0.01,,,,,,,,,,,,,,,,,^NSEI
TJI_Hsg_Fn,TJI HSG FN,BAJAJHFL.NS,0.01,HUDCO.BO,0.01,LICHSGFIN.NS,0.01,PNBHOUSING.NS,0.01,AADHARHFC.NS,0.01,AAVAS.NS,0.01,HOMEFIRST.NS,0.01,APTUS.NS,0.01,INDIASHLTR.NS,0.01,,,,,,,,,,,,,^NSEI
TJI_INFRA,TJI INFRA,^CNXINFRA,0.01,^CNXINFRA,0.01,JKIL.NS,0.01,LT.NS,0.01,IRB.NS,0.01,NCC.NS,0.01,DBL.NS,0.01,AFCONS.NS,0.01,,,,,,,,,,,,,,,^NSEI
TJI_DATACTR,TJI DATACTR,ANANTRAJ.NS,0.01,NETWEB.NS,0.01,TECHNOE.NS,0.01,E2E.NS,0.01,BBOX.NS,0.01,AURIONPRO.NS,0.01,,,,,,,,,,,,,,,,,,,^NSEI
TJI_EThNOL,TJI Ethanol,PRAJIND.NS,0.01,EIDPARRY.NS,0.01,RENUKA.NS,0.01,BALRAMCHIN.NS,0.01,BAJAJHIND.NS,0.01,DWARKESH.NS,0.01,BANARISUG.NS,0.01,,,,,,,,,,,,,,,,,^NSEI
TJI_TeaCofe,TJI TeaCoffee,TATACONSUM.NS,0.01,CCL.NS,0.01,VINCOFE.BO,0.01,VINCOFE.NS,0.01,ANDREWYU.NS,0.01,,,,,,,,,,,,,,,,,,,,,^NSEI
TJI_Solar,TJI Solar,GREENPOWER.NS,0.01,INOXWIND.NS,0.01,KPIGREEN.NS,0.01,NTPCGREEN.NS,0.01,WAAREEENER.NS,0.01,JSWENERGY.NS,0.01,ADANIGREEN.NS,0.01,SJVN.NS,0.01,ACMESOLAR.NS,0.01,INDOWIND.NS,0.01,ALPEXSOLAR.NS,0.01,INA.NS,0.01,SWSOLAR.NS,0.01,WAAREERTL.NS,0.01,WEBELSOLAR.NS,0.01,^NSEI
TJI_SemiCond,TJI SemiConductor,MOSCHIP.NS,0.01,ASMTEC.BO,0.01,KAYNES.NS,0.01,SPELS.BO,0.01,CGPOWER.NS,0.01,KPITTECH.NS,0.01,,,,,,,,,,,,,,,,,,,^NSEI
TJI_Wastemgmt,TJI Waste Mgmt,AWHCL.NS,0.01,ECORECO.BO,0.01,CEWATER.NS,0.01,NAMOEWASTE.NS,0.01,GRAVITA.NS,0.01,GANECOS.NS,0.01,JAINREC.NS,0.01,POCL.NS,0.01,,,,,,,,,,,,,,,^NSEI
TJI_PreFab,TJI Prefab,INTERARCH.NS,0.01,EPACKPEB.NS,0.01,MBEL.NS,0.01,EVERESTIND.NS,0.01,PENIND.NS,0.01,MBEL.NS,0.01,,,,,,,,,,,,,,,,,,,^NSEI
TJI_PreEng,TJI Presision Eng,KDDL.NS,0.01,RATNAVEER.NS,0.01,JYOTICNC.NS,0.01,GALAPREC.NS,0.01,AZAD.NS,0.01,SANSERA.NS,.01,OBSCP.NS,.01,NRBBEARING.NS,.01,AEQUS.NS,.01,UNIMECH.NS,.01,SIKA.NS,.01,DYNAMATECH.NS,.01,ROSSTECH.NS,.01,,,,,^NSEI
TJI_C0-wrk,TJI Co-Work,AWFIS.NS,0.01,EFCIL.NS,0.01,SMARTWORKS.NS,0.01,WEWORK.NS,0.01,,,,,,,,,,,,,,,,,,,,,,,^NSEI
TJI_Cnsr-EMS,TJI Consumer-EMS,AMBER.NS,0.01,AVALON.NS,0.01,DIXON.NS,0.01,KAYNES.NS,0.01,SYRMA.NS,0.01,PGEL.NS,0.01,OPIEMUS.NS,0.01,INFLAME.NS,0.01,,,,,,,,,,,,,,,^NSEI
TJI_DIARY,TJI DIARY,HATSUN.NS,0.01,HERITGFOOD.NS,0.01,MILKYMIST.NS,0.01,NESTLEIND.NS,0.01,PARAGMILK.NS,0.01,VADILALIND.NS,0.01,KWIL.NS,.01,DODLA.NS,.01,,,,,,,,,,,,,,,^NSEI
TJI_GEO-SPE,TJI Geo-SPACE,GENESYS.NS,0.01,MAPMYINDIA.NS,0.01,,,,,,,,,,,,,,,,,,,,,,,,,,,^NSEI
TJI_GLD-LOAN,TJI GOLD-LOAN,FEDFINA.NS,0.01,MANAPPURAM.NS,0.01,MUTHOOTFIN.NS,0.01,IIFL.NS,0.01,,,,,,,,,,,,,,,,,,,,,,,^NSEI
TJI_HVY-ENG,TJI HEAVY-ENG,BEWLTD.NS,0.01,GMMPFAUDLR.NS,0.01,HLEGLAS.NS,0.01,KLBRENG.NS,0.01,PRAJIND.NS,0.01,THERMAX.NS,0.01,,,,,,,,,,,,,,,,,,,^NSEI
TJI_Micro-loan,TJI Micro-Fin,ARMANFIN.NS,0.01,CREDITACC.NS,0.01,FUSION.NS,0.01,SATIN.NS,0.01,SPANDANA.NS,0.01,,,,,,,,,,,,,,,,,,,,,^NSEI
TJI_Refrig-Gas,TJI_Refrig-Gas,FLUOROCHEM.NS,0.01,JUBLINGREA.NS,0.01,NAVINFLUOR.NS,0.01,SRF.NS,0.01,,,,,,,,,,,,,,,,,,,,,,,^NSEI
TJI_Water-EPC,TJI_Water-EPC,EMSLIMITED.NS,0.01,IONEXCHANG.NS,0.01,JASH.NS,0.01,VPRPL.NS,0.01,WABAG.NS,0.01,WELENT.NS,0.01,,,,,,,,,,,,,,,,,,,^NSEI
TJI_xx,TJI_xx,,,,,,,,,,,,,,,,,,,,,,,,,,,,,,,^NSEI
TJI_xx,TJI_xx,,,,,,,,,,,,,,,,,,,,,,,,,,,,,,,^NSEI
TJI_xx,TJI_xx,,,,,,,,,,,,,,,,,,,,,,,,,,,,,,,^NSEI
TJI_xx,TJI_xx,,,,,,,,,,,,,,,,,,,,,,,,,,,,,,,^NSEI
TJI_xx,TJI_xx,,,,,,,,,,,,,,,,,,,,,,,,,,,,,,,^NSEI
TJI_xx,TJI_xx,,,,,,,,,,,,,,,,,,,,,,,,,,,,,,,^NSEI
TJI_xx,TJI_xx,,,,,,,,,,,,,,,,,,,,,,,,,,,,,,,^NSEI
TJI_xx,TJI_xx,,,,,,,,,,,,,,,,,,,,,,,,,,,,,,,^NSEI
TJI_xx,TJI_xx,,,,,,,,,,,,,,,,,,,,,,,,,,,,,,,^NSEI
TJI_xx,TJI_xx,,,,,,,,,,,,,,,,,,,,,,,,,,,,,,,^NSEI
TJI_xx,TJI_xx,,,,,,,,,,,,,,,,,,,,,,,,,,,,,,,^NSEI
TJI_xx,TJI_xx,,,,,,,,,,,,,,,,,,,,,,,,,,,,,,,^NSEI
TJI_xx,TJI_xx,,,,,,,,,,,,,,,,,,,,,,,,,,,,,,,^NSEI
TJI_xx,TJI_xx,,,,,,,,,,,,,,,,,,,,,,,,,,,,,,,^NSEI
