Sr. No.,Scrip Code,Scrip Name,Migration Date
1,540615,7NR Retail Limited,2025-05-05
2,540697,A & M Febcon Limited,2025-05-05
3,542012,A-1 LIMITED,2025-05-05
4,538812,Aanchal Ispat Limited,2025-05-05
5,542580,Aartech Solonics Limited,2025-05-05
6,541144,Active Clothing Co Limited,2025-05-05
7,541865,Add-Shop E-Retail Limited,2025-05-05
8,534707,ADITRI INDUSTRIES LIMITED,2025-05-05
9,540205,Aditya Vision Limited,2025-05-05
10,543230,ADVAIT ENERGY TRANSITIONS LIMITED,2025-05-05
11,539982,Advance Syntex Limited,2025-05-05
12,541402,Affordable Robotic & Automation Limited,2025-05-05
13,539042,AGI Infra Limited,2025-05-05
14,542020,AKI India Limited,2025-05-05
15,541303,Akshar Spintex Limited,2025-05-05
16,535916,Alacrity Securities Limited,2025-05-05
17,539223,Ambition Mica Limited,2025-05-05
18,538861,Amsons Apparels Limited,2025-05-05
19,542721,Anand Rayons Limited,2025-05-05
20,540694,ANG Lifesciences India Limited,2025-05-05
21,542437,Anmol India Limited,2025-05-05
22,542865,Anuroop Packaging Limited,2025-05-05
23,542670,Artemis Electricals and Projects Limited,2025-05-05
24,535467,ASHAPURA INTIMATES FASHION LIMITED,2025-05-05
25,542579,Ashapuri Gold Ornament Limited,2025-05-05
26,540923,Ashoka Metcast Limited,2025-05-05
27,543236,Atam Valves Limited,2025-05-05
28,538713,Atishay Limited,2025-05-05
29,542285,Axita Cotton Limited,2025-05-05
30,537766,B.C. Power Controls Limited,2025-05-05
31,539872,Bajaj Healthcare Limited,2025-05-05
32,538546,Bansal Roofing Products Limited,2025-05-05
33,542057,BCPL Railway Infrastructure Limited,2025-05-05
34,539399,Bella Casa Fashion & Retail Limited,2025-05-05
35,540545,Bhakti Gems And Jewellery Limited,2025-05-05
36,540956,Bhatia Communications & Retail (India) Limited,2025-05-05
37,543211,BONLON INDUSTRIES LIMITED,2025-05-05
38,534731,Bronze Infra-Tech Limited,2025-05-05
39,538817,Captain Pipes Limited,2025-05-05
40,536974,CAPTAIN POLYPLAST LIMITED,2025-05-05
41,538734,CEINSYS TECH LIMITED,2025-05-05
42,539800,CHD Chemicals Limited,2025-05-05
43,540395,Chemcrux Enterprises Limited,2025-05-05
44,537326,CHEMTECH INDUSTRIAL VALVES LIMITED,2025-05-05
45,534691,Comfort Commotrade Limited,2025-05-05
46,539986,Commercial Syn Bags Limited,2025-05-05
47,539884,Darshan Orna Limited,2025-05-05
48,542248,Deccan Health Care Limited,2025-05-05
49,541778,Deep Polymers Limited,2025-05-05
50,538715,Dhabriya Polywood Limited,2025-05-05
51,540080,Dhatre Udyog Limited,2025-05-05
52,541302,Dhruv Consultancy Services Limited,2025-05-05
53,543193,DJ Mediaprint & Logistics Limited,2025-05-05
54,542013,Dolfin Rubbers Limited,2025-05-05
55,540795,Dynamic Cables Limited,2025-05-05
56,535694,Edynamics Solutions Limited,2025-05-05
57,543284,EKI Energy Services Limited,2025-05-05
58,539169,Funny Software Limited,2025-05-05
59,540614,G G Engineering Limited,2025-05-05
60,542666,G. K. P. Printing & Packaging Limited,2025-05-05
61,539228,Gala Global Products Limited,2025-05-05
62,542802,Galactico Corporate Services Limited,2025-05-05
63,539216,GARMENT MANTRA LIFESTYLE LIMITED,2025-05-05
64,540936,Gautam Gems Limited,2025-05-05
65,535431,GCM Securities Limited,2025-05-05
66,542851,Gensol Engineering Limited,2025-05-05
67,542918,Gian Life Care Limited,2025-05-05
68,540654,GlobalSpace Technologies Limited,2025-05-05
69,541152,GOYAL ALUMINIUMS LIMITED,2025-05-05
70,539222,GROWINGTON VENTURES INDIA LIMITED,2025-05-05
71,541276,HARDWYN INDIA LIMITED,2025-05-05
72,540377,IFL ENTERPRISES LIMITED,2025-05-05
73,535667,India Finsec Limited,2025-05-05
74,541304,Indo US Bio-Tech Limited,2025-05-05
75,540735,IRIS Business Services Limited,2025-05-05
76,539225,Jiya Eco-Products Limited,2025-05-05
77,536073,JULIEN AGRO INFRATECH LIMITED,2025-05-05
78,534623,Jupiter Infomedia Limited,2025-05-05
79,539686,K.P. Energy Limited,2025-05-05
80,538833,KAIZEN AGRO INFRABUILD LIMITED,2025-05-05
81,538928,Karnavati Finance Limited,2025-05-05
82,540953,Kenvi Jewels Limited,2025-05-05
83,543273,Knowledge Marine & Engineering Works Limited,2025-05-05
84,542323,KPI Green Energy Limited,2025-05-05
85,542459,Kranti Industries Limited,2025-05-05
86,536170,KUSHAL LIMITED,2025-05-05
87,539997,Kwality Pharmaceuticals Limited,2025-05-05
88,535387,LAKHOTIA POLYESTERS (INDIA) LIMITED,2025-05-05
89,539841,Lancer Container Lines Limited,2025-05-05
90,534422,Looks Health Services Limited,2025-05-05
91,540952,LORENZINI APPARELS LIMITED,2025-05-05
92,539227,Loyal Equipments Limited,2025-05-05
93,539682,LUCENT INDUSTRIES LIMITED,2025-05-05
94,539275,Mangalam Seeds Limited,2025-05-05
95,540396,Manomay Tex India Limited,2025-05-05
96,541974,Manorama Industries Limited,2025-05-05
97,540401,Maximus International Limited,2025-05-05
98,540937,MEDICO REMEDIES LIMITED,2025-05-05
99,540519,Meera Industries Limited,2025-05-05
100,541352,Megastar Foods Limited,2025-05-05
101,538668,Meghna Infracon Infrastructure Limited,2025-05-05
102,540730,Mehai Technology Limited,2025-05-05
103,539220,Mishka Exim Limited,2025-05-05
104,540078,Mitsu Chem Plast Limited,2025-05-05
105,535910,Money Masters Leasing & Finance Limited,2025-05-05
106,538446,MONEYBOXX FINANCE LIMITED,2025-05-05
107,540809,MRC AGROTECH LIMITED,2025-05-05
108,542724,Murae Organisor Limited,2025-05-05
109,541418,NAKODA GROUP OF INDUSTRIES LIMITED,2025-05-05
110,539402,Naksh Precious Metals Limited,2025-05-05
111,535136,NIBE LIMITED,2025-05-05
112,539843,NINtec Systems Limited,2025-05-05
113,542628,Northern Spirits Limited,2025-05-05
114,538547,Oasis Tradelink Limited,2025-05-05
115,538019,Oceanaa Biotek Industries Limited,2025-05-05
116,540405,Oceanic Foods Limited,2025-05-05
117,541206,Orissa Bengal Carrier Limited,2025-05-05
118,541444,Palm Jewels Limited,2025-05-05
119,542694,Parshva Enterprises Limited,2025-05-05
120,540727,Poojawestern Metaliks Limited,2025-05-05
121,540027,PRABHAT TECHNOLOGIES (INDIA) LIMITED,2025-05-05
122,538119,R&B Denims Limited,2025-05-05
123,537785,RACE ECO CHAIN LIMITED,2025-05-05
124,540125,Radhika Jeweltech Limited,2025-05-05
125,539837,RAGHAV PRODUCTIVITY ENHANCERS LIMITED,2025-05-05
126,541601,Rajnish Wellness Limited,2025-05-05
127,540796,Ratnabhumi Developers Limited,2025-05-05
128,541634,Raw Edge Industrial Solutions Limited,2025-05-05
129,537254,RCI Industries & Technologies Limited,2025-05-05
130,539760,Relicab Cable Manufacturing Limited,2025-05-05
131,543590,Rhetan TMT Limited,2025-05-05
132,540590,Riddhi Corporate Services Limited,2025-05-05
133,542383,Ritco Logistics Limited,2025-05-05
134,543171,RO Jewels Limited,2025-05-05
135,539226,RUDRA GLOBAL INFRA PRODUCTS LIMITED,2025-05-05
136,542034,S. M. Gold Limited,2025-05-05
137,543376,Samor Reality Limited,2025-05-05
138,540393,Sarthak Metals Limited,2025-05-05
139,536592,SATKAR FINLEASE LIMITED,2025-05-05
140,542725,SBC EXPORTS LIMITED,2025-05-05
141,543234,Secmark Consultancy Limited,2025-05-05
142,542232,Shankar Lal Rampal Dye-Chem Limited,2025-05-05
143,539921,Shanti Educational Initiatives Limited,2025-05-05
144,540725,Share India Securities Limited,2025-05-05
145,540786,SHARIKA ENTERPRISES LIMITED,2025-05-05
146,540147,Shashijit Infraprojects Limited,2025-05-05
147,540757,SHEETAL COOL PRODUCTS LIMITED,2025-05-05
148,540693,Shish Industries Limited,2025-05-05
149,540737,Shree Ganesh Remedies Limited,2025-05-05
150,540738,Shreeji Translogistics Limited,2025-05-05
151,537954,Shri Krishna Prasadam Limited,2025-05-05
152,542019,Shubham Polyspin Limited,2025-05-05
153,541967,Sky Gold And Diamonds Limited,2025-05-05
154,540079,Sprayking Limited,2025-05-05
155,538402,SPS Finquest Limited,2025-05-05
156,534680,SRG Housing Finance Limited,2025-05-05
157,539363,Sri Krishna Constructions (India) Limited,2025-05-05
158,539017,STAR HOUSING FINANCE LIMITED,2025-05-05
159,540492,STARLINEPS ENTERPRISES LIMITED,2025-05-05
160,538733,Starlit Power Systems Limited,2025-05-05
161,539526,Suncare Traders Limited,2025-05-05
162,535141,Sunstar Realty Development Limited,2025-05-05
163,543218,SURATWWALA BUSINESS GROUP LIMITED,2025-05-05
164,537259,Suyog Telematics Limited,2025-05-05
165,541929,Synergy Green Industries Limited,2025-05-05
166,540955,Tasty Dairy Specialities Limited,2025-05-05
167,541228,Taylormade Renewables Limited,2025-05-05
168,539428,Tejnaksh Healthcare Limited,2025-05-05
169,539310,THINKINK PICTUREZ LIMITED,2025-05-05
170,536264,Tiger Logistics (India) Limited,2025-05-05
171,540726,Trident Texofab Limited,2025-05-05
172,541338,U. H. ZAVERI LIMITED,2025-05-05
173,538706,Ultracab (India) Limited,2025-05-05
174,539798,Umiya Tubes Limited,2025-05-05
175,539314,Universal Autofoundry Limited,2025-05-05
176,539097,UR SUGAR INDUSTRIES LIMITED,2025-05-05
177,542654,V R FILMS & STUDIOS LIMITED,2025-05-05
178,540145,Valiant Organics Limited,2025-05-05
179,536672,VCU Data Management Limited,2025-05-05
180,540252,VEERAM SECURITIES LIMITED,2025-05-05
181,538732,Vibrant Global Capital Limited,2025-05-05
182,539659,VIKRAM KAMATS HOSPITALITY LIMITED,2025-05-05
183,539398,Vishal Bearings Limited,2025-05-05
184,538598,Vishal Fabrics Limited,2025-05-05
185,542046,VIVID MERCANTILE LIMITED,2025-05-05
186,536128,VKJ Infradevelopers Limited,2025-05-05
187,534618,WAAREE RENEWABLE TECHNOLOGIES LIMITED,2025-05-05
188,542667,White Organic Retail Limited,2025-05-05
189,539939,Yash Chemex Limited,2025-05-05
190,541167,YASHO INDUSTRIES LIMITED,2025-05-05
191,539963,Zeal Aqua Limited,2025-05-05
