Symbol,Dividend
AMBALALSA.BO,0
ANDHRAPET.BO,2.0
DISAQ.BO,200.0
ELANTAS.BO,7.5
GOODYEAR.BO,23.9
HARCR.BO,0
ITHL.BO,5.5
KINETICENG.BO,0
KIRLFER.BO,5.5
MAFATIND.BO,2.0
MAJESAUT.BO,10.0
BARODARY.BO,0
SPICEJET.BO,0
JAYKAY.BO,0
NIRLON.BO,26.0
RAMAPETRO.BO,0
SILVERLINE.BO,0
HOCL.BO,0
NOVARTIND.BO,25.0
SUNRINV.BO,0
ZGOLDINV.BO,0
PEOPLIN.BO,0
LORDSMARK.BO,0
ANTARIKSH.BO,0
JAYBHCR.BO,0
TECHNVISN.BO,0
ANANDPROJ.BO,0
DHENUBUILD.BO,0
RASSIREF.BO,0
NILACHAL.BO,0
ZSVTRADI.BO,0
KSHITIJ.BO,0
INDSOYA.BO,0
UNIJOLL.BO,0
MEDIAONE.BO,0
HEALINV.BO,0
SHRENTI.BO,0
MODWOOL.BO,0
SWADPOL.BO,0
SHRMFGC.BO,0
ELPROINTL.BO,1.4
GEE.BO,0
JYOTI.BO,0
PANAENERG.BO,9.42
PERMAGN.BO,2.0
HIGHENE.BO,3.0
DLTNCBL.BO,2.0
MODULEX.BO,0
RIDHISYN.BO,0
ZARDIINV.BO,0
SOFTBPO.BO,0
GANHOLD.BO,0
SJCORP.BO,0
CHASBRT.BO,0
AZADIND.BO,0
INVPRECQ.BO,0.5
NATIONSTD.BO,0
DUNCANENG.BO,3.0
STOVACQ.BO,132.0
AUTOPRD.BO,0
ACGL.BO,25.0
ZFSTEERING.BO,8.0
LAKSHMIEW.BO,10.0
INTEGRAEN.BO,0
GHVINFRA.BO,0
ZKOVALIN.BO,0
MULTIIN.BO,0
BIMETAL.BO,13.0
GRAUWEIL.BO,0.5
ALGOQUANT.BO,0
SINGER.BO,0
INTLCOMBQ.BO,4.0
JOSTS.BO,1.25
MPCOSEMB.BO,0
ROLCOEN.BO,2.5
SNL.BO,8.0
WPIL.BO,2.0
KENNAMET.BO,40.0
TRITONV.BO,10.0
ZPRBHSTE.BO,0
ALNATRD.BO,0
VOLKAI.BO,0
PARNAXLAB.BO,0
TERRAFORM.BO,0
VELOX.BO,0
ZSARVAMA.BO,0
SASHWAT.BO,0
FERMENTA.BO,2.5
NITTAGELA.BO,6.0
AGVENTURES.BO,0
PBGLOBAL.BO,0
ZR2.BO,0.1
ULTRAMAR.BO,6.0
TRANSPEK.BO,20.0
TANFACIND.BO,9.0
MASCH.BO,0
MAKERSL.BO,0
IGLFXPL-B.BO,0
ADVPETR-B.BO,0
CORAGRO.BO,0
ORIBEVER.BO,0
TGVSL.BO,1.0
UNTTEMI.BO,0
MNPLFIN.BO,0
BAJAJST.BO,1.0
FYNX.BO,0
JOLYPLS.BO,0
SERIND.BO,0
HAWKINCOOK.BO,130.0
ISTLTD.BO,0
DIAMANT.BO,0
NEWMKTADV.BO,0
NITINCAST.BO,3.0
NEXOME.BO,0
PANCARBON.BO,12.0
SHRICON.BO,0
TRUSTWAVE.BO,0
KEDIACN.BO,0
TRANOCE.BO,0
NETLINK.BO,0
OSWALEA.BO,0
INDAG.BO,3.0
CRAVATEX.BO,12.5
ZHINDHSG.BO,0
MAPROIN.BO,0
OSEASPR.BO,0
RJSHAH.BO,2.5
SHAHCON.BO,0
SINNAR.BO,0
ZSOUTGAS.BO,50.0
TECHCON.BO,0
THACKER.BO,0
PREMCAP.BO,0
KUSUMEL.BO,0
JUMBFNL.BO,0
EASYFIN.BO,0
AXISOL.BO,0.5
PARSHWANA.BO,0
SAGARSYST.BO,0
ICONIKSPEV.BO,0
PREMCAPM.BO,0
RELICTEC.BO,0
INVIGO.BO,0
RFL.BO,0
ABIRAFN.BO,1.5
SEVENHILL.BO,0
ZNILKENG.BO,0
WINROC.BO,0
BANGANGA.BO,0
VEGA.BO,0
ZSANMCOM.BO,0
WARDHEALTH.BO,0
DECNGOLD.BO,0
TRIPR.BO,0
KAJALSY.BO,0
TERRAREAL.BO,0
CAPRICORN.BO,0
SPVGLOBAL.BO,0
JAYTEX.BO,0
ZNIVITRD.BO,0
BAJGLOB.BO,0
AVONMERC.BO,0
TASHIND.BO,0
NNTL.BO,0
ZSPEEDCO.BO,0
ZMANSOON.BO,0
CUPIDALBV.BO,0
ZSHERAPR.BO,0
MAGANTR.BO,0
SHARDUL.BO,0
BENGALS.BO,0
UNIWSEC.BO,0
WHITHAL.BO,0
ASUTENT.BO,0
APOLLOFI.BO,0
DEVITRD.BO,0
PUNCTRD.BO,0
POLYTEX.BO,0
GARNETINT.BO,0
MEENST.BO,0
VARUNME.BO,0
VINVANI.BO,0
SUPER.BO,2.5
ASTALLTD.BO,0
SAVERA.BO,3.0
ZHINUDYP.BO,0
ONIXSOLAR.BO,0
STLSTRINF.BO,0
SYNTHFO.BO,0
GFSTEELS.BO,0
COCHINM.BO,8.0
SIMPLEXCAS.BO,0
GUJCONT.BO,1.5
TNSTLTU.BO,0
MSCTC.BO,0
FFPL.BO,0
KAJARIR.BO,0
SHILGRAVQ.BO,2.1
RUDRAECO.BO,0
DEEPAKSP.BO,0.5
NEWTRAC.BO,0
SURYVANSP.BO,0
RISHYRN.BO,0
BLACKROSE.BO,1.05
KLIFESTYL.BO,0
TTLEL.BO,0
SRECR.BO,0
JATTAINDUS.BO,0
ECOHOTELS.BO,0
OXFORDIN.BO,0
HINDADH.BO,0
BPAGRI.BO,0
LSIND.BO,0
JYOTIRES.BO,9.0
MODINSU.BO,0
SEKURITIND.BO,2.0
HALDYNGL.BO,0.7
DUROPLY.BO,0
SOMAPPR.BO,0
NATPLY.BO,0
STHINPA.BO,0
RIR.BO,0.2
IDM.BO,0
INDAGIV.BO,0
APLAB.BO,0
SPELS.BO,0
PERVASIVE.BO,0
PRECISIO.BO,0
CMICABLES.BO,0
MODMA.BO,0
GUJINTRX.BO,25.0
MAGNAELQ.BO,6.0
MARSONS.BO,0
ELNET.BO,1.9
ALFATRAN.BO,0
CLENON.BO,0
SRICC.BO,0
SURAJ.BO,2.1
MODINATUR.BO,0
SHAHFOOD.BO,0
KISAAN.BO,0
SPTRSHI.BO,0
SRDAPRT.BO,0
MODAIRY.BO,0
PRIMIND.BO,0
TRANSFD.BO,0
SHINDL.BO,0.25
DATIWARE.BO,0
KMGMILK.BO,0
KSE.BO,50.0
VIRATCRA.BO,0
OMEAG.BO,0
NCCBLUE.BO,0
INTEGFD.BO,0
LAKESHORE.BO,0
SAMKRG.BO,0.5
ECSTSTL.BO,0
COARO.BO,0
SHVSUIT.BO,0
SOURCEIND.BO,0
HISARSP.BO,0
AMARJOTHI.BO,2.2
GEMSPIN.BO,0
MAXGROW.BO,0
GANGOTRI.BO,0
UNITEDTE.BO,0
SUNILTX.BO,0
BGDL.BO,0
KANDAGIRI.BO,0
BATLIBOI.BO,0.6
AUSTENG.BO,0
FLUIDOM.BO,7.5
KLBRENG-B.BO,2.0
BIRLAPREC.BO,0.05
VOITHPAPR.BO,10.0
ARTSON.BO,0
INDSILHYD.BO,0.5
ITL.BO,1.0
FRONTSP.BO,1.8
TANAA.BO,2.5
CONART.BO,0
ANSALBU.BO,1.0
ADSDIAG.BO,0
ZBINTXPP.BO,0
MORGANITE.BO,38.0
MACPLASQ.BO,0
KOVAI.BO,10.0
MICROSE.BO,0
STDSHOE.BO,0
TRITON.BO,0
ADCINDIA.BO,35.0
SHARP.BO,0
LOTUSCHO.BO,0
SWISSMLTRY.BO,0.1
INDTONER.BO,4.5
SIKA.BO,2.4
IPRINGLTD.BO,0
WATERBASE.BO,0
FLEXFO.BO,0.5
FORTISMLR.BO,42.5
JMGCORP.BO,0
SHUKJEW.BO,0
INNOVTEC.BO,0
EASTINDIA.BO,2.0
VRWODAR.BO,0
PANIDPR.BO,0
LACTOSE.BO,0
RESONANCE.BO,1.0
AIMCOPEST.BO,0
RIDDHI.BO,3.0
RAAJMEDI.BO,0
REVAMEDIA.BO,0
CORALAB.BO,1.5
BACPHAR.BO,0
KMCSHIL.BO,0
PHARMAID.BO,0
JAYSYNTH.BO,0.05
AEONXDIGI.BO,1.0
ADLINE.BO,0
ALUFLUOR.BO,3.0
BIBCL.BO,0
TITANBIO.BO,2.0
JENBURPH.BO,18.0
EVERESTO.BO,0
BDH.BO,4.5
GALXBRG.BO,0
KARANWO.BO,0
NIKHILAD.BO,0.22
MULTIBASE.BO,56.0
ANDREWYU.BO,0
NOGMIND.BO,0
SURJIND.BO,0
STDSFAC.BO,0
ASMTEC.BO,5.0
AEIM.BO,0
DOLPHMED.BO,0
SHAHISHIP.BO,0
IIRM.BO,0
LONTE.BO,0
WIMPLAST.BO,10.0
EXPOEAPL.BO,0
AJWAFUN.BO,0
TIRTPLS.BO,0
UNIVAFOODS.BO,0
ECOPLAST.BO,3.0
NICCOPAR.BO,4.0
NTCIND.BO,0
SHAWGELTIN.BO,10.0
VALIANT.BO,1.5
DRAGARWQ.BO,6.0
UNQTYMI.BO,0
DAICHI.BO,3.5
SPICEISLIN.BO,0
SHAKTIPR.BO,0
BI.BO,0
RISHILASE.BO,0
RAJGASES.BO,0
SHIKHAR.BO,0
INDOCRED.BO,0
SONALAD.BO,0
VAICC.BO,0
DHOOTIN.BO,1.5
CRIMSON.BO,0
ASHOKRE.BO,0
SPARKLEGR.BO,0
PURETROP.BO,0
ACEEDU.BO,0
SAMRATPH.BO,1.0
NILE.BO,4.0
KISAN.BO,0
VIJAYTX.BO,0
KERALAYUR.BO,0
OSCARGLO.BO,0
VKGLOBAL.BO,0
SWOJAS.BO,0
AUROLAB.BO,0
ARYAMAN.BO,0
ARIGATO.BO,0
SHRAJOI.BO,0
HINDTIN.BO,0.8
PREMCO.BO,10.0
GTTDATA.BO,0
GSLSEC.BO,0
VIKRAMTH.BO,1.0
MANRAJH.BO,0
POPEES.BO,0
PRIMAPLA.BO,2.0
JAGSONFI.BO,0
STURDY.BO,0
AAIL.BO,0.6
VIPULORG.BO,0.8
ECORECO.BO,0
LYKISLTD.BO,0
ANIRIT.BO,0
ACSTECH.BO,0
SHENTRA.BO,0
DYNAMICP.BO,0
DAIKAFFI.BO,0
CLIOINFO.BO,0
SUNSHIEL.BO,2.5
HIPOLIN.BO,0
RRSECUR.BO,0
INTETHR.BO,0
RRPDEFENSE.BO,0
RAMINFO.BO,0
JPTSEC.BO,0
VENMAX.BO,0
BHATEXT.BO,0
EBIX.BO,0
SWADHATURE.BO,0
COMPEAU.BO,1.0
VIJSOLX.BO,0
SHRIKRISH.BO,0
GOTHIPL.BO,2.0
KATIPATANG.BO,0
LADIAMO.BO,0
SYSCHEM.BO,0
MEFCOMCAP.BO,0
FILTRON.BO,0
SHILCTECH.BO,12.5
SHYAMACOMP.BO,0
SHAMROIN.BO,0
REFEXRENEW.BO,0
EQUILATERA.BO,0
PROGREXV.BO,0
KINETRU.BO,0
ADHHATA.BO,0
NATPLASTI.BO,1.5
LEADFIN.BO,0
NATFIT.BO,1.0
HIGHSTREE.BO,0
NUTECGLOB.BO,0
DHPIND.BO,4.0
WINPRO.BO,0
SRAMSET.BO,0
GGAUTO.BO,0
ANSINDUS.BO,0
ALCHCORP.BO,0
SUNGOLD.BO,0
LYONSCO.BO,0
BOSTONBIO.BO,0
OMKAR.BO,0
VIKASPROP.BO,0
DESHRAK.BO,0
MIZVEN.BO,0
AMITSEC.BO,0
VASINFRA.BO,0
MIDPOLY.BO,0
GOGIACAPGL.BO,0
UFMINDL.BO,0
PRAVEG.BO,1.0
SICL.BO,0
UVS.BO,0
MAYUR.BO,0
ADVIKLA.BO,0
PANCHSHEEL.BO,3.2
MENNPIS.BO,1.0
PRISMFN.BO,0
HIRAUTO.BO,0
PFLINFOTC.BO,0
RCCEMEN.BO,0
NAGTECH.BO,0
IECEDU.BO,0
INDUSFINL.BO,0.5
LAHOTIOV.BO,0.2
SVAINDIA.BO,0
TACENT.BO,0
REXNORD.BO,0
CCLINTER.BO,0
GOLCA.BO,0
INNOCORP.BO,0
SARTHAKIND.BO,0
BLUECHIP.BO,0
LEXORAA.BO,0
CHADPAP.BO,0
HARIGOV.BO,0
DECPO.BO,0
POOJAENT.BO,0
ESPIRE.BO,0
TRUSTEDGE.BO,0
INTERDIGI.BO,0
MONIND.BO,0
SHKALYN.BO,0
ATVOENT.BO,0
MEGFI.BO,0
RELIABVEN.BO,0
TRIUMPIN.BO,0
SMCREDT.BO,0
GTEIT.BO,0
SHIVACEM.BO,0
DANLAW.BO,0
BARONINF.BO,0
SOFTSOL.BO,0
NAGPI.BO,0
TYCHE.BO,2.5
4THGEN.BO,0
SANINFRA.BO,0.04
SHALIWIR.BO,0
HAZOOR.BO,0.2
KAMAHOLD.BO,36.5
BLIL.BO,4.3
RAJPALAYAM.BO,0.5
JPASSOCIAT.BO,0
RAJVIR.BO,0
EDUCOMP.BO,0
PAUSHAKLTD.BO,20.0
LEHAR.BO,0.5
QUINTEGRA.BO,0
PORWAL.BO,0
SICAGEN.BO,1.0
SWANDEF.BO,0
BTTL.BO,0
COROENGG.BO,0
SATCH.BO,0
WAAREEINDO.BO,0
RDBIPL.BO,0
FCONSUMER.BO,0
TRUEGREEN.BO,0
ENKEIWHEL.BO,0
BGLOBAL.BO,0
SETUINFRA.BO,0
UEL.BO,0
PYXISFIN.BO,0
LOOKS.BO,0
META.BO,0
AMTL.BO,0
CDG.BO,0
COVIDH.BO,0
BINNYMILLS.BO,0
BRAHMINFRA.BO,0
AMPVOLTS.BO,0
VKJINFRA.BO,0
TIGERLOGS.BO,0
JKAGRI.BO,0
NOVELIX.BO,0
SRGFFL.BO,0
STELLAR.BO,0
BPCAP.BO,0
CPL.BO,0
RCIIND.BO,0
RAUNAQ.BO,0
GCMCAPI.BO,0
METSL.BO,0
WORTH.BO,0
SBL.BO,0
OMANSH.BO,0
SMTEL.BO,0
RTFL.BO,0
HCLTD.BO,0
MIIL.BO,0.05
ENCASH.BO,0
DHABRIYA.BO,0.7
CEINSYSTECH.BO,3.5
JSHL.BO,0
NIYOGIN.BO,0
GILADAFINS.BO,0
JETSOLAR.BO,0
JSTL.BO,0
AMARNATH.BO,0
SHRINIWAS.BO,0
SKILVEN.BO,0
RAFL.BO,0
COSYN.BO,0
ABHIFIN.BO,0
MERCURYLAB.BO,3.5
CONCORD.BO,0
TALBROSENG.BO,2.5
KALPACOMME.BO,0
AANANDALAK.BO,0
FILTRA.BO,2.0
ALANSCOTT.BO,0
CAPFIN.BO,0
HCKKVENTURE.BO,0
RUDRA.BO,0
GGPL.BO,0
JEL.BO,0
SURYAINDIA.BO,0
STARDELTA.BO,0
AMRAFIN.BO,0
SUNRAKSHAK.BO,0
UNIAUTO.BO,0
CHPLIND.BO,0
WAAREE.BO,0
PBFL.BO,0
ACME.BO,0
KCL.BO,0
VISHALBL.BO,0
TFSL.BO,0
GEETANJ.BO,0
TFLL.BO,0
NAVIGANT.BO,0
VALLEY.BO,0
AGRIBIO.BO,0.2
ABHIJIT.BO,0
KAMATS.BO,0.3
RCL.BO,0
SHIVKAMAL.BO,0
RGCORP.BO,0
FREDUN.BO,0.7
MEAPL.BO,0
MUDRA.BO,0
SKIL.BO,0
SPICELOUNG.BO,0
DIDL.BO,0
YASHCHEM.BO,0
TAALENT.BO,60.0
ASYL.BO,0
KPL.BO,0
AMS.BO,0
MITSU.BO,0.2
GAMCO.BO,0.1
ACML.BO,0
MHEL.BO,0
GLCL.BO,0
RAIDEEPIND.BO,0
SUERYAAKNI.BO,0
RMC.BO,0
CHEMCRUX.BO,1.0
MAXIMUS.BO,0
MANAS.BO,0
OCEANIC.BO,0
YUG.BO,0
CTCL.BO,0
SAYAJIIND.BO,0
SGRL.BO,0
SBRANDS.BO,0
ANGEL.BO,0
INFLAME.BO,0
ACFL.BO,0
BENARA.BO,0
STRAEXPO.BO,0
FRATELLI.BO,0
A1L.BO,1.5
AARSHYAM.BO,0
KRANTI.BO,0
AIHL.BO,0
JYOTIN.BO,0
WORL.BO,0
BMW.BO,0.43
SEACOAST.BO,0
TRANSPACT.BO,0
MOUNT.BO,0
COLAB.BO,0.04
VALENCIA.BO,0
TRANWAY21.BO,0
VARDHANCFL.BO,0
NIRMITEE.BO,0
REGIS.BO,0
ADVAIT.BO,1.75
NETPIX.BO,0
ADJIA.BO,0
NIKSTECH.BO,0
EKI.BO,2.0
KGES.BO,0
FOCUS.BO,0.13
NBL.BO,0
PREVEST.BO,1.0
PROMAX.BO,0
CWD.BO,0
WITS.BO,0
ASCENSIVE.BO,0
FABINO.BO,0
FONE4.BO,0
SILVERPRL.BO,0
PGCRL.BO,0
BRRL.BO,0
TLL.BO,0
REETECH.BO,0
DRONACHRYA.BO,0
REXSEAL.BO,0
LOGICA.BO,0
DHARNI.BO,0
AMANAYA.BO,0
HSIL.BO,0
BONDADA.BO,0.03
QUESTFLOW.BO,0
SUNITATOOL.BO,0
VIVAA.BO,0
KKSHL.BO,0.5
KOURA.BO,0
PESB.BO,0
ROYAL.BO,0
KPGEL.BO,0.4
CHATHA.BO,0
GCONNECT.BO,0
JAYKAILASH.BO,0
GVL.BO,0
FAALCON.BO,0
SHIVAM.BO,0
EMMFORCE.BO,0
VARYAA.BO,0
AMKAY.BO,0
SAI.BO,0
STAL.BO,0.3
TGIF.BO,0
AZTEC.BO,1.0
PIOTEX.BO,0
ASSOCIATED.BO,0
ADTECH.BO,1.0
TOTEM.BO,5.0
MAGENTA.BO,0
SATTRIX.BO,0
3CIT.BO,0
PURPLEFIN.BO,0
COTFAB.BO,0
GEMENVIRO.BO,0.25
DFPL.BO,0
NPL.BO,12.5
VVIPIL.BO,0
CTLLAB.BO,0
KIZI.BO,0
AFCOM.BO,0
BROACH.BO,0
RAL.BO,0
RAPID.BO,0
TRAVELS.BO,0
NHL.BO,1.5
MCEL.BO,1.0
SSL.BO,0
SAFE.BO,0.5
PFL.BO,0
NEXXUS.BO,0
SUBAM.BO,0
KGVL.BO,0
SHIVTEXCHEM.BO,0
MANGALCOMP.BO,0.5
RAJESH.BO,1.0
NISUS.BO,0
TTC.BO,3.0
JUNGLECAMP.BO,0
HILLTONE.BO,0
YASHHV.BO,1.0
HAMPS.BO,0
NACDAC.BO,0
CITICHEM.BO,0
TECHNICHEM.BO,0
VANDU.BO,0
PARMESHWAR.BO,0.75
DAVIN.BO,0
FABCLEAN.BO,4.0
INDOBELL.BO,2.0
BRGIL.BO,0
AVAX.BO,0
RIKHAV.BO,0
LGLL.BO,0
CNINFOTECH.BO,0
RRECL.BO,0
CLN.BO,0
GBLOGISTIC.BO,0
HMEML.BO,0
MALPANI.BO,0
AMWILL.BO,0
SOLARIUM.BO,0
COVANCE.BO,0
SHANMUGA.BO,0
LKMEHTA.BO,0
SWASTH.BO,0
BEEZAASAN.BO,0
NUKLEUS.BO,0
VIKRAMAR.BO,0
SHREENATH.BO,0
NAPSGLOBAL.BO,0
PSPL.BO,0
SUPERIRON.BO,0
PPARIVAH.BO,0
DESCO.BO,0
IDENTIXWEB.BO,0
RETAGGIO.BO,0
SPINAROO.BO,0
INFONATIVE.BO,0
KENRIK.BO,0
SRIGEE.BO,0
MANOJJEWEL.BO,0
UNIFIED.BO,0
ASTONEALAB.BO,0
3BFILMS.BO,0
ATENPAPERS.BO,0
ABRFL.BO,0
AJCJEWEL.BO,0
ICON.BO,0
SEVL.BO,0
ACEALPHA.BO,0
VALINDIA.BO,0
NEETUYOSHI.BO,0
ADCOUNTY.BO,0
VANDAN.BO,0
MARCLOIRE.BO,0
CRYOGENIC.BO,0
METAINFO.BO,0
CHEMKART.BO,0
GLEN.BO,0
APL.BO,0
MONIKA.BO,1.4
SWASTIKAAL.BO,0
MSECL.BO,0
SHREEREF.BO,0
PATELCHEM.BO,0
REPONO.BO,0
UML.BO,0
NSDL.BO,2.0
BDI.BO,0
TAKYON.BO,0
MEHUL.BO,0
BLT.BO,0
ESSEX.BO,0
STARIMAGIN.BO,0
ICODEX.BO,0
LGT.BO,0
GLOBTIER.BO,0
NISMGMT.BO,0
OVAL.BO,0
ABRIL.BO,0
SUGSLLOYD.BO,0
RACHIT.BO,0
AIRTELPP.BO,0
SOLARAPP1.BO,0
SNLFPP.BO,0
FUSIONPP.BO,0
LLOYDSENPP.BO,0.13
APLABPP.BO,0
SEPCPP.BO,0
INFIBPP.BO,0
PATANGPP.BO,0
SSFLPP.BO,0
JMJFINPP.BO,0
20MICRONS.NS,1.25
360ONE.NS,12.0
3IINFOLTD.NS,0
3MINDIA.NS,160.0
5PAISA.NS,0
AAATECH.NS,1.5
AADHARHFC.NS,0
AAREYDRUGS.NS,0
AARON.NS,0.6
AARTIDRUGS.NS,1.0
AARTIIND.NS,1.0
AARTIPHARM.NS,5.0
AARTISURF.NS,1.0
AARVI.NS,2.0
AAVAS.NS,0
ABAN.NS,0
ABB.NS,43.27
ABBOTINDIA.NS,475.0
ABCAPITAL.NS,0
ABDL.NS,3.6
ABFRL.NS,0
ABINFRA.NS,0.05
ABLBL.NS,0
ABREL.NS,2.0
ABSLAMC.NS,24.0
ACC.NS,7.5
ACCELYA.NS,80.0
ACE.NS,2.0
ACI.NS,3.0
ACL.NS,0
ACLGATI.NS,0
ACMESOLAR.NS,0.4
ACUTAAS.NS,1.5
ADANIENSOL.NS,0
ADANIENT.NS,1.3
ADANIGREEN.NS,0
ADANIPORTS.NS,7.0
ADANIPOWER.NS,0
ADFFOODS.NS,1.2
ADL.NS,0
ADOR.NS,20.0
ADSL.NS,3.0
ADVANIHOTR.NS,1.9
ADVENZYMES.NS,5.2
AEGISLOG.NS,8.0
AEGISVOPAK.NS,0
AEROENTER.NS,0.3
AEROFLEX.NS,0.3
AERONEU.NS,0
AETHER.NS,0
AFCONS.NS,2.5
AFFLE.NS,0
AFFORDABLE.NS,0
AFSL.NS,0
AGARIND.NS,3.3
AGARWALEYE.NS,0
AGI.NS,7.0
AGIIL.NS,0.5
AGROPHOS.NS,0
AHCL.NS,0
AHLADA.NS,1.6
AHLEAST.NS,1.0
AHLUCONT.NS,0.6
AIAENG.NS,16.0
AIIL.NS,1.0
AIROLAM.NS,0
AJANTPHARM.NS,54.0
AJAXENGG.NS,0
AJMERA.NS,4.5
AKSHARCHEM.NS,0.75
AKUMS.NS,0
AKZOINDIA.NS,100.0
ALBERTDAVD.NS,5.0
ALEMBICLTD.NS,2.4
ALICON.NS,5.5
ALIVUS.NS,5.0
ALKALI.NS,0.5
ALKEM.NS,16.0
ALKYLAMINE.NS,10.0
ALLCARGO.NS,2.1
ALLDIGI.NS,60.0
ALLTIME.NS,0
ALOKINDS.NS,0
ALPA.NS,0
ALPHAGEO.NS,8.0
AMANTA.NS,0
AMBER.NS,0
AMBICAAGAR.NS,0
AMBIKCO.NS,37.0
AMBUJACEM.NS,2.0
AMDIND.NS,0
AMJLAND.NS,0.2
AMNPLST.NS,0.5
AMRUTANJAN.NS,4.6
ANANDRATHI.NS,14.0
ANANTRAJ.NS,0.73
ANDHRAPAP.NS,1.0
ANDHRSUGAR.NS,0.8
ANGELONE.NS,104.0
ANIKINDS.NS,0
ANMOL.NS,0
ANTHEM.NS,0
ANUHPHR.NS,1.5
ANUP.NS,17.0
ANURAS.NS,1.5
APARINDS.NS,51.0
APCL.NS,0
APCOTEXIND.NS,6.5
APEX.NS,2.0
APLAPOLLO.NS,5.75
APLLTD.NS,11.0
APOLLO.NS,0.25
APOLLOHOSP.NS,20.0
APOLLOPIPE.NS,0.7
APOLLOTYRE.NS,5.0
APOLSINHOT.NS,4.5
APTECHT.NS,4.5
APTUS.NS,5.0
ARCHIDPLY.NS,0
ARE&M.NS,10.4
ARFIN.NS,0
ARIES.NS,1.2
ARIHANTSUP.NS,1.5
ARISINFRA.NS,0
ARKADE.NS,2.0
ARMANFIN.NS,0
AROGRANITE.NS,0
ARROWGREEN.NS,4.0
ARTEMISMED.NS,0
ARTNIRMAN.NS,0
ARVEE.NS,0
ARVIND.NS,3.75
ARVINDFASN.NS,1.6
ARVSMART.NS,6.0
ASAHIINDIA.NS,2.0
ASAHISONG.NS,1.5
ASAL.NS,0
ASALCBR.NS,2.0
ASHAPURMIN.NS,1.0
ASHIANA.NS,2.5
ASHOKA.NS,0
ASHOKLEY.NS,3.13
ASIANENE.NS,1.0
ASIANHOTNR.NS,0
ASIANPAINT.NS,24.8
ASIANTILES.NS,0
ASKAUTOLTD.NS,1.5
ASTEC.NS,0
ASTERDM.NS,5.0
ASTRAL.NS,3.75
ASTRAMICRO.NS,2.2
ASTRAZEN.NS,32.0
ATAM.NS,0.85
ATGL.NS,0.25
ATHERENERG.NS,0
ATL.NS,0
ATLASCYCLE.NS,0
ATUL.NS,25.0
ATULAUTO.NS,0
AUBANK.NS,1.0
AURIONPRO.NS,2.0
AUROPHARMA.NS,4.0
AURUM.NS,0
AUTOAXLES.NS,30.5
AUTOIND.NS,0
AVADHSUGAR.NS,10.0
AVALON.NS,0
AVANTEL.NS,0.2
AVANTIFEED.NS,9.0
AVG.NS,1.2
AVL.NS,1.1
AVONMORE.NS,0
AVROIND.NS,0
AVTNPL.NS,0.7
AWFIS.NS,0
AWHCL.NS,0
AWL.NS,0
AXISBANK.NS,1.0
AXISCADES.NS,0
AZAD.NS,0
BAJAJ-AUTO.NS,210.0
BAJAJCON.NS,0
BAJAJELEC.NS,3.0
BAJAJFINSV.NS,1.0
BAJAJHCARE.NS,1.0
BAJAJHFL.NS,0
BAJAJHIND.NS,0
BAJAJHLDNG.NS,93.0
BAJAJINDEF.NS,2.0
BAJEL.NS,0
BAJFINANCE.NS,4.4
BALAJEE.NS,0
BALAJITELE.NS,0
BALAMINES.NS,11.0
BALAXI.NS,0
BALKRISHNA.NS,0
BALKRISIND.NS,16.0
BALMLAWRIE.NS,8.5
BALPHARMA.NS,1.2
BALRAMCHIN.NS,6.0
BANARBEADS.NS,4.25
BANCOINDIA.NS,22.0
BANDHANBNK.NS,1.5
BANG.NS,0
BANKA.NS,0
BANKBARODA.NS,8.35
BANKINDIA.NS,4.05
BANSALWIRE.NS,0
BANSWRAS.NS,1.0
BARBEQUE.NS,0
BASF.NS,20.0
BATAINDIA.NS,19.0
BAYERCROP.NS,125.0
BBL.NS,35.0
BBOX.NS,1.0
BBTC.NS,18.2
BBTCL.NS,1.0
BCLIND.NS,0.26
BCONCEPTS.NS,0
BDL.NS,4.65
BEARDSELL.NS,0.1
BECTORFOOD.NS,6.0
BEDMUTHA.NS,0
BEL.NS,2.4
BELLACASA.NS,2.0
BELRISE.NS,0.55
BEML.NS,21.2
BEPL.NS,4.0
BERGEPAINT.NS,3.8
BFUTILITIE.NS,0
BHAGCHEM.NS,0.15
BHAGERIA.NS,1.5
BHAGYANGR.NS,0
BHARATFORG.NS,8.5
BHARATGEAR.NS,0
BHARATRAS.NS,1.5
NIFTY_FIN_SERVICE.NS,0
BHARATWIRE.NS,0
BHARTIARTL.NS,16.0
BHARTIHEXA.NS,10.0
BHEL.NS,0.5
BIGBLOC.NS,0.6
BIKAJI.NS,1.0
BIOCON.NS,0.5
BIOFILCHEM.NS,0
BIRLACABLE.NS,1.75
BIRLACORPN.NS,10.0
BIRLAMONEY.NS,0
BIRLANU.NS,30.0
BLACKBUCK.NS,0
BLAL.NS,0
BLISSGVS.NS,0.5
BLS.NS,1.0
BLSE.NS,1.0
BLUEDART.NS,25.0
BLUEJET.NS,1.2
BLUESTARCO.NS,9.0
BLUESTONE.NS,0
BLUSPRING.NS,0
BODALCHEM.NS,0
BOMDYEING.NS,1.2
BORANA.NS,0
BOROLTD.NS,0
BORORENEW.NS,0
BOROSCI.NS,0
BOSCHLTD.NS,512.0
BPCL.NS,10.0
BPL.NS,0
BRIGADE.NS,2.5
BRIGHOTEL.NS,0
BRITANNIA.NS,75.0
BRNL.NS,0
BSE.NS,6.0
BSHSL.NS,0
BSL.NS,0.8
BSOFT.NS,6.5
BUTTERFLY.NS,0
BYKE.NS,0
CAMLINFINE.NS,0
CAMPUS.NS,0.6
CAMS.NS,44.0
CANBK.NS,4.0
CANFINHOME.NS,12.0
CANTABIL.NS,1.0
CAPACITE.NS,0
CAPITALSFB.NS,4.0
CAPLIPOINT.NS,3.0
CARBORUNIV.NS,4.0
CARERATING.NS,18.0
CARRARO.NS,4.55
CARTRADE.NS,0
CARYSIL.NS,2.4
CASTROLIND.NS,8.5
CCCL.NS,0
CCL.NS,5.0
CDSL.NS,12.5
CEATLTD.NS,30.0
CEIGALL.NS,0.5
CELLO.NS,1.5
CENTENKA.NS,10.0
CENTRALBK.NS,0.39
CENTRUM.NS,0
CENTURYPLY.NS,2.0
CERA.NS,65.0
CESC.NS,4.5
CEWATER.NS,0
CGCL.NS,0.2
CGPOWER.NS,1.3
CHALET.NS,0
CHAMBLFERT.NS,10.0
CHEMBOND.NS,1.75
CHEMBONDCH.NS,0.75
CHEMCON.NS,0
CHEMFAB.NS,1.25
CHEMPLASTS.NS,0
CHENNPETRO.NS,5.0
CHEVIOT.NS,5.0
CHOICEIN.NS,0
CHOLAFIN.NS,2.0
CHOLAHLDNG.NS,1.3
CIEINDIA.NS,7.0
CIFL.NS,0.02
CIGNITITEC.NS,0
CINELINE.NS,0
CIPLA.NS,13.0
CLEAN.NS,6.0
CLSEL.NS,2.5
CMSINFO.NS,6.5
COALINDIA.NS,32.0
COASTCORP.NS,0.22
COCHINSHIP.NS,12.0
COFFEEDAY.NS,0
COFORGE.NS,16.0
COHANCE.NS,0
COLPAL.NS,54.0
COMSYN.NS,0.4
CONCOR.NS,6.4
CONCORDBIO.NS,10.7
CONFIPET.NS,0.1
CONTROLPR.NS,10.0
CORDSCABLE.NS,1.0
COROMANDEL.NS,18.0
COSMOFIRST.NS,4.0
CPCAP.NS,5.0
CPEDU.NS,0
CPPLUS.NS,0
CRAFTSMAN.NS,5.0
CREATIVE.NS,0.5
CREDITACC.NS,10.0
CREST.NS,1.0
CRISIL.NS,36.0
CRIZAC.NS,0
CROMPTON.NS,3.0
CROWN.NS,0
CSBBANK.NS,0
CSLFINANCE.NS,3.0
CTE.NS,0
CUB.NS,2.0
CUBEXTUB.NS,0
CUMMINSIND.NS,51.5
CUPID.NS,0
CURAA.NS,0
CYBERTECH.NS,4.0
CYIENT.NS,26.0
CYIENTDLM.NS,0
DABUR.NS,10.5
DALBHARAT.NS,10.0
DALMIASUG.NS,6.0
DAMCAPITAL.NS,1.0
DATAMATICS.NS,5.0
DATAPATTNS.NS,7.9
DBCORP.NS,17.0
DBEIL.NS,1.0
DBL.NS,1.0
DBREALTY.NS,0
DCAL.NS,0
DCBBANK.NS,1.35
DCM.NS,0
DCMNVL.NS,0
DCMSHRIRAM.NS,9.0
DCMSRIND.NS,4.0
DCW.NS,0.1
DCXINDIA.NS,0
DDEVPLSTIK.NS,1.75
DECCANCE.NS,0.6
DEEDEV.NS,0
DEEPAKFERT.NS,10.0
DEEPAKNTR.NS,7.5
DEEPINDS.NS,3.05
DELHIVERY.NS,0
DELTACORP.NS,1.25
DELTAMAGNT.NS,0
DEN.NS,0
DENORA.NS,2.0
DENTA.NS,2.5
DEVIT.NS,0.2
DEVYANI.NS,0
DHAMPURSUG.NS,0
DHANBANK.NS,0
DHANI.NS,0
DHANUKA.NS,2.0
DHARAN.NS,0
DHARMAJ.NS,0
DHRUV.NS,0.4
DIACABS.NS,0
DIAMINESQ.NS,1.0
DIAMONDYD.NS,0.5
DIFFNKG.NS,1.5
DIGIDRIVE.NS,0
DIGISPICE.NS,0
DIGITIDE.NS,0
DIVGIITTS.NS,2.6
DIVISLAB.NS,30.0
DIXON.NS,8.0
DLF.NS,6.0
DLINKINDIA.NS,15.0
DMART.NS,0
DMCC.NS,2.5
DODLA.NS,4.0
DOLLAR.NS,3.0
DOLPHIN.NS,0
DOMS.NS,3.15
DONEAR.NS,0.2
DPABHUSHAN.NS,0
DPWIRES.NS,0
DREAMFOLKS.NS,3.0
DREDGECORP.NS,0
DRREDDY.NS,8.0
DSSL.NS,0.5
DWARKESH.NS,0.5
DYCL.NS,0.25
DYNAMATECH.NS,4.0
DYNPRO.NS,0
E2E.NS,0
EBGNG.NS,0
ECLERX.NS,1.0
ECOSMOBLTY.NS,2.4
EDELWEISS.NS,1.5
EICHERMOT.NS,70.0
EIDPARRY.NS,0
EIEL.NS,0
EIFFL.NS,0
EIHAHOTELS.NS,3.5
EIHOTEL.NS,1.5
EKC.NS,0.7
ELDEHSG.NS,9.0
ELECON.NS,2.0
ELECTCAST.NS,1.4
ELECTHERM.NS,0
ELGIEQUIP.NS,2.2
ELGIRUBCO.NS,0
ELIN.NS,0
ELLEN.NS,0
EMAMILTD.NS,10.0
EMAMIPAP.NS,1.6
EMAMIREAL.NS,0
EMBDL.NS,0
EMCURE.NS,3.0
EMIL.NS,0
EMMBI.NS,0.3
EMUDHRA.NS,1.25
ENDURANCE.NS,10.0
ENERGYDEV.NS,0
ENGINERSIN.NS,4.0
ENIL.NS,2.0
ENRIN.NS,0
ENTERO.NS,0
EPACK.NS,0
EPIGRAL.NS,11.0
EPL.NS,5.0
EQUIPPP.NS,0
EQUITASBNK.NS,1.0
ERIS.NS,14.7
ESABINDIA.NS,90.0
ESAFSFB.NS,0.7
ESCORTS.NS,46.0
ESSARSHPNG.NS,0
ESTER.NS,0.6
ETERNAL.NS,0
ETHOSLTD.NS,0
EUREKAFORB.NS,0
EUROBOND.NS,0
EVEREADY.NS,1.5
EVERESTIND.NS,2.5
EXCELINDUS.NS,13.75
EXICOM.NS,0
EXIDEIND.NS,2.0
EXPLEOSOL.NS,50.0
FACT.NS,0.39
FAIRCHEMOR.NS,7.5
FAZE3Q.NS,0
FCL.NS,0.8
FDC.NS,10.0
FEDERALBNK.NS,1.2
FEDFINA.NS,0
FIBERWEB.NS,0
FIEMIND.NS,30.0
FILATEX.NS,0.25
FINCABLES.NS,8.0
FINEORG.NS,11.0
FINOPB.NS,0
FINPIPE.NS,2.0
FIRSTCRY.NS,0
FIVESTAR.NS,2.0
FLAIR.NS,1.0
FLUOROCHEM.NS,3.0
FMGOETZE.NS,0
FOCUS.NS,0.5
FOODSIN.NS,0.3
FORCEMOT.NS,40.0
FORTIS.NS,1.0
FOSECOIND.NS,25.0
FSL.NS,4.0
FUSION.NS,0
GABRIEL.NS,4.7
GAEL.NS,0.25
GAIL.NS,7.5
GALAPREC.NS,0
GALAXYSURF.NS,22.0
GALLANTT.NS,1.25
GANDHAR.NS,0.5
GANDHITUBE.NS,15.0
GANECOS.NS,4.5
GANESHBE.NS,0
GANESHHOUC.NS,5.0
GANGESSECU.NS,0
GARFIBRES.NS,1.5
GARUDA.NS,0.05
GATEWAY.NS,2.0
GEECEE.NS,2.0
GEEKAYWIRE.NS,0.65
GEMAROMA.NS,0
GENESYS.NS,0
GENSOL.NS,0
GENUSPOWER.NS,2.45
GESHIP.NS,27.9
GHCL.NS,12.0
GICHSGFIN.NS,4.5
GICRE.NS,10.0
GILLETTE.NS,112.0
GINNIFILA.NS,0
GIPCL.NS,4.09
GLAND.NS,18.0
GLAXO.NS,42.0
GLENMARK.NS,2.5
GLOBALVECT.NS,0
GLOBECIVIL.NS,0
GLOBUSSPR.NS,2.76
GMBREW.NS,7.5
GMDCLTD.NS,10.1
GMMPFAUDLR.NS,2.0
GMRAIRPORT.NS,0
GMRP&UI.NS,0
GNA.NS,3.0
GNFC.NS,18.0
GOACARBON.NS,20.0
GOCLCORP.NS,10.0
GOCOLORS.NS,0
GODAVARIB.NS,0
GODFRYPHLP.NS,151.0
GODIGIT.NS,0
GODREJAGRO.NS,11.0
GODREJCP.NS,20.0
GODREJIND.NS,0
GODREJPROP.NS,0
GOKEX.NS,0
GOKUL.NS,0
GOKULAGRO.NS,0
GOLDIAM.NS,2.0
GOLDTECH.NS,0
GOODLUCK.NS,4.0
GOPAL.NS,1.25
GPIL.NS,1.0
GPPL.NS,8.4
GPTHEALTH.NS,2.5
GRANULES.NS,1.5
GRAPHITE.NS,11.0
GRASIM.NS,10.0
GRAVITA.NS,11.55
GREAVESCOT.NS,2.0
GREENLAM.NS,0.4
GREENPANEL.NS,0.3
GREENPLY.NS,0.5
GRINDWELL.NS,17.0
GRINFRA.NS,25.0
GRMOVER.NS,0
GROBTEA.NS,3.0
GRPLTD.NS,14.5
GRSE.NS,9.8
GRWRHITECH.NS,12.0
GSFC.NS,5.0
GSPL.NS,5.0
GSS.NS,0
GTPL.NS,2.0
GUFICBIO.NS,0.1
GUJALKALI.NS,15.8
GUJAPOLLO.NS,2.0
GUJGASLTD.NS,5.82
GUJTHEM.NS,0.67
GULFOILLUB.NS,48.0
GULFPETRO.NS,0
GULPOLY.NS,0.3
GVPIL.NS,0
GVT&D.NS,5.0
HAL.NS,30.0
HAPPSTMNDS.NS,7.0
HAPPYFORGE.NS,3.0
HARIOMPIPE.NS,0.61
HARSHA.NS,1.0
HATSUN.NS,12.0
HAVELLS.NS,10.0
HBLENGINE.NS,1.0
HCC.NS,0
HCG.NS,0
HCLTECH.NS,54.0
HDBFS.NS,0
HDFCAMC.NS,90.0
HDFCBANK.NS,11.0
HDFCLIFE.NS,2.1
HEG.NS,1.8
HEIDELBERG.NS,7.0
HEMIPROP.NS,0
HERANBA.NS,1.0
HERCULES.NS,4.0
HERITGFOOD.NS,2.5
HEROMOTOCO.NS,130.0
HESTERBIO.NS,7.0
HEUBACHIND.NS,0
HEXT.NS,11.5
HFCL.NS,0.1
HGINFRA.NS,2.0
HGM.NS,0
HGS.NS,7.0
HIKAL.NS,1.6
HILINFRA.NS,0
HILTON.NS,0
HIMATSEIDE.NS,0.25
HINDALCO.NS,5.0
HINDCOMPOS.NS,2.0
HINDCON.NS,0.2
HINDCOPPER.NS,1.46
HINDOILEXP.NS,0
HINDPETRO.NS,10.5
HINDUNILVR.NS,48.0
HINDWAREAP.NS,0.38
HINDZINC.NS,29.0
HIRECT.NS,2.0
HITECH.NS,0.03
HITECHCORP.NS,1.0
HITECHGEAR.NS,5.0
HLEGLAS.NS,1.1
HMAAGRO.NS,0.3
HMVL.NS,0
HNDFDS.NS,0
HOMEFIRST.NS,3.7
HONASA.NS,0
HONAUT.NS,105.0
HONDAPOWER.NS,131.5
HPAL.NS,0.4
HPIL.NS,0.5
HPL.NS,1.0
HSCL.NS,0.6
HTMEDIA.NS,0
HUBTOWN.NS,0
HUDCO.NS,7.95
HUHTAMAKI.NS,2.0
HYUNDAI.NS,21.0
ICEMAKE.NS,2.25
ICICIBANK.NS,11.0
ICICIGI.NS,12.5
ICICIPRULI.NS,0.85
ICIL.NS,2.0
ICRA.NS,60.0
IDBI.NS,2.1
IDEAFORGE.NS,0
IDFCFIRSTB.NS,0.25
IEX.NS,3.0
IFBAGRO.NS,0
IFBIND.NS,0
IFCI.NS,0
IFGLEXPOR.NS,7.0
IGARASHI.NS,2.5
IGCL.NS,0
IGIL.NS,5.0
IGL.NS,3.0
IGPL.NS,10.0
IIFL.NS,0
IIFLCAPS.NS,3.0
IKIO.NS,1.0
IKS.NS,0
IL&FSENGG.NS,0
IMAGICAA.NS,0
IMFA.NS,20.0
IMPAL.NS,30.0
INDGN.NS,2.0
INDHOTEL.NS,2.25
INDIACEM.NS,0
INDIAGLYCO.NS,5.0
INDIAMART.NS,30.0
INDIANB.NS,16.25
INDIANCARD.NS,0
INDIANHUME.NS,1.8
INDIASHLTR.NS,5.0
INDIGO.NS,10.0
INDIGOPNTS.NS,3.5
INDIQUBE.NS,0
INDNIPPON.NS,12.5
INDOAMIN.NS,0.5
INDOBORAX.NS,1.0
INDOCO.NS,0.2
INDOFARM.NS,0
INDORAMA.NS,0
INDOTECH.NS,0
INDOWIND.NS,0
INDRAMEDCO.NS,4.5
INDSWFTLAB.NS,0
INDTERRAIN.NS,0
INDUSINDBK.NS,16.5
INDUSTOWER.NS,0
INFIBEAM.NS,0.04
INFOBEAN.NS,1.0
INFY.NS,63.0
INGERRAND.NS,50.0
INNOVACAP.NS,0
INNOVANA.NS,0
INOXGREEN.NS,0
INOXINDIA.NS,2.0
INOXWIND.NS,0
INSECTICID.NS,5.0
INSPIRISYS.NS,0
INTELLECT.NS,4.0
INTENTECH.NS,1.0
INTERARCH.NS,12.5
INTLCONV.NS,0.75
IOB.NS,0
IOC.NS,3.0
IOLCP.NS,0.8
IONEXCHANG.NS,1.5
IPCALAB.NS,4.0
IPL.NS,0.75
IRB.NS,0.28
IRCON.NS,2.65
IRCTC.NS,12.0
IREDA.NS,0
IRFC.NS,2.3
IRIS.NS,0
IRISDOREME.NS,0
IRMENERGY.NS,1.5
ISFT.NS,0
ISGEC.NS,5.0
ISHANCH.NS,0
ITC.NS,15.7
ITCHOTELS.NS,0
ITDC.NS,2.9
ITDCEM.NS,2.0
ITI.NS,0
IVP.NS,1.0
IXIGO.NS,0
IZMO.NS,0
J&KBANK.NS,2.15
JAGSNPHARM.NS,2.5
JAIBALAJI.NS,0
JAICORPLTD.NS,0.5
JAMNAAUTO.NS,2.2
JASH.NS,3.44
JAYAGROGN.NS,2.5
JAYBARMARU.NS,0.7
JAYNECOIND.NS,0
JBCHEPHARM.NS,15.5
JBMA.NS,0.85
JCHAC.NS,51.0
JGCHEM.NS,1.0
JINDALPOLY.NS,5.5
JINDALSAW.NS,2.0
JINDALSTEL.NS,2.0
JINDRILL.NS,1.0
JINDWORLD.NS,0.04
JIOFIN.NS,0.5
JKCEMENT.NS,15.0
JKIL.NS,4.0
JKLAKSHMI.NS,6.5
JKPAPER.NS,5.0
JKTYRE.NS,3.0
JLHL.NS,1.0
JMFINANCIL.NS,2.7
JNKINDIA.NS,0.3
JOCIL.NS,0.5
JSFB.NS,0
JSL.NS,3.0
JSLL.NS,1.1
JSWCEMENT.NS,0
JSWENERGY.NS,2.0
JSWHL.NS,0
JSWINFRA.NS,0.8
JSWSTEEL.NS,2.8
JTEKTINDIA.NS,0.7
JTLIND.NS,0.13
JUBLCPL.NS,0
JUBLFOOD.NS,1.2
JUBLINGREA.NS,5.0
JUBLPHARMA.NS,5.0
JUNIPER.NS,0
JUSTDIAL.NS,0
JWL.NS,2.0
JYOTHYLAB.NS,3.5
JYOTICNC.NS,0
JYOTISTRUC.NS,0
KABRAEXTRU.NS,2.5
KAJARIACER.NS,8.0
KAKATCEM.NS,3.0
KALAMANDIR.NS,1.0
KALPATARU.NS,0
KALYANIFRG.NS,4.0
KALYANKJIL.NS,1.5
KAMATHOTEL.NS,0
KAMDHENU.NS,0.25
KANORICHEM.NS,0
KANPRPLA.NS,0.9
KANSAINER.NS,2.5
KARMAENG.NS,0
KARURVYSYA.NS,2.17
KAVDEFENCE.NS,0
KAYA.NS,0
KAYNES.NS,0
KCP.NS,0.25
KCPSUGIND.NS,0.1
KDDL.NS,5.0
KEC.NS,5.5
KECL.NS,0
KEI.NS,4.0
KELLTONTEC.NS,0
KERNEX.NS,0
KFINTECH.NS,7.5
KHADIM.NS,0
KHAICHEM.NS,0
KHAITANLTD.NS,0
KILITCH.NS,0
KIMS.NS,0
KINGFA.NS,10.0
KIOCL.NS,0
KIRIINDUS.NS,0
KIRLOSBROS.NS,7.0
KIRLOSENG.NS,6.5
KIRLOSIND.NS,13.0
KIRLPNU.NS,10.0
KITEX.NS,0.5
KMSUGAR.NS,0
KNRCON.NS,0.25
KOHINOOR.NS,0
KOLTEPATIL.NS,4.0
KOPRAN.NS,3.0
KOTAKBANK.NS,2.5
KOTARISUG.NS,0
KOTHARIPET.NS,2.0
KOTHARIPRO.NS,0
KPEL.NS,0.4
KPIGREEN.NS,0.8
KPIL.NS,9.0
KPITTECH.NS,8.5
KPRMILL.NS,5.0
KRBL.NS,3.5
KREBSBIO.NS,0
KRISHANA.NS,0.5
KRISHIVAL.NS,0.24
KRITI.NS,0.2
KRITINUT.NS,0.3
KRN.NS,0
KRONOX.NS,0.5
KROSS.NS,0
KRSNAA.NS,2.75
KRYSTAL.NS,1.5
KSB.NS,4.0
KSCL.NS,5.0
KSL.NS,10.0
KSOLVES.NS,16.5
KTKBANK.NS,5.0
KUANTUM.NS,3.0
LALPATHLAB.NS,24.0
LANDMARK.NS,0.5
LAOPALA.NS,7.5
LATENTVIEW.NS,0
LAURUSLABS.NS,1.6
LAXMIDENTL.NS,0
LAXMIINDIA.NS,0
LEMONTREE.NS,0
LEXUS.NS,0
LGBBROSLTD.NS,20.0
LGHL.NS,0
LIBERTSHOE.NS,0
LICHSGFIN.NS,10.0
LICI.NS,12.0
LIKHITHA.NS,1.5
LINC.NS,1.5
LINCOLN.NS,1.8
LINDEINDIA.NS,4.5
LLOYDSENGG.NS,0.25
LLOYDSME.NS,1.0
LMW.NS,30.0
LODHA.NS,4.25
LOKESHMACH.NS,0
LORDSCHLO.NS,0
LOTUSDEV.NS,0
LOTUSEYE.NS,0
LOVABLE.NS,0
LT.NS,34.0
LTF.NS,2.75
LTFOODS.NS,3.0
LTIM.NS,65.0
LTTS.NS,55.0
LUMAXIND.NS,35.0
LUMAXTECH.NS,5.5
LUPIN.NS,12.0
LUXIND.NS,2.0
LXCHEM.NS,0.5
LYKALABS.NS,0
M&M.NS,25.3
M&MFIN.NS,6.5
MAANALU.NS,0
MACPOWER.NS,1.5
MADRASFERT.NS,0
MAGADSUGAR.NS,12.5
MAGNUM.NS,0
MAHABANK.NS,1.5
MAHASTEEL.NS,0
MAHESHWARI.NS,0
MAHLIFE.NS,2.8
MAHLOG.NS,2.28
MAHSCOOTER.NS,140.0
MAHSEAMLES.NS,10.0
MAITHANALL.NS,22.0
MALLCOM.NS,3.0
MAMATA.NS,0.5
MANAKALUCO.NS,0.07
MANAKCOAT.NS,0.05
MANAKSIA.NS,0
MANAKSTEEL.NS,0
MANALIPETC.NS,0.5
MANAPPURAM.NS,2.0
MANBA.NS,0.75
MANCREDIT.NS,0.75
MANGALAM.NS,0
MANGCHEFER.NS,1.5
MANGLMCEM.NS,1.5
MANINDS.NS,0
MANINFRA.NS,0.9
MANKIND.NS,2.0
MANORAMA.NS,0.6
MANORG.NS,0
MANYAVAR.NS,8.0
MAPMYINDIA.NS,3.5
MARATHON.NS,1.0
MARICO.NS,10.5
MARINE.NS,0.3
MARKSANS.NS,0.8
MARUTI.NS,135.0
MASFIN.NS,1.7
MASTEK.NS,23.0
MASTERTR.NS,0
MATRIMONY.NS,5.0
MAWANASUG.NS,8.0
MAXESTATES.NS,0
MAXHEALTH.NS,1.5
MAXIND.NS,0
MAYURUNIQ.NS,5.0
MAZDA.NS,3.6
MAZDOCK.NS,17.31
MBAPL.NS,0.5
MBEL.NS,0
MCL.NS,0
MCLEODRUSS.NS,0
MCX.NS,30.0
MEDANTA.NS,0.5
MEDIASSIST.NS,4.0
MEDICAMEQ.NS,1.0
MEDICO.NS,0
MEDPLUS.NS,0
MEGASOFT.NS,0
MEGASTAR.NS,0
MEIL.NS,0
MENONBE.NS,2.0
METROBRAND.NS,5.0
METROPOLIS.NS,0
MFML.NS,0
MFSL.NS,0
MGL.NS,30.0
MHRIL.NS,0
MICEL.NS,0
MIDHANI.NS,1.5
MINDACORP.NS,1.4
MINDTECK.NS,1.0
MIRZAINT.NS,0
MMFL.NS,4.0
MMP.NS,2.0
MMTC.NS,0
MOBIKWIK.NS,0
MODISONLTD.NS,3.5
MOIL.NS,6.57
MOL.NS,0
MOLDTECH.NS,1.0
MOLDTKPAC.NS,4.0
MONARCH.NS,1.0
MONTECARLO.NS,20.0
MOREPENLAB.NS,0.2
MOSCHIP.NS,0
MOTHERSON.NS,1.1
MOTILALOFS.NS,8.5
MOTISONS.NS,0
MOTOGENFIN.NS,0
MPHASIS.NS,57.0
MPSLTD.NS,83.0
MRF.NS,429.0
MRPL.NS,3.0
MSPL.NS,0
MSTCLTD.NS,45.5
MSUMI.NS,1.1
MTARTECH.NS,0
MUFTI.NS,3.0
MUKANDLTD.NS,2.0
MUKKA.NS,0
MUNJALAU.NS,1.0
MUNJALSHOW.NS,4.5
MURUDCERA.NS,0.5
MUTHOOTCAP.NS,0
MUTHOOTFIN.NS,26.0
MUTHOOTMF.NS,0
MVGJL.NS,0
NACLIND.NS,0
NAHARPOLY.NS,1.0
NAM-INDIA.NS,20.0
NATCAPSUQ.NS,0
NATCOPHARM.NS,8.0
NATHBIOGEN.NS,2.0
NATIONALUM.NS,12.5
NAUKRI.NS,7.2
NAVA.NS,8.0
NAVINFLUOR.NS,14.0
NAVKARCORP.NS,0
NAVNETEDUL.NS,3.0
NAZARA.NS,0
NBCC.NS,1.3
NCC.NS,2.2
NCLIND.NS,3.0
NDRAUTO.NS,2.75
NDTV.NS,0
NELCAST.NS,0.5
NELCO.NS,1.0
NEOGEN.NS,1.0
NESCO.NS,6.5
NESTLEIND.NS,20.0
NETWEB.NS,2.5
NETWORK18.NS,0
NEULANDLAB.NS,12.0
NEWGEN.NS,5.0
NFL.NS,1.56
NGLFINE.NS,1.75
NH.NS,4.5
NHPC.NS,1.91
NIACL.NS,1.8
NIBE.NS,1.25
NIBL.NS,0
NIITLTD.NS,1.0
NIITMTS.NS,3.0
NILKAMAL.NS,20.0
NINSYS.NS,0
NIPPOBATRY.NS,5.0
NITCO.NS,0
NITINSPIN.NS,3.0
NITIRAJ.NS,1.5
NIVABUPA.NS,0
NLCINDIA.NS,3.0
NMDC.NS,3.3
NOCIL.NS,2.0
NORTHARC.NS,0
NPST.NS,2.0
NRAIL.NS,2.0
NRBBEARING.NS,8.6
NRL.NS,0
NSLNISP.NS,0
NTPC.NS,11.6
NTPCGREEN.NS,0
NUCLEUS.NS,12.5
NURECA.NS,0
NUVAMA.NS,138.0
NUVOCO.NS,0
NYKAA.NS,0
OAL.NS,0.5
OBEROIRLTY.NS,10.0
OCCLLTD.NS,1.5
ODIGMA.NS,0
OFSS.NS,265.0
OIL.NS,14.0
OLAELEC.NS,0
OLECTRA.NS,0.4
OMAXAUTO.NS,2.5
OMAXE.NS,0
OMINFRAL.NS,0.4
ONEPOINT.NS,0
ONESOURCE.NS,0
ONGC.NS,14.75
ONMOBILE.NS,0
ONWARDTEC.NS,5.0
OPTIEMUS.NS,0
ORCHPHARMA.NS,0
ORICONENT.NS,0.5
ORIENTBELL.NS,0.5
ORIENTCEM.NS,0.5
ORIENTCER.NS,0.25
ORIENTELEC.NS,1.5
ORIENTHOT.NS,0.5
ORIENTLTD.NS,0
ORIENTPPR.NS,0.25
ORIENTTECH.NS,3.6
ORISSAMINE.NS,0
OSIAHYPER.NS,0
OSWALAGRO.NS,0
OSWALGREEN.NS,0
OSWALPUMPS.NS,0
PAGEIND.NS,600.0
PAISALO.NS,0.1
PAKKA.NS,0
PALASHSECU.NS,0
PALREDTEC.NS,0
PANACEABIO.NS,0
PANACHE.NS,0
PANAMAPET.NS,6.0
PANSARI.NS,0
PAR.NS,0
PARACABLES.NS,0
PARADEEP.NS,1.0
PARAGMILK.NS,0.5
PARAS.NS,0.5
PARKHOTELS.NS,0.5
PASHUPATI.NS,0.5
PATANJALI.NS,10.0
PATELENG.NS,0
PATELRMART.NS,0
PAVNAIND.NS,0
PAYTM.NS,0
PCBL.NS,5.5
PDMJEPAPER.NS,0.6
PDSL.NS,3.4
PEL.NS,11.0
PENIND.NS,0
PENINLAND.NS,0
PERSISTENT.NS,35.0
PETRONET.NS,10.0
PFC.NS,14.8
PFIZER.NS,35.0
PFS.NS,0
PGEL.NS,0.25
PGHH.NS,130.0
PGHL.NS,125.0
PHOENIXLTD.NS,2.5
PICCADIL.NS,0
PIDILITIND.NS,30.0
PIGL.NS,0.2
PIIND.NS,20.0
PIONEEREMB.NS,0
PITTIENG.NS,1.5
PIXTRANS.NS,9.0
PKTEA.NS,1.0
PLASTIBLEN.NS,2.5
PLATIND.NS,0
PLAZACABLE.NS,0
PNB.NS,2.9
PNBHOUSING.NS,5.0
PNCINFRA.NS,0.6
PNGJL.NS,0
POCL.NS,3.5
PODDARMENT.NS,4.0
POKARNA.NS,0.6
POLICYBZR.NS,0
POLYCAB.NS,35.0
POLYMED.NS,3.5
POLYPLEX.NS,13.5
PONNIERODE.NS,3.0
POONAWALLA.NS,0
POWERGRID.NS,11.75
POWERINDIA.NS,6.0
POWERMECH.NS,1.25
PPAP.NS,2.5
PPL.NS,2.4
PPLPHARMA.NS,0.14
PRABHA.NS,0
PRAJIND.NS,6.0
PRAKASH.NS,1.5
PRECAM.NS,1.0
PRECOT.NS,3.0
PRECWIRE.NS,1.6
PREMEXPLN.NS,0.5
PREMIERENE.NS,0.75
PREMIERPOL.NS,0.15
PRESTIGE.NS,1.8
PRICOLLTD.NS,0
PRINCEPIPE.NS,0.5
PRITI.NS,0
PRITIKAUTO.NS,0
PRIVISCL.NS,5.0
PROSTARM.NS,0
PROTEAN.NS,10.0
PROZONER.NS,0
PRSMJOHNSN.NS,0
PRUDENT.NS,2.5
PSB.NS,0.07
PSPPROJECT.NS,0
PTC.NS,19.5
PTCIL.NS,0
PTL.NS,1.75
PUNJABCHEM.NS,3.0
PURVA.NS,0
PVP.NS,0
PVRINOX.NS,0
PVSL.NS,0.5
PYRAMID.NS,0.5
QPOWER.NS,1.0
QUADFUTURE.NS,0
QUESS.NS,10.0
QUICKHEAL.NS,3.0
RACE.NS,0
RACLGEAR.NS,0
RADHIKAJWE.NS,0.2
RADIANTCMS.NS,2.5
RADICO.NS,4.0
RAILTEL.NS,4.7
RAIN.NS,1.0
RAINBOW.NS,3.0
RAJESHEXPO.NS,0
RAJOOENG.NS,0.15
RAJRATAN.NS,2.0
RAJSREESUG.NS,0
RAJTV.NS,0
RALLIS.NS,2.5
RAMAPHO.NS,0.25
RAMCOCEM.NS,2.0
RAMCOIND.NS,1.0
RAMCOSYS.NS,0
RAMKY.NS,0
RAMRAT.NS,2.5
RANEHOLDIN.NS,38.0
RATEGAIN.NS,0
RATNAMANI.NS,14.0
RATNAVEER.NS,0
RAYMOND.NS,10.0
RAYMONDLSL.NS,0
RAYMONDREL.NS,0
RBA.NS,0
RBLBANK.NS,1.0
RBZJEWEL.NS,0
RCF.NS,1.24
RECLTD.NS,10.4
REDINGTON.NS,6.8
REDTAPE.NS,0.5
REFEX.NS,0.5
REGAAL.NS,0
REGENCERAM.NS,0
RELAXO.NS,3.0
RELIABLE.NS,0.04
RELIANCE.NS,5.5
RELINFRA.NS,0
RELTD.NS,0
REMSONSIND.NS,0.3
RENUKA.NS,0
REPCOHOME.NS,6.5
REPRO.NS,0
RESPONIND.NS,0.1
RETAIL.NS,0
RGL.NS,0
RHIM.NS,2.5
RHL.NS,0
RICOAUTO.NS,0.5
RIIL.NS,3.5
RISHABH.NS,0
RITCO.NS,0
RITES.NS,7.6
RKFORGE.NS,2.0
RKSWAMY.NS,1.5
RMDRIP.NS,0.5
RML.NS,8.0
RNBDENIMS.NS,0
ROHLTD.NS,2.5
ROLEXRINGS.NS,0
ROSSARI.NS,0.5
ROSSELLIND.NS,0.4
ROSSTECH.NS,0.2
ROTO.NS,0.27
ROUTE.NS,14.0
RPEL.NS,1.0
RPGLIFE.NS,20.0
RPOWER.NS,0
RPPL.NS,0
RPSGVENT.NS,0
RPTECH.NS,2.0
RRKABEL.NS,6.0
RSSOFTWARE.NS,0.5
RSWM.NS,0
RSYSTEMS.NS,12.0
RTNINDIA.NS,0
RUBFILA.NS,2.0
RUCHIRA.NS,5.0
RUPA.NS,3.0
RUSHIL.NS,0.1
RUSTOMJEE.NS,1.5
RVHL.NS,0
RVNL.NS,1.72
RVTH.NS,0
S&SPOWER.NS,0
SAFARI.NS,3.0
SAGCEM.NS,0.7
SAGILITY.NS,0
SAHYADRI.NS,1.0
SAIL.NS,1.6
SAILIFE.NS,0
SAKAR.NS,0
SAKHTISUG.NS,0
SAKSOFT.NS,0.8
SALZERELEC.NS,2.5
SAMBHV.NS,0
SAMHI.NS,0
SAMMAANCAP.NS,2.0
SANATHAN.NS,0
SANDESH.NS,2.5
SANDHAR.NS,3.5
SANDUMA.NS,1.25
SANGAMIND.NS,2.0
SANGHIIND.NS,0
SANGHVIMOV.NS,2.0
SANOFI.NS,117.0
SANOFICONR.NS,55.0
SANSERA.NS,3.25
SANSTAR.NS,0
SAPPHIRE.NS,0
SARDAEN.NS,1.5
SAREGAMA.NS,4.5
SARLAPOLY.NS,3.0
SASKEN.NS,26.0
SASTASUNDR.NS,0
SATIA.NS,0.3
SAURASHCEM.NS,2.0
SBCL.NS,3.0
SBFC.NS,0
SBGLP.NS,0.1
SBICARD.NS,2.5
SBILIFE.NS,2.7
SBIN.NS,15.9
SCHAEFFLER.NS,28.0
SCHAND.NS,4.0
SCHNEIDER.NS,0
SCI.NS,6.59
SCILAL.NS,0.55
SCODATUBES.NS,0
SCPL.NS,0
SDBL.NS,0
SEAMECLTD.NS,0
SECURKLOUD.NS,0
SEJALLTD.NS,0
SELAN.NS,0
SENCO.NS,1.0
SENORES.NS,0
SEQUENT.NS,0
SERVOTECH.NS,0.05
SESHAPAPER.NS,2.5
SEYAIND.NS,0
SFL.NS,0
SGIL.NS,1.0
SGLTL.NS,0
SHAILY.NS,2.0
SHAKTIPUMP.NS,1.0
SHALBY.NS,1.2
SHALPAINTS.NS,0
SHANKARA.NS,3.0
SHANTIGEAR.NS,4.0
SHANTIGOLD.NS,0
SHARDACROP.NS,9.0
SHARDAMOTR.NS,16.25
SHAREINDIA.NS,1.25
SHEKHAWATI.NS,0
SHEMAROO.NS,0
SHILPAMED.NS,1.0
SHIVALIK.NS,0.5
SHIVAMAUTO.NS,0
SHK.NS,1.0
SHOPERSTOP.NS,0
SHRADHA.NS,0.5
SHREDIGCEM.NS,1.5
SHREECEM.NS,120.0
SHREEJISPG.NS,0
SHREEPUSHK.NS,2.0
SHREYANIND.NS,3.0
SHRIPISTON.NS,10.0
SHRIRAMFIN.NS,12.9
SHRIRAMPPS.NS,0
SHYAMMETL.NS,4.5
SICALLOG.NS,0
SIEMENS.NS,12.0
SIGACHI.NS,0.1
SIGIND.NS,0.5
SIGMA.NS,0.5
SIGNATURE.NS,0
SIGNPOST.NS,0.5
SIKKO.NS,0
SILVERTUC.NS,0.5
SINCLAIR.NS,0.8
SINTERCOM.NS,0
SIRCA.NS,1.5
SIS.NS,0
SIYSIL.NS,16.0
SJS.NS,2.5
SJVN.NS,1.46
SKFINDIA.NS,14.5
SKIPPER.NS,0.1
SKMEGGPROD.NS,1.5
SKYGOLD.NS,0
SMARTLINK.NS,0
SMARTWORKS.NS,0
SMLISUZU.NS,18.0
SMLT.NS,0.5
SMSLIFE.NS,1.5
SMSPHARMA.NS,0.4
SNOWMAN.NS,1.0
SOBHA.NS,3.0
SOFTTECH.NS,0
SOLARA.NS,0
SOLARINDS.NS,10.0
SOMANYCERA.NS,3.0
SOMICONVEY.NS,0
SONACOMS.NS,3.2
SONAMLTD.NS,0
SONATSOFTW.NS,5.65
SOTL.NS,4.0
SOUTHBANK.NS,0.4
SOUTHWEST.NS,1.25
SPAL.NS,2.0
SPANDANA.NS,0
SPARC.NS,0
SPECIALITY.NS,1.0
SPECTRUM.NS,0
SPENCERS.NS,0
SPIC.NS,2.0
SPLIL.NS,0
SPLPETRO.NS,10.0
SPORTKING.NS,1.0
SREEL.NS,0
SRF.NS,8.0
SRGHFL.NS,0
SRHHYPOLTD.NS,3.0
SSDL.NS,3.79
SSWL.NS,1.25
STALLION.NS,0
STANLEY.NS,0
STAR.NS,4.0
STARCEMENT.NS,2.0
STARHEALTH.NS,0
STARPAPER.NS,3.5
STCINDIA.NS,0
STEELCAS.NS,1.44
STERTOOLS.NS,2.5
STLNETWORK.NS,0
STLTECH.NS,0
STOVEKRAFT.NS,3.0
STYLAMIND.NS,0
STYLEBAAZA.NS,0
STYRENIX.NS,90.0
SUBROS.NS,2.6
SUDARSCHEM.NS,6.1
SULA.NS,3.6
SUMICHEM.NS,1.2
SUMIT.NS,0
SUNCLAY.NS,9.5
SUNDARMFIN.NS,35.0
SUNDARMHLD.NS,5.85
SUNDRMBRAK.NS,1.5
SUNDRMFAST.NS,7.2
SUNDROP.NS,3.0
SUNFLAG.NS,0.75
SUNPHARMA.NS,16.0
SUNTECK.NS,1.5
SUNTV.NS,15.0
SUPERHOUSE.NS,0.8
SUPRAJIT.NS,3.0
SUPREME.NS,0
SUPREMEIND.NS,34.0
SUPREMEINF.NS,0
SUPRIYA.NS,1.0
SURAJEST.NS,1.0
SURAJLTD.NS,3.0
SURAKSHA.NS,0
SURANASOL.NS,0
SURYAROSNI.NS,6.0
SURYODAY.NS,0
SUTLEJTEX.NS,0
SUVEN.NS,0
SUYOG.NS,1.8
SUZLON.NS,0
SWANCORP.NS,0.1
SWARAJENG.NS,104.5
SWELECTES.NS,3.0
SWIGGY.NS,0
SWSOLAR.NS,0
SYMPHONY.NS,4.0
SYNGENE.NS,1.25
SYRMA.NS,1.5
TAJGVK.NS,2.0
TALBROAUTO.NS,0.7
TANLA.NS,12.0
TARACHAND.NS,0.4
TARC.NS,0
TARIL.NS,0.2
TARMAT.NS,0
TARSONS.NS,2.0
TASTYBITE.NS,2.0
TATACHEM.NS,11.0
TATACOMM.NS,25.0
TATACONSUM.NS,8.25
TATAELXSI.NS,75.0
TATAINVEST.NS,27.0
TATAMOTORS.NS,6.0
TATAPOWER.NS,2.25
TATASTEEL.NS,3.6
TATATECH.NS,8.35
TATVA.NS,1.0
TBOTEK.NS,0
TCI.NS,12.5
TCIEXP.NS,10.0
TCPLPACK.NS,30.0
TCS.NS,61.0
TDPOWERSYS.NS,1.3
TEAMGTY.NS,0
TEAMLEASE.NS,0
TECHM.NS,45.0
TECHNOE.NS,9.0
TEGA.NS,2.0
TEJASNET.NS,2.5
TEMBO.NS,2.0
TERASOFT.NS,1.0
TEXINFRA.NS,0.15
TEXMOPIPES.NS,0
TEXRAIL.NS,0.75
TFCILTD.NS,3.0
THANGAMAYL.NS,12.5
THEJO.NS,5.0
THELEELA.NS,0
THEMISMED.NS,0.5
THERMAX.NS,14.0
THOMASCOOK.NS,0.45
THYROCARE.NS,21.0
TI.NS,0.5
TICL.NS,0
TIIL.NS,20.0
TIINDIA.NS,3.5
TIL.NS,0
TIMETECHNO.NS,2.5
TIMKEN.NS,36.0
TINNARUBR.NS,4.0
TIPSFILMS.NS,0
TIPSMUSIC.NS,9.0
TIRUMALCHM.NS,1.0
TITAGARH.NS,1.0
TITAN.NS,11.0
TMB.NS,11.0
TNPETRO.NS,1.2
TNPL.NS,3.0
TOKYOPLAST.NS,0
TOLINS.NS,0
TORNTPHARM.NS,32.0
TORNTPOWER.NS,19.0
TOTAL.NS,0.5
TPLPLASTEH.NS,1.0
TRACXN.NS,0
TRANSRAILL.NS,0.8
TRANSWORLD.NS,1.5
TRAVELFOOD.NS,4.556
TREL.NS,1.0
TRENT.NS,5.0
TRF.NS,0
TRIDENT.NS,0.5
TRIGYN.NS,0
TRITURBINE.NS,4.0
TRIVENI.NS,2.5
TTKHLTCARE.NS,10.0
TTKPRESTIG.NS,6.0
TTML.NS,0
TVSELECT.NS,1.0
TVSHLTD.NS,93.0
TVSMOTOR.NS,10.0
TVSSCS.NS,0
TVSSRICHAK.NS,16.89
TVTODAY.NS,3.0
UBL.NS,10.0
UCAL.NS,0
UCOBANK.NS,0.39
UDS.NS,0
UFLEX.NS,3.0
UFO.NS,0
UGARSUGAR.NS,0.25
UGROCAP.NS,0
UJJIVANSFB.NS,1.5
ULTRACEMCO.NS,77.5
UMIYA-MRO.NS,0
UNICHEMLAB.NS,0
UNIDT.NS,2.4
UNIECOM.NS,0
UNIMECH.NS,0
UNIONBANK.NS,4.75
UNIPARTS.NS,16.5
UNITDSPR.NS,12.0
UNIVCABLES.NS,4.0
UNOMINDA.NS,2.25
UPL.NS,6.0
URAVIDEF.NS,0
USHAMART.NS,3.0
UTIAMC.NS,26.0
UTKARSHBNK.NS,0.5
UTTAMSUGAR.NS,2.5
V2RETAIL.NS,0
VADILALIND.NS,21.0
VAIBHAVGBL.NS,6.0
VALIANTLAB.NS,0
VALIANTORG.NS,0
VARDHACRLC.NS,1.5
VARROC.NS,1.0
VASCONEQ.NS,0
VBL.NS,2.0
VEDL.NS,51.5
VEEDOL.NS,54.0
VENKEYS.NS,10.0
VENTIVE.NS,0
VENUSPIPES.NS,1.0
VENUSREM.NS,0
VERTOZ.NS,0
VESUVIUS.NS,1.45
VETO.NS,1.0
VGUARD.NS,1.5
VIDHIING.NS,6.0
VIJAYA.NS,2.0
VIKRAMSOLR.NS,0
VIKRAN.NS,0
VIMTALABS.NS,1.0
VINATIORGA.NS,7.5
VINDHYATEL.NS,16.0
VINEETLAB.NS,0
VINYLINDIA.NS,7.0
VIPCLOTHNG.NS,0
VIPIND.NS,0
VIRINCHI.NS,0
VISAKAIND.NS,0.5
VISASTEEL.NS,0
VISHNU.NS,0.3
VLEGOV.NS,0
VLSFINANCE.NS,1.5
VMART.NS,0
VMM.NS,0
VOLTAMP.NS,100.0
VOLTAS.NS,7.0
VRAJ.NS,0
VRLLOG.NS,7.5
VSSL.NS,3.0
VSTIND.NS,10.0
VSTL.NS,0
VSTTILLERS.NS,20.0
VTL.NS,5.0
WAAREEENER.NS,0
WABAG.NS,4.0
WALCHANNAG.NS,0
WANBURY.NS,0
WCIL.NS,0
WEBELSOLAR.NS,0
WEIZMANIND.NS,0.5
WEL.NS,0.2
WELCORP.NS,5.0
WELENT.NS,3.0
WELSPUNLIV.NS,1.7
WENDT.NS,40.0
WESTLIFE.NS,1.5
WEWIN.NS,0
WHEELS.NS,11.53
WHIRLPOOL.NS,5.0
WINDLAS.NS,5.8
WINDMACHIN.NS,0.5
WIPL.NS,1.2
WIPRO.NS,11.0
WOCKPHARMA.NS,0
WONDERLA.NS,2.0
WORTH.NS,1.0
WSI.NS,0
WSTCSTPAPR.NS,5.0
XCHANGING.NS,2.0
XELPMOC.NS,0
XPROINDIA.NS,2.0
YASHO.NS,0.5
YATHARTH.NS,0
YATRA.NS,0
YESBANK.NS,0
YUKEN.NS,1.5
ZAGGLE.NS,0
ZEEL.NS,2.43
ZENSARTECH.NS,13.0
ZENTEC.NS,2.0
ZFCVINDIA.NS,19.0
ZIMLAB.NS,0
ZOTA.NS,1.0
ZUARI.NS,0
ZUARIIND.NS,1.0
ZYDUSLIFE.NS,11.0
ZYDUSWELL.NS,6.0
HNGSNGBEES.NS,0
^CNXPHARMA,0
DHABRIYA.NS,0
VIPULORG.NS,0
DANLAW.NS,0
BCONCEPTS.BO,0
SWISSMLTRY.NS,0
^NSEI,0
^NSEBANK,0
^CRSLDX,0
^NSEMDCP50,0
^CNXMEDIA,0
^CNXMNC,0
^CRSMID,0
^CNXSC,0
MON100.NS,0
MAFANG.NS,0
SBIGETS.BO,0
AXISCETF.NS,0
ICICIINFRA.NS,0
^CNXCMDT,0
^CNXFIN,0
^CNXINFRA,0
^CNXAUTO,0
^CNXPSUBANK,0
^CNXIT,0
^CNXCONSUM,0
NIFTYPVTBANK.NS,0
^CNXMETAL,0
^CNXREALTY,0
^CNXENERGY,0
^CNXFMCG,0
NIFTYSMLCAP250.NS,0
NIFTY_MICROCAP250.NS,0
BSE-IPO.BO,0
CPSEETF.NS,0
SILVERBEES.NS,0
DSPPSBKETF.NS,0
ESILVER.NS,0
GOLDBEES.NS,0
HDFCMID150.NS,0
HDFCSML250.NS,0
HDFCBSE500.NS,0
ICICICOMMO.NS,0
PSUBANKICI.NS,0
KOTAKCONS.NS,0
KOTAKMNC.NS,0
ITETF.NS,0
MOHEALTH.NS,0
ICICIAUTO.NS,0
ICICIFMCG.NS,0
ICICIPHARM.NS,0
ITBEES.NS,0
MID150BEES.NS,0
ICICIBANKP.NS,0
PSUBNKBEES.NS,0
MASPTOP50.NS,0
DSPGOLDETF.NS,0
ICICINF100.NS,0
SBIETFCON.NS,0
include_tickers,0
ABCOTS.NS,0
AHIMSA.NS,0
AILIMITED.NS,0
AIMTRON.NS,0
AISL.NS,0
AKANKSHA.NS,0
ALLETEC.NS,0
AMBANIORGO.NS,0
AMEYA.NS,0
APRAMEYA.NS,0
APS.NS,0
ARIHANTACA.NS,1.0
ARISTO.NS,0.5
ARVINDPORT.NS,0
ASHALOG.NS,0
ASPIRE.NS,0
ATMASTCO.NS,0
AVIANSH.NS,0
AVPINFRA.NS,0
BAHETI.NS,0
BALCO.NS,0
BASILIC.NS,0
BEWLTD.NS,0
BOSS.NS,0
BRACEPORT.NS,0
CADSYS.NS,0
CMMIPL.NS,0
CMNL.NS,0
COMMITTED.NS,0.5
CONTI.NS,0
COOLCAPS.NS,0
CPS.NS,0
DECCANTRAN.NS,0
DENEERS.NS,0
DESTINY.NS,0
DHTL.NS,0
DIGIKORE.NS,0
DPEL.NS,0
DRONE.NS,0
DRSDILIP.NS,0
DYNAMIC.NS,0
EFACTOR.NS,0
EFFWA.NS,0
EMMIL.NS,0
ENFUSE.NS,0
ENSER.NS,0
ESCONET.NS,0
ESFL.NS,0
FELIX.NS,0
FOCE.NS,0
FORCAS.NS,0
FRESHARA.NS,0
GAJANAND.NS,0
GICL.NS,0
GOLDKART.NS,0
GPECO.NS,0
GRAPHISAD.NS,0
GRCL.NS,0
GRETEX.NS,0
GSMFOILS.NS,0
HIGREEN.NS,0
HOLMARC.NS,0.4
HRHNEXT.NS,0
IBLFL.NS,0
INDSWFTLTD.NS,0
INFINIUM.NS,0
INFOLLION.NS,0
IPHL.NS,0
IPSL.NS,0
ITALIANE.NS,0
JAINAM.NS,0
JAYBEE.NS,0
KANDARP.NS,0
KARNIKA.NS,0
KAVVERITEL.NS,0
KCEIL.NS,0
KCK.NS,0
KNAGRI.NS,0
KONSTELEC.NS,0
KONTOR.NS,0
KRISHNADEF.NS,1.0
LAMOSAIC.NS,0
LEMERITE.NS,0
LRRPL.NS,0
MAITREYA.NS,0
MARINETRAN.NS,0
MASON.NS,0
MASTER.NS,0.5
MEDIORG.NS,0
MEGAFLEX.NS,0
MIEL.NS,0
MOS.NS,0
NAMAN.NS,0
NAMOEWASTE.NS,0
NEELAM.NS,0
NEPHROCARE.NS,0
NIRMAN.NS,0
OBSCP.NS,0
OMFURN.NS,0
ONDOOR.NS,0
OSELDEVICE.NS,0
PARAGON.NS,0
PARIN.NS,0
PATTECH.NS,0
PHANTOMFX.NS,0
PHOGLOBAL.NS,0
POSITRON.NS,0
PRATHAM.NS,0
PRESSTONIC.NS,0
PRITIKA.NS,0
PRIZOR.NS,0
PULZ.NS,0
QUICKTOUCH.NS,0
QVCEL.NS,0
RBMINFRA.NS,0
RBS.NS,0
REFRACTORY.NS,0
RILINFRA.NS,0
SAH.NS,0
SAHAJSOLAR.NS,0
SANGANI.NS,0
SATECH.NS,0
SHANTHALA.NS,0
SHUBHLAXMI.NS,0
SHUBHSHREE.NS,0
SILKFLEX.NS,0
SJLOGISTIC.NS,0
SLONE.NS,5.0
SONAMAC.NS,0
SONUINFRA.NS,0
SPECTSTM.NS,0
SPPPOLY.NS,0
SPRL.NS,0
SSEGL.NS,0
SSFL.NS,0
SUPREMEPWR.NS,0
SURANI.NS,0
SWARAJ.NS,0
TAC.NS,0
TBI.NS,0
TECHERA.NS,0
TGL.NS,0
THESL.NS,0
TRANSTEEL.NS,0
TRANSWIND.NS,0
UHTL.NS,0
URBAN.NS,0
UTSSAV.NS,0
UWCSL.NS,0
VEEKAYEM.NS,0
VERA.NS,0
VILAS.NS,0
VINYAS.NS,0
VISHNUINFR.NS,1.0
VIVIANA.NS,0
VLINFRA.NS,0
VMARCIND.NS,0
VR.NS,0
VSCL.NS,0
WINNY.NS,0
WOMANCART.NS,0
WTICAB.NS,0
ZENITHDRUG.NS,0
ZTECH.NS,0
NIFTY_PVT_BANK.NS,0
NIFTY_HEALTHCARE.NS,0
NIFTY_CONSR_DURBL.NS,0
NIFTY_OIL_AND_GAS.NS,0
BSE-CG.BO,0
BSE-POWER.BO,0
INDSTR.BO,0
TELCOM.BO,0
CNXCMDT,0
EVINDIA.NS,0
MODEFENCE.NS,0
NIFTY_INDIA_MFG.NS,0
^DJI,0
^IXIC,0
^NYFANG,0
BTC-USD,0
000001.SS,0
^HSI,0
GLD,0
^NSMIDCP,0
^INDIAVIX,0
MOMENTUM50.NS,0
