﻿"SR. NO 
","SYMBOL 
","COMPANY NAME 
","ISIN 
","ESM STAGE 
"
1,"20MICRONS","20 Microns Limited","INE144J01027","ESM - I (34)"
2,"21STCENMGM","21st Century Management Services Limited","INE253B01015","ESM - I (34)"
3,"3PLAND","3p Land Holdings Limited","INE105C01023","ESM - I (34)"
4,"AAREYDRUGS","Aarey Drugs & Pharmaceuticals Limited","INE198H01019","ESM - II (35)"
5,"AARVEEDEN","Aarvee Denims & Exports Limited","INE273D01019","ESM - II (35)"
6,"ABCOTS","A B Cotspin India Limited","INE08PH01015","ESM - I (34)"
7,"ABINFRA","A B Infrabuild Limited","INE00YB01017","ESM - I (34)"
8,"ABMINTLLTD","Abm International Limited","INE251C01025","ESM - I (34)"
9,"ADL","Archidply Decor Limited","INE0CHO01012","ESM - I (34)"
10,"ADROITINFO","Adroit Infotech Limited","INE737B01033","ESM - I (34)"
11,"AHIMSA","Ahimsa Industries Limited","INE136T01014","ESM - I (34)"
12,"AILIMITED","Abhishek Integrations Limited","INE0CAJ01017","ESM - II (35)"
13,"AIMTRON","Aimtron Electronics Limited","INE0RUV01018","ESM - II (35)"
14,"AISL","Ani Integrated Services Limited","INE635Y01015","ESM - I (34)"
15,"AKANKSHA","Akanksha Power And Infrastructure Limited","INE0PCY01014","ESM - I (34)"
16,"AKSHAR","Akshar Spintex Limited","INE256Z01025","ESM - I (34)"
17,"AKSHOPTFBR","Aksh Optifibre Limited","INE523B01011","ESM - I (34)"
18,"ALLETEC","All E Technologies Limited","INE0M2X01012","ESM - I (34)"
19,"ALMONDZ","Almondz Global Securities Limited","INE326B01035","ESM - II (35)"
20,"ALPA","Alpa Laboratories Limited","INE385I01010","ESM - I (34)"
21,"AMBANIORGO","Ambani Orgochem Limited","INE00C501018","ESM - I (34)"
22,"AMEYA","Ameya Precision Engineers Limited","INE0KT901015","ESM - II (35)"
23,"AMJUMBO","A And M Jumbo Bags Limited","INE749Y01014","ESM - I (34)"
24,"ANIKINDS","Anik Industries Limited","INE087B01017","ESM - II (35)"
25,"ANTGRAPHIC","Antarctica Limited","INE414B01021","ESM - I (34)"
26,"APRAMEYA","Aprameya Engineering Limited","INE0LQG01010","ESM - I (34)"
27,"APS","Australian Premium Solar (India) Limited","INE0P0001010","ESM - I (34)"
28,"ARENTERP","Rajdarshan Industries Limited","INE610C01014","ESM - I (34)"
29,"ARIES","Aries Agro Limited","INE298I01015","ESM - I (34)"
30,"ARIHANTACA","Arihant Academy Limited","INE0NCC01015","ESM - I (34)"
31,"ARISTO","Aristo Bio-Tech And Lifescience Limited","INE082101010","ESM - I (34)"
32,"ARVINDPORT","Arvind Port And Infra Limited","INE0P4T01013","ESM - I (34)"
33,"ASHALOG","Ashapura Logistics Limited","INE0LAA01017","ESM - I (34)"
34,"ASHIMASYN","Ashima Limited","INE440A01010","ESM - II (35)"
35,"ASHOKAMET","Ashoka Metcast Limited","INE760Y01011","ESM - I (34)"
36,"ASPIRE","Aspire & Innovative Advertising Limited","INE0S7801010","ESM - I (34)"
37,"ATALREAL","Atal Realtech Limited","INE0ALR01029","ESM - I (34)"
38,"ATLANTAA","Atlantaa Limited","INE285H01022","ESM - I (34)"
39,"ATMASTCO","Atmastco Limited","INE05DH01017","ESM - I (34)"
40,"AURUM","Aurum Proptech Limited","INE898S01029","ESM - I (34)"
41,"AUSOMENT","Ausom Enterprise Limited","INE218C01016","ESM - I (34)"
42,"AVPINFRA","Avp Infracon Limited","INE0R9401019","ESM - I (34)"
43,"AVROIND","Avro India Limited","INE652Z01017","ESM - II (35)"
44,"BAHETI","Baheti Recycling Industries Limited","INE029Q01017","ESM - I (34)"
45,"BALCO","Solve Plastic Products Limited","INE0U0201016","ESM - I (34)"
46,"BALPHARMA","Bal Pharma Limited","INE083D01012","ESM - II (35)"
47,"BANARBEADS","Banaras Beads Limited","INE655B01011","ESM - I (34)"
48,"BANG","Bang Overseas Limited","INE863I01016","ESM - I (34)"
49,"BASILIC","Basilic Fly Studio Limited","INE0OCC01013","ESM - II (35)"
50,"BASML","Bannari Amman Spinning Mills Limited","INE186H01022","ESM - I (34)"
51,"BEWLTD","Bew Engineering Limited","INE0HQI01014","ESM - I (34)"
52,"BGRENERGY","Bgr Energy Systems Limited","INE661I01014","ESM - I (34)"
53,"BHAGERIA","Bhageria Industries Limited","INE354C01027","ESM - I (34)"
54,"BIL","Bhartiya International Limited","INE828A01016","ESM - II (35)"
55,"BLUECHIP","Blue Chip India Limited","INE657B01025","ESM I & GSM 0 (36)"
56,"BOSS","Boss Packaging Solutions Limited","INE0QNI01012","ESM - I (34)"
57,"BRACEPORT","Brace Port Logistics Limited","INE0R4Z01018","ESM - I (34)"
58,"BRIGHT","Bright Solar Limited","INE684Z01010","ESM - I (34)"
59,"BROOKS","Brooks Laboratories Limited","INE650L01011","ESM - II (35)"
60,"CADSYS","Cadsys (India) Limited","INE090Y01013","ESM - I (34)"
61,"CALSOFT","California Software Company Limited","INE526B01014","ESM - I (34)"
62,"CAPTRUST","Capital Trust Limited","INE707C01018","ESM - II (35)"
63,"CCCL","Consolidated Construction Consortium Limited","INE429I01024","ESM - II (35)"
64,"CEREBRAINT","Cerebra Integrated Technologies Limited","INE345B01019","ESM - I (34)"
65,"CLOUD","Varanium Cloud Limited","INE0JOO01021","ESM - I (34)"
66,"CMNL","Chaman Metallics Limited","INE06PV01010","ESM - II (35)"
67,"COMMITTED","Committed Cargo Care Limited","INE597Z01014","ESM - I (34)"
68,"CONTI","Continental Seeds And Chemicals Limited","INE340Z01019","ESM - I (34)"
69,"COOLCAPS","Cool Caps Industries Limited","INE0HS001010","ESM - I (34)"
70,"CORALFINAC","Coral India Finance & Housing Limited","INE558D01021","ESM - I (34)"
71,"CPS","C P S Shapers Limited","INE0QBU01012","ESM - II (35)"
72,"CREATIVEYE","Creative Eye Limited","INE230B01021","ESM - II (35)"
73,"CROWN","Crown Lifters Limited","INE491V01019","ESM - I (34)"
74,"CYBERTECH","Cybertech Systems And Software Limited","INE214A01019","ESM - II (35)"
75,"DCMFINSERV","Dcm Financial Services Limited","INE891B01012","ESM II & GSM 0 (37)"
76,"DECCANTRAN","Deccan Transcon Leasing Limited","INE0S7C01019","ESM - I (34)"
77,"DELPHIFX","Delphi World Money Limited","INE726L01019","ESM - I (34)"
78,"DENEERS","De Neers Tools Limited","INE0JWV01011","ESM - I (34)"
79,"DESTINY","Destiny Logistics & Infra Limited","INE0IGO01011","ESM - II (35)"
80,"DGCONTENT","Digicontent Limited","INE03JI01017","ESM - II (35)"
81,"DHTL","Docmode Health Technologies Limited","INE0OGG01015","ESM - II (35)"
82,"DIGIKORE","Digikore Studios Limited","INE0QJ901011","ESM - I (34)"
83,"DIGISPICE","Digispice Technologies Limited","INE927C01020","ESM - I (34)"
84,"DIL","Debock Industries Limited","INE411Y01011","ESM - II (35)"
85,"DJML","Dj Mediaprint & Logistics Limited","INE0B1K01014","ESM - I (34)"
86,"DPEL","Divine Power Energy Limited","INE0SCO01019","ESM - II (35)"
87,"DRONE","Drone Destination Limited","INE0P7201019","ESM - I (34)"
88,"DRSDILIP","Drs Dilip Roadlines Limited","INE02CV01017","ESM - II (35)"
89,"DYNAMIC","Dynamic Services & Security Limited","INE0DZ701010","ESM - II (35)"
90,"EFACTOR","E Factor Experiences Limited","INE0KFF01017","ESM - I (34)"
91,"EFFWA","Effwa Infra & Research Limited","INE0U9101019","ESM - II (35)"
92,"EIFFL","Euro India Fresh Foods Limited","INE546V01010","ESM - I (34)"
93,"EMKAY","Emkay Global Financial Services Limited","INE296H01011","ESM - II (35)"
94,"EMMIL","Energy Mission Machineries (India) Limited","INE0S1L01013","ESM - I (34)"
95,"ENERGYDEV","Energy Development Company Limited","INE306C01019","ESM - I (34)"
96,"ENFUSE","Enfuse Solutions Limited","INE0S3X01014","ESM - I (34)"
97,"ENSER","Enser Communications Limited","INE0R9I01013","ESM - I (34)"
98,"ESCONET","Esconet Technologies Limited","INE0RQZ01017","ESM - I (34)"
99,"ESFL","Essen Speciality Films Limited","INE0ITO01014","ESM - I (34)"
100,"ESSARSHPNG","Essar Shipping Limited","INE122M01019","ESM - II (35)"
101,"ESSENTIA","Integra Essentia Limited","INE418N01035","ESM - I (34)"
102,"EUROTEXIND","Eurotex Industries And Exports Limited","INE022C01012","ESM I & GSM 0 (36)"
103,"EXCEL","Excel Realty N Infra Limited","INE688J01023","ESM - II (35)"
104,"FELIX","Felix Industries Limited","INE901X01013","ESM - I (34)"
105,"FILATFASH","Filatex Fashions Limited","INE185E01021","ESM - I (34)"
106,"FLEXITUFF","Flexituff Ventures International Limited","INE060J01017","ESM - I (34)"
107,"FMNL","Future Market Networks Limited","INE360L01017","ESM - II (35)"
108,"FOCE","Foce India Limited","INE0I7D01019","ESM - I (34)"
109,"FOCUS","Focus Lighting And Fixtures Limited","INE593W01028","ESM - I (34)"
110,"FORCAS","Forcas Studio Limited","INE0U2501017","ESM - I (34)"
111,"GAJANAND","Gajanand International Limited","INE0QTE01018","ESM - I (34)"
112,"GATECH","Gacm Technologies Limited","INE224E01028","ESM - I (34)"
113,"GATECHDVR","Gacm Technologies Limited","INE224E01036","ESM - II (35)"
114,"GILLANDERS","Gillanders Arbuthnot & Company Limited","INE047B01011","ESM - I (34)"
115,"GLFL","Gujarat Lease Financing Limited","INE540A01017","ESM II & GSM 0 (37)"
116,"GLOBALE","Globale Tessile Limited","INE0URU01010","ESM - I (34)"
117,"GLOBALVECT","Global Vectra Helicorp Limited","INE792H01019","ESM - II (35)"
118,"GODHA","Godha Cabcon & Insulation Limited","INE925Y01036","ESM - I (34)"
119,"GOKUL","Gokul Refoils And Solvent Limited","INE020J01029","ESM - I (34)"
120,"GOLDKART","Goldkart Jewels Limited","INE06MH01016","ESM - I (34)"
121,"GOLDTECH","Aion-Tech Solutions Limited","INE805A01014","ESM - I (34)"
122,"GPECO","Gp Eco Solutions India Limited","INE0S7E01015","ESM - I (34)"
123,"GRAPHISAD","Graphisads Limited","INE0POU01017","ESM - I (34)"
124,"GRCL","Gayatri Rubbers And Chemicals Limited","INE0LVM01018","ESM - I (34)"
125,"GRETEX","Gretex Industries Limited","INE985P01012","ESM - I (34)"
126,"GSMFOILS","Gsm Foils Limited","INE0SQY01018","ESM - II (35)"
127,"GTECJAINX","G-Tec Jainx Education Limited","INE586X01012","ESM I & GSM 0 (36)"
128,"GUJRAFFIA","Gujarat Raffia Industries Limited","INE610B01024","ESM - I (34)"
129,"HECPROJECT","Hec Infra Projects Limited","INE558R01013","ESM - II (35)"
130,"HERCULES","Hercules Hoists Limited","INE688E01024","ESM - I (34)"
131,"HIGREEN","Hi-Green Carbon Limited","INE0PIC01017","ESM - I (34)"
132,"HINDMOTORS","Hindustan Motors Limited","INE253A01025","ESM - I (34)"
133,"HOLMARC","Holmarc Opto-Mechatronics Limited","INE0LXA01019","ESM - I (34)"
134,"HRHNEXT","Hrh Next Services Limited","INE0R3501012","ESM - II (35)"
135,"HYBRIDFIN","Hybrid Financial Services Limited","INE965B01022","ESM - I (34)"
136,"IBLFL","Ibl Finance Limited","INE0O7401018","ESM - I (34)"
137,"ICDSLTD","Icds Limited","INE613B01010","ESM - I (34)"
138,"IEL","Indiabulls Enterprises Limited","INE059901020","ESM - II (35)"
139,"IITL","Industrial Investment Trust Limited","INE886A01014","ESM - I (34)"
140,"IL&FSENGG","Il&Fs Engineering And Construction Company Limited","INE369I01014","ESM - I (34)"
141,"INDIANCARD","Indian Card Clothing Company Limited","INE061A01014","ESM - I (34)"
142,"INDSWFTLAB","Ind-Swift Laboratories Limited","INE915B01019","ESM - II (35)"
143,"INFINIUM","Infinium Pharmachem Limited","INE0MRE01011","ESM - I (34)"
144,"INFOLLION","Infollion Research Services Limited","INE0NNZ01013","ESM - II (35)"
145,"IPHL","Indian Phosphate Limited","INE0DHF01018","ESM - I (34)"
146,"IPSL","Integrated Personnel Services Limited","INE02EE01019","ESM - I (34)"
147,"IRIS","Iris Business Services Limited","INE864K01010","ESM - II (35)"
148,"ISHAN","Ishan International Limited","INE0LCW01025","ESM - I (34)"
149,"ITALIANE","Italian Edibles Limited","INE0R7R01018","ESM - I (34)"
150,"JAINAM","Jainam Ferro Alloys (I) Limited","INE02KC01010","ESM - I (34)"
151,"JALAN","Jalan Transolutions (India) Limited","INE349X01015","ESM - I (34)"
152,"JAYBEE","Jay Bee Laminations Limited","INE0SMY01017","ESM - I (34)"
153,"JFLLIFE","Jfl Life Sciences Limited","INE0LA901015","ESM - II (35)"
154,"KAMOPAINTS","Kamdhenu Ventures Limited","INE0BTI01037","ESM - I (34)"
155,"KANDARP","Kandarp Digi Smart Bpo Limited","INE0MOT01016","ESM - II (35)"
156,"KARNIKA","Karnika Industries Limited","INE0MGA01012","ESM - II (35)"
157,"KAVVERITEL","Kavveri Telecom Products Limited","INE641C01019","ESM - II (35)"
158,"KAYA","Kaya Limited","INE587G01015","ESM - II (35)"
159,"KCEIL","Kay Cee Energy & Infra Limited","INE0RCG01017","ESM - I (34)"
160,"KCK","Kck Industries Limited","INE0J1E01027","ESM - II (35)"
161,"KDL","Kore Digital Limited","INE0O4R01018","ESM - I (34)"
162,"KEEPLEARN","Dsj Keep Learning Limited","INE055C01020","ESM I & GSM 0 (36)"
163,"KEL","Kundan Edifice Limited","INE0OWX01025","ESM - I (34)"
164,"KEYFINSERV","Keynote Financial Services Limited","INE681C01015","ESM - I (34)"
165,"KNAGRI","Kn Agri Resources Limited","INE0KNW01016","ESM - I (34)"
166,"KONSTELEC","Konstelec Engineers Limited","INE0QEI01011","ESM - I (34)"
167,"KONTOR","Kontor Space Limited","INE0KZ301010","ESM - I (34)"
168,"KOPRAN","Kopran Limited","INE082A01010","ESM - I (34)"
169,"KORE","Jay Jalaram Technologies Limited","INE0J6801010","ESM - I (34)"
170,"KRIDHANINF","Kridhan Infra Limited","INE524L01026","ESM I & GSM 0 (36)"
171,"KRISHNADEF","Krishna Defence And Allied Industries Limited","INE0J5601015","ESM - I (34)"
172,"KRITI","Kriti Industries (India) Limited","INE479D01038","ESM - I (34)"
173,"KRITIKA","Kritika Wires Limited","INE00Z501029","ESM - I (34)"
174,"KTL","Kalahridhaan Trendz Limited","INE02M801018","ESM - I (34)"
175,"LAMBODHARA","Lambodhara Textiles Limited","INE112F01022","ESM - I (34)"
176,"LAMOSAIC","Lamosaic India Limited","INE0R0201012","ESM - I (34)"
177,"LASA","Lasa Supergenerics Limited","INE670X01014","ESM - I (34)"
178,"LATTEYS","Latteys Industries Limited","INE262Z01023","ESM - I (34)"
179,"LCCINFOTEC","Lcc Infotech Limited","INE938A01021","ESM I & GSM 0 (36)"
180,"LEMERITE","Le Merite Exports Limited","INE0G1L01017","ESM - I (34)"
181,"LFIC","Lakshmi Finance & Industrial Corporation Limited","INE850E01012","ESM - I (34)"
182,"LOTUSEYE","Lotus Eye Hospital And Institute Limited","INE947I01017","ESM - I (34)"
183,"LOYALTEX","Loyal Textile Mills Limited","INE970D01010","ESM - II (35)"
184,"LPDC","Landmark Property Development Company Limited","INE197J01017","ESM - I (34)"
185,"LRRPL","Lead Reclaim And Rubber Products Limited","INE0H4B01011","ESM - II (35)"
186,"LYPSAGEMS","Lypsa Gems & Jewellery Limited","INE142K01011","ESM - I (34)"
187,"MAANALU","Maan Aluminium Limited","INE215I01027","ESM - I (34)"
188,"MADHUCON","Madhucon Projects Limited","INE378D01032","ESM - II (35)"
189,"MAHASTEEL","Mahamaya Steel Industries Limited","INE451L01014","ESM - I (34)"
190,"MAITREYA","Maitreya Medicare Limited","INE0PLQ01011","ESM - I (34)"
191,"MALLCOM","Mallcom (India) Limited","INE389C01015","ESM - I (34)"
192,"MANAKCOAT","Manaksia Coated Metals & Industries Limited","INE830Q01018","ESM - I (34)"
193,"MANORG","Mangalam Organics Limited","INE370D01013","ESM - I (34)"
194,"MARINETRAN","Marinetrans India Limited","INE0P1P01017","ESM - I (34)"
195,"MARSHALL","Marshall Machines Limited","INE00SZ01018","ESM - II (35)"
196,"MASKINVEST","Mask Investments Limited","INE885F01015","ESM - II (35)"
197,"MASON","Mason Infratech Limited","INE0SH001010","ESM - II (35)"
198,"MASTER","Master Components Limited","INE0OJM01017","ESM - I (34)"
199,"MBECL","Mcnally Bharat Engineering Company Limited","INE748A01016","ESM II & GSM 0 (37)"
200,"MCL","Madhav Copper Limited","INE813V01022","ESM - I (34)"
201,"MCLEODRUSS","Mcleod Russel India Limited","INE942G01012","ESM - I (34)"
202,"MEDIORG","Medicamen Organics Limited","INE0PE401018","ESM - II (35)"
203,"MEGAFLEX","Mega Flex Plastics Limited","INE0G1D01014","ESM - I (34)"
204,"MFML","Mahalaxmi Fabric Mills Limited","INE0US801024","ESM - I (34)"
205,"MHLXMIRU","Mahalaxmi Rubtech Limited","INE112D01035","ESM - I (34)"
206,"MIEL","Manglam Infra & Engineering Limited","INE0R3101011","ESM - II (35)"
207,"MKPL","M K Proteins Limited","INE964W01021","ESM - II (35)"
208,"MODISONLTD","Modison Limited","INE737D01021","ESM - I (34)"
209,"MODTHREAD","Modern Threads (India) Limited","INE794W01014","ESM - I (34)"
210,"MOS","Mos Utility Limited","INE0N7S01010","ESM - I (34)"
211,"MUKTAARTS","Mukta Arts Limited","INE374B01019","ESM - I (34)"
212,"NAGREEKCAP","Nagreeka Capital & Infrastructure Limited","INE245I01016","ESM - II (35)"
213,"NAGREEKEXP","Nagreeka Exports Limited","INE123B01028","ESM - II (35)"
214,"NAMAN","Naman In-Store (India) Limited","INE0RJM01010","ESM - II (35)"
215,"NAMOEWASTE","Namo Ewaste Management Limited","INE08NZ01012","ESM - I (34)"
216,"NBIFIN","N. B. I. Industrial Finance Company Limited","INE365I01020","ESM - II (35)"
217,"NDGL","Naga Dhunseri Group Limited","INE756C01015","ESM - I (34)"
218,"NDL","Nandan Denim Limited","INE875G01048","ESM - I (34)"
219,"NECLIFE","Nectar Lifesciences Limited","INE023H01027","ESM - II (35)"
220,"NEELAM","Neelam Linens And Garments (India) Limited","INE0N1401016","ESM - I (34)"
221,"NEPHROCARE","Nephro Care India Limited","INE0SUN01013","ESM - I (34)"
222,"NEXTMEDIA","Next Mediaworks Limited","INE747B01016","ESM I & GSM 0 (36)"
223,"NIBL","Nrb Industrial Bearings Limited","INE047O01014","ESM - I (34)"
224,"NILASPACES","Nila Spaces Limited","INE00S901012","ESM - II (35)"
225,"NIRAJ","Niraj Cement Structurals Limited","INE368I01016","ESM - II (35)"
226,"NIRMAN","Nirman Agri Genetics Limited","INE0OK701014","ESM - II (35)"
227,"NITCO","Nitco Limited","INE858F01012","ESM - I (34)"
228,"NKIND","Nk Industries Limited","INE542C01019","ESM - I (34)"
229,"NOIDATOLL","Noida Toll Bridge Company Limited","INE781B01015","ESM - I (34)"
230,"NORBTEAEXP","Norben Tea & Exports Limited","INE369C01017","ESM - I (34)"
231,"NRL","Nupur Recyclers Limited","INE0JM501013","ESM - I (34)"
232,"OBSCP","Obsc Perfection Limited","INE0YHV01011","ESM - II (35)"
233,"OILCOUNTUB","Oil Country Tubular Limited","INE591A01010","ESM - II (35)"
234,"OMFURN","Omfurn India Limited","INE338Y01016","ESM - I (34)"
235,"ORBTEXP","Orbit Exports Limited","INE231G01010","ESM - I (34)"
236,"ORIENTALTL","Oriental Trimex Limited","INE998H01012","ESM - I (34)"
237,"OSIAHYPER","Osia Hyper Retail Limited","INE06IR01021","ESM - II (35)"
238,"OSWALSEEDS","Shreeoswal Seeds And Chemicals Limited","INE00IK01029","ESM - I (34)"
239,"PANACHE","Panache Digilife Limited","INE895W01019","ESM - II (35)"
240,"PARAGON","Paragon Fine And Speciality Chemical Limited","INE0N4G01012","ESM - I (34)"
241,"PARASPETRO","Paras Petrofils Limited","INE162C01024","ESM - I (34)"
242,"PARIN","Parin Enterprises Limited","INE00U801010","ESM - I (34)"
243,"PARSVNATH","Parsvnath Developers Limited","INE561H01026","ESM - II (35)"
244,"PASHUPATI","Pashupati Cotspin Limited","INE124Y01010","ESM - I (34)"
245,"PASUPTAC","Pasupati Acrylon Limited","INE818B01023","ESM - II (35)"
246,"PATTECH","Pattech Fitwell Tube Components Limited","INE0NZW01014","ESM - I (34)"
247,"PAVNAIND","Pavna Industries Limited","INE07S101020","ESM - I (34)"
248,"PHANTOMFX","Phantom Digital Effects Limited","INE0MLZ01019","ESM - I (34)"
249,"PHOGLOBAL","Phoenix Overseas Limited","INE0FPO01018","ESM - I (34)"
250,"PIGL","Power & Instrumentation (Gujarat) Limited","INE557Z01018","ESM - II (35)"
251,"PKTEA","The Peria Karamalai Tea & Produce Company Limited","INE431F01018","ESM - I (34)"
252,"POSITRON","Positron Energy Limited","INE0S3H01017","ESM - I (34)"
253,"PRATHAM","Pratham Epc Projects Limited","INE0QA601016","ESM - I (34)"
254,"PRAXIS","Praxis Home Retail Limited","INE546Y01022","ESM I & GSM 0 (36)"
255,"PRECISION","Precision Metaliks Limited","INE0HKW01018","ESM - I (34)"
256,"PRECOT","Precot Limited","INE283A01014","ESM - I (34)"
257,"PREMIERPOL","Premier Polyfilm Limited","INE309M01020","ESM - I (34)"
258,"PRESSTONIC","Presstonic Engineering Limited","INE0R1601012","ESM - I (34)"
259,"PRITIKA","Pritika Engineering Components Limited","INE0MJQ01012","ESM - II (35)"
260,"PRIZOR","Prizor Viztech Limited","INE0V9N01017","ESM - I (34)"
261,"PRUDMOULI","Prudential Sugar Corporation Limited","INE024D01016","ESM - II (35)"
262,"PULZ","Pulz Electronics Limited","INE335X01014","ESM - II (35)"
263,"PVP","Pvp Ventures Limited","INE362A01016","ESM - I (34)"
264,"QUICKTOUCH","Quicktouch Technologies Limited","INE0K4D01020","ESM - I (34)"
265,"QUINTEGRA","Quintegra Solutions Limited","INE033B01011","ESM I & GSM 0 (36)"
266,"QVCEL","Qvc Exports Limited","INE0KZF01015","ESM - I (34)"
267,"RADAAN","Radaan Mediaworks India Limited","INE874F01027","ESM - II (35)"
268,"RAJTV","Raj Television Network Limited","INE952H01027","ESM - II (35)"
269,"RBMINFRA","Rbm Infracon Limited","INE0NA301016","ESM - I (34)"
270,"RBS","Ramdevbaba Solvent Limited","INE0RJH01010","ESM - I (34)"
271,"RBZJEWEL","Rbz Jewellers Limited","INE0PEQ01016","ESM - I (34)"
272,"REFRACTORY","Refractory Shapes Limited","INE0TNX01015","ESM - I (34)"
273,"REGENCERAM","Regency Ceramics Limited","INE277C01012","ESM II & GSM 0 (37)"
274,"RHFL","Reliance Home Finance Limited","INE217K01011","ESM I & GSM 0 (36)"
275,"RILINFRA","Rachana Infrastructure Limited","INE02OY01016","ESM - I (34)"
276,"RKDL","Ravi Kumar Distilleries Limited","INE722J01012","ESM - II (35)"
277,"RMDRIP","R M Drip And Sprinklers Systems Limited","INE219Y01018","ESM - I (34)"
278,"ROLLT","Rollatainers Limited","INE927A01040","ESM - I (34)"
279,"ROSSELLIND","Rossell India Limited","INE847C01020","ESM - I (34)"
280,"RSSOFTWARE","R. S. Software (India) Limited","INE165B01029","ESM - I (34)"
281,"RVTH","Revathi Equipment India Limited","INE0DAB01012","ESM - I (34)"
282,"S&SPOWER","S&S Power Switchgears Limited","INE902B01017","ESM - II (35)"
283,"SABAR","Sabar Flex India Limited","INE0DZ101013","ESM - II (35)"
284,"SABEVENTS","Sab Events & Governance Now Media Limited","INE860T01019","ESM - II (35)"
285,"SABTNL","Sri Adhikari Brothers Television Network Limited","INE416A01044","ESM - II (35)"
286,"SAH","Sah Polymers Limited","INE035801013","ESM - I (34)"
287,"SAHAJSOLAR","Sahaj Solar Limited","INE0P4701011","ESM - I (34)"
288,"SAKUMA","Sakuma Exports Limited","INE190H01024","ESM - I (34)"
289,"SANGANI","Sangani Hospitals Limited","INE0OVI01010","ESM - II (35)"
290,"SATECH","S A Tech Software India Limited","INE0BSN01013","ESM - I (34)"
291,"SCPL","Sheetal Cool Products Limited","INE501Y01019","ESM - I (34)"
292,"SECL","Salasar Exteriors And Contour Limited","INE00Y701026","ESM - I (34)"
293,"SECURCRED","Secur Credentials Limited","INE195Y01010","ESM - I (34)"
294,"SEJALLTD","Sejal Glass Limited","INE955I01044","ESM - I (34)"
295,"SEL","Sungarner Energies Limited","INE0O3O01017","ESM - I (34)"
296,"SEMAC","Semac Consultants Limited","INE617A01013","ESM - I (34)"
297,"SETCO","Setco Automotive Limited","INE878E01021","ESM - I (34)"
298,"SHAH","Shah Metacorp Limited","INE482J01021","ESM - I (34)"
299,"SHAHALLOYS","Shah Alloys Limited","INE640C01011","ESM - II (35)"
300,"SHEKHAWATI","Shekhawati Industries Limited","INE268L01046","ESM - II (35)"
301,"SHRADHA","Shradha Infraprojects Limited","INE715Y01031","ESM - II (35)"
302,"SHREERAMA","Shree Rama Multi-Tech Limited","INE879A01019","ESM - I (34)"
303,"SHRENIK","Shrenik Limited","INE632X01030","ESM I & GSM 0 (36)"
304,"SHUBHLAXMI","Shubhlaxmi Jewel Art Limited","INE01Z401013","ESM - I (34)"
305,"SHUBHSHREE","Shubhshree Biofuels Energy Limited","INE0UL701015","ESM - II (35)"
306,"SHYAMTEL","Shyam Telecom Limited","INE635A01023","ESM II & GSM 0 (37)"
307,"SILINV","Sil Investments Limited","INE923A01015","ESM - I (34)"
308,"SILKFLEX","Silkflex Polymers (India) Limited","INE0STN01015","ESM - I (34)"
309,"SJLOGISTIC","S J Logistics (India) Limited","INE0F3301020","ESM - II (35)"
310,"SLONE","Slone Infosystems Limited","INE0SMA01017","ESM - II (35)"
311,"SMARTLINK","Smartlink Holdings Limited","INE178C01020","ESM - II (35)"
312,"SMSLIFE","Sms Lifesciences India Limited","INE320X01016","ESM - II (35)"
313,"SOFTTECH","Softtech Engineers Limited","INE728Z01015","ESM - I (34)"
314,"SOMATEX","Soma Textiles & Industries Limited","INE314C01013","ESM - I (34)"
315,"SONAMAC","Sona Machinery Limited","INE0Q6H01012","ESM - I (34)"
316,"SONAMLTD","Sonam Limited","INE00LM01029","ESM - I (34)"
317,"SONUINFRA","Sonu Infratech Limited","INE0JZA01018","ESM - I (34)"
318,"SPECTSTM","Spectrum Talent Management Limited","INE0OL001018","ESM - II (35)"
319,"SPPPOLY","Spp Polymer Limited","INE0QR801013","ESM - I (34)"
320,"SPRL","Sp Refractories Limited","INE0JW501011","ESM - II (35)"
321,"SRD","Shankar Lal Rampal Dye-Chem Limited","INE01NE01012","ESM - II (35)"
322,"SRPL","Shree Ram Proteins Limited","INE008Z01020","ESM - I (34)"
323,"SSEGL","Sathlokhar Synergys E&C Global Limited","INE0RFP01011","ESM - I (34)"
324,"SSFL","Srivari Spices And Foods Limited","INE0ON201012","ESM - II (35)"
325,"SUMIT","Sumit Woods Limited","INE748Z01013","ESM - II (35)"
326,"SUPERSPIN","Super Spinning Mills Limited","INE662A01027","ESM - II (35)"
327,"SUPREMEENG","Supreme Engineering Limited","INE319Z01021","ESM I & GSM 0 (36)"
328,"SUPREMEINF","Supreme Infrastructure India Limited","INE550H01011","ESM - II (35)"
329,"SUPREMEPWR","Supreme Power Equipment Limited","INE0QHG01026","ESM - I (34)"
330,"SURAJLTD","Suraj Limited","INE713C01016","ESM - I (34)"
331,"SURANASOL","Surana Solar Limited","INE272L01022","ESM - I (34)"
332,"SURANI","Surani Steel Tubes Limited","INE01ZJ01015","ESM - II (35)"
333,"SVLL","Shree Vasu Logistics Limited","INE00CE01017","ESM - II (35)"
334,"SWARAJ","Swaraj Suiting Limited","INE0GMR01016","ESM - I (34)"
335,"TAC","Tac Infosec Limited","INE0SOY01013","ESM - II (35)"
336,"TARAPUR","Tarapur Transformers Limited","INE747K01017","ESM - II (35)"
337,"TBI","Tbi Corn Limited","INE0N2D01013","ESM - I (34)"
338,"TCIFINANCE","Tci Finance Limited","INE911B01018","ESM I & GSM 0 (36)"
339,"TECHERA","Techera Engineering (India) Limited","INE0JQS01019","ESM - II (35)"
340,"TECILCHEM","Tecil Chemicals And Hydro Power Limited","INE014B01011","ESM II & GSM 0 (37)"
341,"TEMBO","Tembo Global Industries Limited","INE869Y01010","ESM - I (34)"
342,"TERASOFT","Tera Software Limited","INE482B01010","ESM - II (35)"
343,"TFL","Transwarranty Finance Limited","INE804H01012","ESM - II (35)"
344,"TGL","Teerth Gopicon Limited","INE0K6601012","ESM - I (34)"
345,"THESL","Thinking Hats Entertainment Solutions Limited","INE0SHE01019","ESM - I (34)"
346,"THOMASCOTT","Thomas Scott (India) Limited","INE480M01011","ESM - I (34)"
347,"TIJARIA","Tijaria Polypipes Limited","INE440L01017","ESM II & GSM 0 (37)"
348,"TIRUPATIFL","Tirupati Forge Limited","INE319Y01024","ESM - II (35)"
349,"TPHQ","Teamo Productions Hq Limited","INE065J01024","ESM - I (34)"
350,"TRANSTEEL","Transteel Seating Technologies Limited","INE0NVI01020","ESM - I (34)"
351,"TRANSWIND","Transwind Infrastructures Limited","INE792X01016","ESM - I (34)"
352,"TREEHOUSE","Tree House Education & Accessories Limited","INE040M01013","ESM - II (35)"
353,"TREJHARA","Trejhara Solutions Limited","INE00CA01015","ESM - I (34)"
354,"TRU","Trucap Finance Limited","INE615R01029","ESM - I (34)"
355,"TTL","T T Limited","INE592B01016","ESM - I (34)"
356,"TVSELECT","Tvs Electronics Limited","INE236G01019","ESM - I (34)"
357,"TVVISION","Tv Vision Limited","INE871L01013","ESM II & GSM 0 (37)"
358,"UHTL","United Heat Transfer Limited","INE0SMR01011","ESM - I (34)"
359,"UMAEXPORTS","Uma Exports Limited","INE0GIU01018","ESM - I (34)"
360,"UNITEDPOLY","United Polyfab Gujarat Limited","INE368U01011","ESM - II (35)"
361,"URBAN","Urban Enviro Waste Management Limited","INE0O0201019","ESM - II (35)"
362,"URJA","Urja Global Limited","INE550C01020","ESM - I (34)"
363,"UTSSAV","Utssav Cz Gold Jewels Limited","INE06IJ01010","ESM - II (35)"
364,"UWCSL","Ultra Wiring Connectivity System Limited","INE00F301010","ESM - I (34)"
365,"VAISHALI","Vaishali Pharma Limited","INE972X01022","ESM - II (35)"
366,"VASWANI","Vaswani Industries Limited","INE590L01019","ESM - I (34)"
367,"VEEKAYEM","Veekayem Fashion And Apparels Limited","INE0KTW01013","ESM - I (34)"
368,"VERA","Vera Synthetic Limited","INE709Z01015","ESM - I (34)"
369,"VETO","Veto Switchgears And Cables Limited","INE918N01018","ESM - II (35)"
370,"VIJIFIN","Viji Finance Limited","INE159N01027","ESM - II (35)"
371,"VILAS","Vilas Transcore Limited","INE0AZY01017","ESM - I (34)"
372,"VINNY","Vinny Overseas Limited","INE01KI01027","ESM - I (34)"
373,"VINYAS","Vinyas Innovative Technologies Limited","INE0OLS01010","ESM - II (35)"
374,"VIPULLTD","Vipul Limited","INE946H01037","ESM - II (35)"
375,"VISHNUINFR","Vishnusurya Projects And Infra Limited","INE0PQ001012","ESM - I (34)"
376,"VIVIANA","Viviana Power Tech Limited","INE0MEG01014","ESM - I (34)"
377,"VLINFRA","V.L.Infraprojects Limited","INE0QXL01015","ESM - II (35)"
378,"VMARCIND","V Marc India Limited","INE0GXK01018","ESM - I (34)"
379,"VR","V R Infraspace Limited","INE0QQM01017","ESM - I (34)"
380,"VSCL","Vadivarhe Speciality Chemicals Limited","INE551Q01028","ESM - I (34)"
381,"WINNY","Winny Immigration & Education Services Limited","INE0S9101013","ESM - I (34)"
382,"WOMANCART","Womancart Limited","INE0Q9601016","ESM - I (34)"
383,"WTICAB","Wise Travel India Limited","INE623Y01011","ESM - I (34)"
384,"ZENITHDRUG","Zenith Drugs Limited","INE0QWN01013","ESM - I (34)"
385,"ZTECH","Z-Tech (India) Limited","INE0ISZ01012","ESM - II (35)"