Symbol,LongName,Industry,Sector,MarketCapCr,Price,Volume,EPS,Equity,Debt,Sales,Dividend,payoutRatio
SIGNPOST.NS,Signpost,Advertising Agencies,Communication Services,1077.0,201.51,26956,0,0,0,0,0,0
RKSWAMY.NS,R K Swamy,Advertising Agencies,Communication Services,504.0,99.86,64932,0,0,0,0,0,0
EXHICON.BO,Exhicon Events Media Solutions,Advertising Agencies,Communication Services,729.0,522.45,15000,0,0,0,0,0,0
CFF.BO,CFF Fluid Control,Aerospace & Defense,Industrials,1141.0,544.1,16400,0,0,0,0,0,0
ROSSTECH.NS,Rossell Techsys,Aerospace & Defense,Industrials,2180.0,578.2,81546,0,0,0,0,0,0
ZUARI.NS,Zuari Agro Chemicals,Agricultural Inputs,Basic Materials,1112.0,264.15,307537,0,0,0,0,0,0
MADRASFERT.NS,Madras Fertilizers,Agricultural Inputs,Basic Materials,1211.0,75.16,134903,0,0,0,0,0,0
SPIC.NS,Southern Petrochemicals IND. Corp.,Agricultural Inputs,Basic Materials,1537.0,75.47,326982,0,0,0,0,0,0
KOTIC.BO,Kothari Industrial Corp.,Agricultural Inputs,Basic Materials,2145.0,198.6,8524,0,0,0,0,0,0
INDOUS.NS,Indo Us Biotech,Agricultural Inputs,Basic Materials,219.0,108.46,16552,0,0,0,0,0,0
TIMESGREEN.BO,Times Green Energy (India),Agricultural Inputs,Basic Materials,27.0,97.45,6000,0,0,0,0,0,0
MBAPL.NS,Madhya Bharat Agro Products,Agricultural Inputs,Basic Materials,3474.0,396.45,138062,0,0,0,0,0,0
RIDDHI.BO,Riddhi Siddhi Gluco Biols Ltd-$,Agricultural Inputs,Basic Materials,414.0,580.5,6963,0,0,0,0,0,0
TUTIALKA.BO,Tuticorin Alkali Chemicals & Fertilizers,Agricultural Inputs,Basic Materials,543.0,44.56,12929,0,0,0,0,0,0
RAMAPHO.NS,Rama Phosphates,Agricultural Inputs,Basic Materials,546.0,151.92,130562,0,0,0,0,0,0
KHAICHEM.NS,Khaitan Chemicals & Fertilizers,Agricultural Inputs,Basic Materials,643.0,65.99,138109,0,0,0,0,0,0
DHARMAJ.NS,Dharmaj Crop Guard,Agricultural Inputs,Basic Materials,791.0,233.99,37560,0,0,0,0,0,0
BSHSL.NS,Bombay Super Hybrid Seeds,Agricultural Inputs,Basic Materials,999.0,95.17,15188,0,0,0,0,0,0
AFCOM.BO,Afcom Holdings,Airlines,Industrials,2112.0,810.3,156000,0,0,0,0,0,0
MMP.NS,MMP IND.,Aluminum,Basic Materials,618.0,243.4,14508,0,0,0,0,0,0
HINDALUMI.BO,Hind Aluminium IND. Ltd-$,Aluminum,Basic Materials,72.0,113.7,68040,0,0,0,0,0,0
NIRAJISPAT.NS,Niraj Ispat IND.,Apparel Manufacturing,Consumer Cyclical,11.0,182.59,269,0,0,0,0,0,0
CEENIK.BO,Ceenik Exports,Apparel Manufacturing,Consumer Cyclical,125.0,309.9,207,0,0,0,0,0,0
ACTIVE.BO,Active Clothing Co,Apparel Manufacturing,Consumer Cyclical,154.0,99.15,3196,0,0,0,0,0,0
ZODIACLOTH.NS,Zodiac Clothing Co.,Apparel Manufacturing,Consumer Cyclical,216.0,78.77,7763,0,0,0,0,0,0
SSDL.NS,Saraswati Saree Depot,Apparel Retail,Consumer Cyclical,276.0,69.78,28296,0,0,0,0,0,0
ZGOLDINV.BO,Gold Rock Investments,Asset Management,Financial Services,1.0,Blank,Blank,0,0,0,0,0,0
JINDALPHOT.NS,Jindal Photo,Asset Management,Financial Services,1348.0,1308.9,8118,0,0,0,0,0,0
BFINVEST.NS,BF Investment,Asset Management,Financial Services,1426.0,376.25,20592,0,0,0,0,0,0
MORARKFI.BO,Morarka Finance,Asset Management,Financial Services,29.0,63.55,12714,0,0,0,0,0,0
NSIL.NS,Nalwa Sons Investments,Asset Management,Financial Services,3068.0,5969.0,4918,0,0,0,0,0,0
LFIC.NS,Lakshmi Finance & Industrial Corp.,Asset Management,Financial Services,45.0,151.2,344,0,0,0,0,0,0
SILINV.NS,SIL Investments,Asset Management,Financial Services,462.0,436.4,8308,0,0,0,0,0,0
PILANIINVS.NS,Pilani Investment & IND. Corp.,Asset Management,Financial Services,5196.0,4693.0,2097,0,0,0,0,0,0
SRAMSET.BO,Shriram Asset Management Co.,Asset Management,Financial Services,648.0,382.75,1607,0,0,0,0,0,0
STEL.NS,Stel Holdings,Asset Management,Financial Services,736.0,398.75,6851,0,0,0,0,0,0
HINDHARD.BO,Hindustan Hardy,Auto Parts,Consumer Cyclical,123.0,820.7,369,0,0,0,0,0,0
IMPAL.NS,India Motor Parts & Accessories,Auto Parts,Consumer Cyclical,1252.0,1002.9,1891,0,0,0,0,0,0
KROSS.NS,Kross,Auto Parts,Consumer Cyclical,1259.0,195.22,643817,0,0,0,0,0,0
HIMTEK.BO,Him Teknoforge,Auto Parts,Consumer Cyclical,177.0,186.95,11661,0,0,0,0,0,0
DOLFIN.BO,Dolfin Rubbers,Auto Parts,Consumer Cyclical,179.0,178.4,3616,0,0,0,0,0,0
DIVGIITTS.NS,Divgi Torqtransfer Sys.,Auto Parts,Consumer Cyclical,1812.0,592.45,4756,0,0,0,0,0,0
URAVIDEF.NS,Uravi Defence & Tech.,Auto Parts,Consumer Cyclical,217.0,191.22,3908,0,0,0,0,0,0
GGAUTO.BO,GG Automotive Gears,Auto Parts,Consumer Cyclical,228.0,228.3,8953,0,0,0,0,0,0
SINTERCOM.NS,Sintercom,Auto Parts,Consumer Cyclical,267.0,97.03,2422,0,0,0,0,0,0
CARRARO.NS,Carraro,Auto Parts,Consumer Cyclical,2835.0,498.6,142210,0,0,0,0,0,0
REMSONSIND.NS,Remsons IND.,Auto Parts,Consumer Cyclical,385.0,110.42,57703,0,0,0,0,0,0
JAGANLAM.BO,Jagan Lamps,Auto Parts,Consumer Cyclical,47.0,64.17,1797,0,0,0,0,0,0
TOLINS.NS,Tolins Tyres,Auto Parts,Consumer Cyclical,471.0,119.23,188565,0,0,0,0,0,0
BENGALASM.BO,Bengal & Assam Co.,Auto Parts,Consumer Cyclical,7322.0,6420.6,874,0,0,0,0,0,0
KINETICENG.BO,Kinetic Engr.,Auto Parts,Consumer Cyclical,762.0,320.05,15290,0,0,0,0,0,0
PORWAL.BO,Porwal Auto Components,Auto Parts,Consumer Cyclical,83.0,54.75,1679,0,0,0,0,0,0
ISTLTD.BO,I S T,Auto Parts,Consumer Cyclical,854.0,731.75,857,0,0,0,0,0,0
KRANTI.BO,Kranti IND.,Auto Parts,Consumer Cyclical,86.0,67.76,888,0,0,0,0,0,0
GRPLTD.NS,GRP,Auto Parts,Consumer Cyclical,903.0,1691.8,4045,0,0,0,0,0,0
JAYBARMARU.NS,Jay Bharat Maruti,Auto Parts,Consumer Cyclical,950.0,87.74,116708,0,0,0,0,0,0
CAPITALSFB.NS,Capital Small Finance Bank,Banks - Regional,Financial Services,1176.0,258.95,43495,0,0,0,0,0,0
SURYODAY.NS,Suryoday Small Finance Bank,Banks - Regional,Financial Services,1444.0,135.88,118905,0,0,0,0,0,0
VINCOFE.NS,Vintage Coffee & Beverages,Beverages - Non-Alcoholic,Consumer Defensive,2133.0,146.25,2206262,0,0,0,0,0,0
NSL.BO,Northern Spirits,Beverages - Wineries & Distilleries,Consumer Defensive,222.0,138.3,49754,0,0,0,0,0,0
FRATELLI.BO,Fratelli Vineyards,Beverages - Wineries & Distilleries,Consumer Defensive,428.0,98.5,8056,0,0,0,0,0,0
JAGAJITIND.BO,Jagatjit IND.,Beverages - Wineries & Distilleries,Consumer Defensive,581.0,124.15,11008,0,0,0,0,0,0
3BBLACKBIO.BO,3B BlackBio Dx,Biotechnology,Healthcare,1339.0,1560.1,5615,0,0,0,0,0,0
LYKALABS.NS,Lyka Labs,Biotechnology,Healthcare,264.0,74.08,23915,0,0,0,0,0,0
ZOTA.NS,Zota Health Care,Biotechnology,Healthcare,3837.0,1265.1,46843,0,0,0,0,0,0
GUJINJEC.BO,Gujarat Inject Kerala,Biotechnology,Healthcare,59.0,40.08,108991,0,0,0,0,0,0
TITANBIO.BO,Titan Biotech,Biotechnology,Healthcare,820.0,992.25,12671,0,0,0,0,0,0
ACESOFT.BO,ACE Soft. Exports,Blank,Blank,Blank,Blank,Blank,Blank,Blank,Blank,Blank,Blank,Blank
ADCINDIA.BO,ADC India comm.,Blank,Blank,Blank,Blank,Blank,Blank,Blank,Blank,Blank,Blank,Blank
ASMTEC.BO,ASM Tech.,Blank,Blank,Blank,Blank,Blank,Blank,Blank,Blank,Blank,Blank,Blank
AGRIBIO.BO,Agribio Spirits,Blank,Blank,Blank,Blank,Blank,Blank,Blank,Blank,Blank,Blank,Blank
ALPINEHOU.BO,Alpine Hsg. Develp.,Blank,Blank,Blank,Blank,Blank,Blank,Blank,Blank,Blank,Blank,Blank
AEL.BO,Amba Entp.,Blank,Blank,Blank,Blank,Blank,Blank,Blank,Blank,Blank,Blank,Blank
AEIM.BO,Artificial Electro. Intelligent Material,Blank,Blank,Blank,Blank,Blank,Blank,Blank,Blank,Blank,Blank,Blank
ARUNIS.BO,Arunis Abode,Blank,Blank,Blank,Blank,Blank,Blank,Blank,Blank,Blank,Blank,Blank
ARYACAPM.BO,Aryaman Capital Markets,Blank,Blank,Blank,Blank,Blank,Blank,Blank,Blank,Blank,Blank,Blank
ASTALLTD.BO,Astal Lab.,Blank,Blank,Blank,Blank,Blank,Blank,Blank,Blank,Blank,Blank,Blank
ATISHAY.BO,Atishay,Blank,Blank,Blank,Blank,Blank,Blank,Blank,Blank,Blank,Blank,Blank
AUTOINT.BO,Autoriders Int.,Blank,Blank,Blank,Blank,Blank,Blank,Blank,Blank,Blank,Blank,Blank
BANGANGA.BO,Banganga Paper Ind.,Blank,Blank,Blank,Blank,Blank,Blank,Blank,Blank,Blank,Blank,Blank
BRPL.BO,Bansal Roofing Prod.,Blank,Blank,Blank,Blank,Blank,Blank,Blank,Blank,Blank,Blank,Blank
BEEKAY.BO,Beekay Steel Ind.,Blank,Blank,Blank,Blank,Blank,Blank,Blank,Blank,Blank,Blank,Blank
BEMHY.BO,Bemco Hydraulics,Blank,Blank,Blank,Blank,Blank,Blank,Blank,Blank,Blank,Blank,Blank
BHANDERI.BO,Bhanderi Infracon,Blank,Blank,Blank,Blank,Blank,Blank,Blank,Blank,Blank,Blank,Blank
BI.BO,Bilcare,Blank,Blank,Blank,Blank,Blank,Blank,Blank,Blank,Blank,Blank,Blank
ZBINTXPP.BO,Binayak Tex Processors,Blank,Blank,Blank,Blank,Blank,Blank,Blank,Blank,Blank,Blank,Blank
BLACKROSE.BO,Black Rose Ind.,Blank,Blank,Blank,Blank,Blank,Blank,Blank,Blank,Blank,Blank,Blank
BRIGHTBR.BO,Bright Brothers,Blank,Blank,Blank,Blank,Blank,Blank,Blank,Blank,Blank,Blank,Blank
CANDOUR.BO,Candour Techtex,Blank,Blank,Blank,Blank,Blank,Blank,Blank,Blank,Blank,Blank,Blank
CENLUB.BO,Cenlub Ind.,Blank,Blank,Blank,Blank,Blank,Blank,Blank,Blank,Blank,Blank,Blank
CHENFERRO.BO,Chennai Ferrous Ind.,Blank,Blank,Blank,Blank,Blank,Blank,Blank,Blank,Blank,Blank,Blank
CHOKSILA.BO,Choksi Lab.,Blank,Blank,Blank,Blank,Blank,Blank,Blank,Blank,Blank,Blank,Blank
COCHINM.BO,Cochin Minerals& Rutiles,Blank,Blank,Blank,Blank,Blank,Blank,Blank,Blank,Blank,Blank,Blank
CONTPTR.BO,Continental Petroleums,Blank,Blank,Blank,Blank,Blank,Blank,Blank,Blank,Blank,Blank,Blank
COSMOFE.BO,Cosmo Ferrites,Blank,Blank,Blank,Blank,Blank,Blank,Blank,Blank,Blank,Blank,Blank
CRSTCHM.BO,Crestchem,Blank,Blank,Blank,Blank,Blank,Blank,Blank,Blank,Blank,Blank,Blank
DECNGOLD.BO,Deccan Gold Mines,Blank,Blank,Blank,Blank,Blank,Blank,Blank,Blank,Blank,Blank,Blank
DEEPAKSP.BO,Deepak Spinners,Blank,Blank,Blank,Blank,Blank,Blank,Blank,Blank,Blank,Blank,Blank
DHOOTIN.BO,Dhoot Ind. Fin.,Blank,Blank,Blank,Blank,Blank,Blank,Blank,Blank,Blank,Blank,Blank
DRAGARWQ.BO,Dr Agarwals Eye Hosp.,Blank,Blank,Blank,Blank,Blank,Blank,Blank,Blank,Blank,Blank,Blank
ELITECON.BO,Elitecon Int.,Blank,Blank,Blank,Blank,Blank,Blank,Blank,Blank,Blank,Blank,Blank
EMERALD.BO,Emerald Fin.,Blank,Blank,Blank,Blank,Blank,Blank,Blank,Blank,Blank,Blank,Blank
EXPOEAPL.BO,Expo Eng.& Projt.,Blank,Blank,Blank,Blank,Blank,Blank,Blank,Blank,Blank,Blank,Blank
FMEC.BO,F Mec Int. Fin. Srvs.,Blank,Blank,Blank,Blank,Blank,Blank,Blank,Blank,Blank,Blank,Blank
FREDUN.BO,Fredun Pharma.,Blank,Blank,Blank,Blank,Blank,Blank,Blank,Blank,Blank,Blank,Blank
GTTDATA.BO,GTT Data Solu.,Blank,Blank,Blank,Blank,Blank,Blank,Blank,Blank,Blank,Blank,Blank
GTV.BO,GTV Eng.,Blank,Blank,Blank,Blank,Blank,Blank,Blank,Blank,Blank,Blank,Blank
GARNET.BO,Garnet Constr.,Blank,Blank,Blank,Blank,Blank,Blank,Blank,Blank,Blank,Blank,Blank
GARNETINT.BO,Garnet Int.,Blank,Blank,Blank,Blank,Blank,Blank,Blank,Blank,Blank,Blank,Blank
GENESIS.BO,Genesis Ibrc India,Blank,Blank,Blank,Blank,Blank,Blank,Blank,Blank,Blank,Blank,Blank
GINISILK.BO,Gini Silk Mills,Blank,Blank,Blank,Blank,Blank,Blank,Blank,Blank,Blank,Blank,Blank
GITARENEW.BO,Gita Renew Energy,Blank,Blank,Blank,Blank,Blank,Blank,Blank,Blank,Blank,Blank,Blank
GODAVARI.BO,Godavari Drugs,Blank,Blank,Blank,Blank,Blank,Blank,Blank,Blank,Blank,Blank,Blank
GUJCRAFT.BO,Guj. Craft Ind.,Blank,Blank,Blank,Blank,Blank,Blank,Blank,Blank,Blank,Blank,Blank
GNRL.BO,Guj. Natural Resources,Blank,Blank,Blank,Blank,Blank,Blank,Blank,Blank,Blank,Blank,Blank
HRYNSHP.BO,Hariyana Ship Breakers,Blank,Blank,Blank,Blank,Blank,Blank,Blank,Blank,Blank,Blank,Blank
IIRM.BO,IIRM Holdings India,Blank,Blank,Blank,Blank,Blank,Blank,Blank,Blank,Blank,Blank,Blank
IMEC.BO,Imec Srvs.,Blank,Blank,Blank,Blank,Blank,Blank,Blank,Blank,Blank,Blank,Blank
JAMESWARREN.BO,James Warren Tea,Blank,Blank,Blank,Blank,Blank,Blank,Blank,Blank,Blank,Blank,Blank
JUMBO.BO,Jumbo Bag,Blank,Blank,Blank,Blank,Blank,Blank,Blank,Blank,Blank,Blank,Blank
KANCHI.BO,Kanchi Karpooram,Blank,Blank,Blank,Blank,Blank,Blank,Blank,Blank,Blank,Blank,Blank
KANSHST.BO,Kanishk Steel Ind.,Blank,Blank,Blank,Blank,Blank,Blank,Blank,Blank,Blank,Blank,Blank
KERALAYUR.BO,Kerala Ayurveda,Blank,Blank,Blank,Blank,Blank,Blank,Blank,Blank,Blank,Blank,Blank
KDML.BO,Khemani Distrib.& Marktg,Blank,Blank,Blank,Blank,Blank,Blank,Blank,Blank,Blank,Blank,Blank
KINGSINFR.BO,Kings Infra Vntrs.,Blank,Blank,Blank,Blank,Blank,Blank,Blank,Blank,Blank,Blank,Blank
KIRANVYPAR.BO,Kiran Vyapar,Blank,Blank,Blank,Blank,Blank,Blank,Blank,Blank,Blank,Blank,Blank
KVFORGE.BO,Krishanveer Forge,Blank,Blank,Blank,Blank,Blank,Blank,Blank,Blank,Blank,Blank,Blank
LAXMIPATI.BO,Laxmipati Eng. Works,Blank,Blank,Blank,Blank,Blank,Blank,Blank,Blank,Blank,Blank,Blank
LOYAL.BO,Loyal Equip.,Blank,Blank,Blank,Blank,Blank,Blank,Blank,Blank,Blank,Blank,Blank
LUDLOWJUT.BO,Ludlow Jute& Spcl.,Blank,Blank,Blank,Blank,Blank,Blank,Blank,Blank,Blank,Blank,Blank
METSL.BO,Maestros Electro.& Telec. Sys.,Blank,Blank,Blank,Blank,Blank,Blank,Blank,Blank,Blank,Blank,Blank
MENNPIS.BO,Menon Pistons,Blank,Blank,Blank,Blank,Blank,Blank,Blank,Blank,Blank,Blank,Blank
MIDWEST.BO,Midwest Gold,Blank,Blank,Blank,Blank,Blank,Blank,Blank,Blank,Blank,Blank,Blank
MITSU.BO,Mitsu Chem Plast,Blank,Blank,Blank,Blank,Blank,Blank,Blank,Blank,Blank,Blank,Blank
MIZVEN.BO,Mizzen Vntrs.,Blank,Blank,Blank,Blank,Blank,Blank,Blank,Blank,Blank,Blank,Blank
MKVENTURES.BO,Mkventures Capital,Blank,Blank,Blank,Blank,Blank,Blank,Blank,Blank,Blank,Blank,Blank
MODINSU.BO,Modern Insulators,Blank,Blank,Blank,Blank,Blank,Blank,Blank,Blank,Blank,Blank,Blank
MORGAN.BO,Morgan Vntrs.,Blank,Blank,Blank,Blank,Blank,Blank,Blank,Blank,Blank,Blank,Blank
NTCIND.BO,NTC Ind.,Blank,Blank,Blank,Blank,Blank,Blank,Blank,Blank,Blank,Blank,Blank
NATPLAS.BO,Nat. Plastic Ind.,Blank,Blank,Blank,Blank,Blank,Blank,Blank,Blank,Blank,Blank,Blank
NAVIGANT.BO,Navigant Corp. Advisors,Blank,Blank,Blank,Blank,Blank,Blank,Blank,Blank,Blank,Blank,Blank
NEELKANTH.BO,Neelkanth,Blank,Blank,Blank,Blank,Blank,Blank,Blank,Blank,Blank,Blank,Blank
ODYSSEY.BO,Odyssey Tech.,Blank,Blank,Blank,Blank,Blank,Blank,Blank,Blank,Blank,Blank,Blank
ONEGLOBAL.BO,One Global Service Provider,Blank,Blank,Blank,Blank,Blank,Blank,Blank,Blank,Blank,Blank,Blank
PGFOILQ.BO,PG Foils,Blank,Blank,Blank,Blank,Blank,Blank,Blank,Blank,Blank,Blank,Blank
POEL.BO,POCL Entp.,Blank,Blank,Blank,Blank,Blank,Blank,Blank,Blank,Blank,Blank,Blank
PALCO.BO,Palco Metals,Blank,Blank,Blank,Blank,Blank,Blank,Blank,Blank,Blank,Blank,Blank
PANCHSHEEL.BO,Panchsheel Organics,Blank,Blank,Blank,Blank,Blank,Blank,Blank,Blank,Blank,Blank,Blank
PJL.BO,Patdiam Jewellery,Blank,Blank,Blank,Blank,Blank,Blank,Blank,Blank,Blank,Blank,Blank
PML.BO,Paul Merchants,Blank,Blank,Blank,Blank,Blank,Blank,Blank,Blank,Blank,Blank,Blank
PETPLST.BO,Pet Plastics,Blank,Blank,Blank,Blank,Blank,0,0,0,0,0,0
PHOENIXTN.BO,Phoenix Township,Blank,Blank,Blank,Blank,Blank,Blank,Blank,Blank,Blank,Blank,Blank
PRADPME.BO,Pradeep Metals,Blank,Blank,Blank,Blank,Blank,Blank,Blank,Blank,Blank,Blank,Blank
PRITHVIEXCH.BO,Prithvi Exch. (India),Blank,Blank,Blank,Blank,Blank,Blank,Blank,Blank,Blank,Blank,Blank
RIR.BO,RIR Power Electro.,Blank,Blank,Blank,Blank,Blank,Blank,Blank,Blank,Blank,Blank,Blank
RSDFIN.BO,RSD Fin.,Blank,Blank,Blank,Blank,Blank,Blank,Blank,Blank,Blank,Blank,Blank
RAFL.BO,Raghuvansh Agrofarms,Blank,Blank,Blank,Blank,Blank,Blank,Blank,Blank,Blank,Blank,Blank
RAGHUSYN.BO,Raghuvir Synthetics,Blank,Blank,Blank,Blank,Blank,Blank,Blank,Blank,Blank,Blank,Blank
RAINBOWF.BO,Rainbow Foundations,Blank,Blank,Blank,Blank,Blank,Blank,Blank,Blank,Blank,Blank,Blank
RAMAVISION.BO,Rama Vision,Blank,Blank,Blank,Blank,Blank,Blank,Blank,Blank,Blank,Blank,Blank
RASANDIK.BO,Rasandik Eng. Ind. India,Blank,Blank,Blank,Blank,Blank,Blank,Blank,Blank,Blank,Blank,Blank
REMIEDEL.BO,Remi Edelstahl Tubulars,Blank,Blank,Blank,Blank,Blank,Blank,Blank,Blank,Blank,Blank,Blank
RISHILASE.BO,Rishi Laser,Blank,Blank,Blank,Blank,Blank,Blank,Blank,Blank,Blank,Blank,Blank
RISHIROOP.BO,Rishiroop,Blank,Blank,Blank,Blank,Blank,Blank,Blank,Blank,Blank,Blank,Blank
RGIL.BO,Rotographics (India),Blank,Blank,Blank,Blank,Blank,Blank,Blank,Blank,Blank,Blank,Blank
SAGARSOFT.BO,Sagarsoft (India),Blank,Blank,Blank,Blank,Blank,Blank,Blank,Blank,Blank,Blank,Blank
SAMRATPH.BO,Samrat Pharmachem,Blank,Blank,Blank,Blank,Blank,Blank,Blank,Blank,Blank,Blank,Blank
SANJIVIN.BO,Sanjivani Paranteral,Blank,Blank,Blank,Blank,Blank,Blank,Blank,Blank,Blank,Blank,Blank
ZSARACOM.BO,Saraswati Comm. India,Blank,Blank,Blank,Blank,Blank,Blank,Blank,Blank,Blank,Blank,Blank
SEIL.BO,Shanti Educational Initiatives,Blank,Blank,Blank,Blank,Blank,Blank,Blank,Blank,Blank,Blank,Blank
SHRDAIS.BO,Sharda Ispat,Blank,Blank,Blank,Blank,Blank,Blank,Blank,Blank,Blank,Blank,Blank
SHRADDHA.BO,Shraddha Prime Projt.,Blank,Blank,Blank,Blank,Blank,Blank,Blank,Blank,Blank,Blank,Blank
SHBAJRG.BO,Shri Bajrang Alliance,Blank,Blank,Blank,Blank,Blank,Blank,Blank,Blank,Blank,Blank,Blank
SHRIGANG.BO,Shri Gang Ind.& Allied Prod.,Blank,Blank,Blank,Blank,Blank,Blank,Blank,Blank,Blank,Blank,Blank
SHRJAGP.BO,Shri Jagdamba Polymers,Blank,Blank,Blank,Blank,Blank,Blank,Blank,Blank,Blank,Blank,Blank
SILVOAK.BO,Silver Oak India,Blank,Blank,Blank,Blank,Blank,Blank,Blank,Blank,Blank,Blank,Blank
SIMPLEXCAS.BO,Simplex Castings,Blank,Blank,Blank,Blank,Blank,Blank,Blank,Blank,Blank,Blank,Blank
SITAENT.BO,Sita Entp.,Blank,Blank,Blank,Blank,Blank,Blank,Blank,Blank,Blank,Blank,Blank
SKYIND.BO,Sky Ind.,Blank,Blank,Blank,Blank,Blank,Blank,Blank,Blank,Blank,Blank,Blank
SOBME.BO,Sobhagya Mercantile,Blank,Blank,Blank,Blank,Blank,Blank,Blank,Blank,Blank,Blank,Blank
SOMAPPR.BO,Soma Papers& Ind.,Blank,Blank,Blank,Blank,Blank,Blank,Blank,Blank,Blank,Blank,Blank
SOUTHMG.BO,Southern Magnesium& Chem.,Blank,Blank,Blank,Blank,Blank,Blank,Blank,Blank,Blank,Blank,Blank
STARDELTA.BO,Star Delta Transfor.,Blank,Blank,Blank,Blank,Blank,Blank,Blank,Blank,Blank,Blank,Blank
SUJALA.BO,Sujala Trading& Holdings,Blank,Blank,Blank,Blank,Blank,Blank,Blank,Blank,Blank,Blank,Blank
TAALTECH.BO,TAAL Tech,Blank,Blank,Blank,Blank,Blank,Blank,Blank,Blank,Blank,Blank,Blank
TCC.BO,TCC Concept,Blank,Blank,Blank,Blank,Blank,Blank,Blank,Blank,Blank,Blank,Blank
TEXELIN.BO,Texel Ind.,Blank,Blank,Blank,Blank,Blank,Blank,Blank,Blank,Blank,Blank,Blank
UDAYJEW.BO,Uday Jewellery Ind.,Blank,Blank,Blank,Blank,Blank,Blank,Blank,Blank,Blank,Blank,Blank
UNIAUTO.BO,Universal Autofoundry,Blank,Blank,Blank,Blank,Blank,Blank,Blank,Blank,Blank,Blank,Blank
VRL.BO,Vasundhara Rasayans,Blank,Blank,Blank,Blank,Blank,Blank,Blank,Blank,Blank,Blank,Blank
VEGA.BO,Vega Jewellers,Blank,Blank,Blank,Blank,Blank,Blank,Blank,Blank,Blank,Blank,Blank
VERITAS.BO,Veritas (India),Blank,Blank,Blank,Blank,Blank,Blank,Blank,Blank,Blank,Blank,Blank
KAMATS.BO,Vikram Kamats Hospitality,Blank,Blank,Blank,Blank,Blank,Blank,Blank,Blank,Blank,Blank,Blank
VIKRAMTH.BO,Vikram Thermo India,Blank,Blank,Blank,Blank,Blank,Blank,Blank,Blank,Blank,Blank,Blank
VINYOFL.BO,Vinyoflex,Blank,Blank,Blank,Blank,Blank,Blank,Blank,Blank,Blank,Blank,Blank
VIRAT.BO,Virat Ind.,Blank,Blank,Blank,Blank,Blank,Blank,Blank,Blank,Blank,Blank,Blank
VIRYA.BO,Virya Resources,Blank,Blank,Blank,Blank,Blank,Blank,Blank,Blank,Blank,Blank,Blank
VISTARAMAR.BO,Vistar Amar,Blank,Blank,Blank,Blank,Blank,Blank,Blank,Blank,Blank,Blank,Blank
WINSOMTX.BO,Winsome Textile Ind.,Blank,Blank,Blank,Blank,Blank,Blank,Blank,Blank,Blank,Blank,Blank
SUPREMEPWR.NS,,Blank,Blank,Blank,Blank,Blank,Blank,Blank,Blank,Blank,Blank,Blank
^CNXMEDIA,,Blank,Blank,Blank,Blank,Blank,Blank,Blank,Blank,Blank,Blank,Blank
SJLOGISTIC.NS,,Blank,Blank,Blank,Blank,Blank,Blank,Blank,Blank,Blank,Blank,Blank
SSFL.NS,,Blank,Blank,Blank,Blank,Blank,Blank,Blank,Blank,Blank,Blank,Blank
SPRL.NS,,Blank,Blank,Blank,Blank,Blank,Blank,Blank,Blank,Blank,Blank,Blank
SPECTSTM.NS,,Blank,Blank,Blank,Blank,Blank,Blank,Blank,Blank,Blank,Blank,Blank
SONUINFRA.NS,,Blank,Blank,Blank,Blank,Blank,Blank,Blank,Blank,Blank,Blank,Blank
^CNXMNC,,Blank,Blank,Blank,Blank,Blank,Blank,Blank,Blank,Blank,Blank,Blank
SLONE.NS,,Blank,Blank,Blank,Blank,Blank,Blank,Blank,Blank,Blank,Blank,Blank
SURANI.NS,,Blank,Blank,Blank,Blank,Blank,Blank,Blank,Blank,Blank,Blank,Blank
WTICAB.NS,,Blank,Blank,Blank,Blank,Blank,Blank,Blank,Blank,Blank,Blank,Blank
WOMANCART.NS,,Blank,Blank,Blank,Blank,Blank,Blank,Blank,Blank,Blank,Blank,Blank
VERA.NS,,Blank,Blank,Blank,Blank,Blank,Blank,Blank,Blank,Blank,Blank,Blank
VEEKAYEM.NS,,Blank,Blank,Blank,Blank,Blank,Blank,Blank,Blank,Blank,Blank,Blank
VILAS.NS,,Blank,Blank,Blank,Blank,Blank,Blank,Blank,Blank,Blank,Blank,Blank
VINYAS.NS,,Blank,Blank,Blank,Blank,Blank,Blank,Blank,Blank,Blank,Blank,Blank
VISHNUINFR.NS,,Blank,Blank,Blank,Blank,Blank,Blank,Blank,Blank,Blank,Blank,Blank
VIVIANA.NS,,Blank,Blank,Blank,Blank,Blank,Blank,Blank,Blank,Blank,Blank,Blank
UWCSL.NS,,Blank,Blank,Blank,Blank,Blank,Blank,Blank,Blank,Blank,Blank,Blank
VR.NS,,Blank,Blank,Blank,Blank,Blank,Blank,Blank,Blank,Blank,Blank,Blank
URBAN.NS,,Blank,Blank,Blank,Blank,Blank,Blank,Blank,Blank,Blank,Blank,Blank
WINNY.NS,,Blank,Blank,Blank,Blank,Blank,Blank,Blank,Blank,Blank,Blank,Blank
TRANSTEEL.NS,,Blank,Blank,Blank,Blank,Blank,Blank,Blank,Blank,Blank,Blank,Blank
TBI.NS,,Blank,Blank,Blank,Blank,Blank,Blank,Blank,Blank,Blank,Blank,Blank
TAC.NS,,Blank,Blank,Blank,Blank,Blank,Blank,Blank,Blank,Blank,Blank,Blank
SWARAJ.NS,,Blank,Blank,Blank,Blank,Blank,Blank,Blank,Blank,Blank,Blank,Blank
MEGAFLEX.NS,,Blank,Blank,Blank,Blank,Blank,Blank,Blank,Blank,Blank,Blank,Blank
AISL.NS,,Blank,Blank,Blank,Blank,Blank,Blank,Blank,Blank,Blank,Blank,Blank
ESFL.NS,,Blank,Blank,Blank,Blank,Blank,Blank,Blank,Blank,Blank,Blank,Blank
FELIX.NS,,Blank,Blank,Blank,Blank,Blank,Blank,Blank,Blank,Blank,Blank,Blank
GOLDKART.NS,,Blank,Blank,Blank,Blank,Blank,Blank,Blank,Blank,Blank,Blank,Blank
GPECO.NS,,Blank,Blank,Blank,Blank,Blank,Blank,Blank,Blank,Blank,Blank,Blank
GRCL.NS,,Blank,Blank,Blank,Blank,Blank,Blank,Blank,Blank,Blank,Blank,Blank
GRETEX.NS,,Blank,Blank,Blank,Blank,Blank,Blank,Blank,Blank,Blank,Blank,Blank
GSMFOILS.NS,,Blank,Blank,Blank,Blank,Blank,Blank,Blank,Blank,Blank,Blank,Blank
HERCULES.NS,,Blank,Blank,Blank,Blank,Blank,Blank,Blank,Blank,Blank,Blank,Blank
HIGREEN.NS,,Blank,Blank,Blank,Blank,Blank,Blank,Blank,Blank,Blank,Blank,Blank
HOLMARC.NS,,Blank,Blank,Blank,Blank,Blank,Blank,Blank,Blank,Blank,Blank,Blank
INFINIUM.NS,,Blank,Blank,Blank,Blank,Blank,Blank,Blank,Blank,Blank,Blank,Blank
INFOLLION.NS,,Blank,Blank,Blank,Blank,Blank,Blank,Blank,Blank,Blank,Blank,Blank
PARIN.NS,,Blank,Blank,Blank,Blank,Blank,Blank,Blank,Blank,Blank,Blank,Blank
IPSL.NS,,Blank,Blank,Blank,Blank,Blank,Blank,Blank,Blank,Blank,Blank,Blank
JAINAM.NS,,Blank,Blank,Blank,Blank,Blank,Blank,Blank,Blank,Blank,Blank,Blank
KANDARP.NS,,Blank,Blank,Blank,Blank,Blank,Blank,Blank,Blank,Blank,Blank,Blank
KARNIKA.NS,,Blank,Blank,Blank,Blank,Blank,Blank,Blank,Blank,Blank,Blank,Blank
MBECL.NS,,Blank,Blank,Blank,Blank,Blank,Blank,Blank,Blank,Blank,Blank,Blank
NEPHROCARE.NS,,Blank,Blank,Blank,Blank,Blank,Blank,Blank,Blank,Blank,Blank,Blank
MASTER.NS,,Blank,Blank,Blank,Blank,Blank,Blank,Blank,Blank,Blank,Blank,Blank
NIRMAN.NS,,Blank,Blank,Blank,Blank,Blank,Blank,Blank,Blank,Blank,Blank,Blank
MASON.NS,,Blank,Blank,Blank,Blank,Blank,Blank,Blank,Blank,Blank,Blank,Blank
OMFURN.NS,,Blank,Blank,Blank,Blank,Blank,Blank,Blank,Blank,Blank,Blank,Blank
ESCONET.NS,,Blank,Blank,Blank,Blank,Blank,Blank,Blank,Blank,Blank,Blank,Blank
MAITREYA.NS,,Blank,Blank,Blank,Blank,Blank,Blank,Blank,Blank,Blank,Blank,Blank
KORE.NS,,Blank,Blank,Blank,Blank,Blank,Blank,Blank,Blank,Blank,Blank,Blank
KONTOR.NS,,Blank,Blank,Blank,Blank,Blank,Blank,Blank,Blank,Blank,Blank,Blank
KEL.NS,,Blank,Blank,Blank,Blank,Blank,Blank,Blank,Blank,Blank,Blank,Blank
KDL.NS,,Blank,Blank,Blank,Blank,Blank,Blank,Blank,Blank,Blank,Blank,Blank
KCEIL.NS,,Blank,Blank,Blank,Blank,Blank,Blank,Blank,Blank,Blank,Blank,Blank
ONDOOR.NS,,Blank,Blank,Blank,Blank,Blank,Blank,Blank,Blank,Blank,Blank,Blank
LRRPL.NS,,Blank,Blank,Blank,Blank,Blank,Blank,Blank,Blank,Blank,Blank,Blank
ENFUSE.NS,,Blank,Blank,Blank,Blank,Blank,Blank,Blank,Blank,Blank,Blank,Blank
EMMIL.NS,,Blank,Blank,Blank,Blank,Blank,Blank,Blank,Blank,Blank,Blank,Blank
PATTECH.NS,,Blank,Blank,Blank,Blank,Blank,Blank,Blank,Blank,Blank,Blank,Blank
SAHAJSOLAR.NS,,Blank,Blank,Blank,Blank,Blank,Blank,Blank,Blank,Blank,Blank,Blank
CMMIPL.NS,,Blank,Blank,Blank,Blank,Blank,Blank,Blank,Blank,Blank,Blank,Blank
BEWLTD.NS,,Blank,Blank,Blank,Blank,Blank,Blank,Blank,Blank,Blank,Blank,Blank
BASILIC.NS,,Blank,Blank,Blank,Blank,Blank,Blank,Blank,Blank,Blank,Blank,Blank
BAHETI.NS,,Blank,Blank,Blank,Blank,Blank,Blank,Blank,Blank,Blank,Blank,Blank
AVPINFRA.NS,,Blank,Blank,Blank,Blank,Blank,Blank,Blank,Blank,Blank,Blank,Blank
CMNL.NS,,Blank,Blank,Blank,Blank,Blank,Blank,Blank,Blank,Blank,Blank,Blank
NAMAN.NS,,Blank,Blank,Blank,Blank,Blank,Blank,Blank,Blank,Blank,Blank,Blank
ARISTO.NS,,Blank,Blank,Blank,Blank,Blank,Blank,Blank,Blank,Blank,Blank,Blank
ARIHANTACA.NS,,Blank,Blank,Blank,Blank,Blank,Blank,Blank,Blank,Blank,Blank,Blank
SILKFLEX.NS,,Blank,Blank,Blank,Blank,Blank,Blank,Blank,Blank,Blank,Blank,Blank
APS.NS,,Blank,Blank,Blank,Blank,Blank,Blank,Blank,Blank,Blank,Blank,Blank
AMEYA.NS,,Blank,Blank,Blank,Blank,Blank,Blank,Blank,Blank,Blank,Blank,Blank
ALLETEC.NS,,Blank,Blank,Blank,Blank,Blank,Blank,Blank,Blank,Blank,Blank,Blank
ATMASTCO.NS,,Blank,Blank,Blank,Blank,Blank,Blank,Blank,Blank,Blank,Blank,Blank
AIMTRON.NS,,Blank,Blank,Blank,Blank,Blank,Blank,Blank,Blank,Blank,Blank,Blank
COMMITTED.NS,,Blank,Blank,Blank,Blank,Blank,Blank,Blank,Blank,Blank,Blank,Blank
DENEERS.NS,,Blank,Blank,Blank,Blank,Blank,Blank,Blank,Blank,Blank,Blank,Blank
EFFWA.NS,,Blank,Blank,Blank,Blank,Blank,Blank,Blank,Blank,Blank,Blank,Blank
PRATHAM.NS,,Blank,Blank,Blank,Blank,Blank,Blank,Blank,Blank,Blank,Blank,Blank
PRESSTONIC.NS,,Blank,Blank,Blank,Blank,Blank,Blank,Blank,Blank,Blank,Blank,Blank
EFACTOR.NS,,Blank,Blank,Blank,Blank,Blank,Blank,Blank,Blank,Blank,Blank,Blank
PRITIKA.NS,,Blank,Blank,Blank,Blank,Blank,Blank,Blank,Blank,Blank,Blank,Blank
DYNAMIC.NS,,Blank,Blank,Blank,Blank,Blank,Blank,Blank,Blank,Blank,Blank,Blank
CPS.NS,,Blank,Blank,Blank,Blank,Blank,Blank,Blank,Blank,Blank,Blank,Blank
DRSDILIP.NS,,Blank,Blank,Blank,Blank,Blank,Blank,Blank,Blank,Blank,Blank,Blank
DIGIKORE.NS,,Blank,Blank,Blank,Blank,Blank,Blank,Blank,Blank,Blank,Blank,Blank
DHTL.NS,,Blank,Blank,Blank,Blank,Blank,Blank,Blank,Blank,Blank,Blank,Blank
PRIZOR.NS,,Blank,Blank,Blank,Blank,Blank,Blank,Blank,Blank,Blank,Blank,Blank
RBMINFRA.NS,,Blank,Blank,Blank,Blank,Blank,Blank,Blank,Blank,Blank,Blank,Blank
DESTINY.NS,,Blank,Blank,Blank,Blank,Blank,Blank,Blank,Blank,Blank,Blank,Blank
RBS.NS,,Blank,Blank,Blank,Blank,Blank,Blank,Blank,Blank,Blank,Blank,Blank
DPEL.NS,,Blank,Blank,Blank,Blank,Blank,Blank,Blank,Blank,Blank,Blank,Blank
SEL.NS,,Blank,Blank,Blank,Blank,Blank,Blank,Blank,Blank,Blank,Blank,Blank
^INDIAVIX,,Blank,Blank,Blank,Blank,Blank,Blank,Blank,Blank,Blank,Blank,Blank
CRIMSON.BO,,Blank,Blank,Blank,Blank,Blank,Blank,Blank,Blank,Blank,Blank,Blank
HIRAUTO.BO,,Blank,Blank,Blank,Blank,Blank,Blank,Blank,Blank,Blank,Blank,Blank
^NSMIDCP,,Blank,Blank,Blank,Blank,Blank,Blank,Blank,Blank,Blank,Blank,Blank
DIKSAT.BO,Diksat Transworld,Broadcasting,Communication Services,200.0,114.0,750,0,0,0,0,0,0
RAJTV.NS,Raj Television Network,Broadcasting,Communication Services,211.0,40.0,4295,0,0,0,0,0,0
ENIL.NS,Entertainment Network (India),Broadcasting,Communication Services,536.0,112.49,23859,0,0,0,0,0,0
SABTNL.NS,Sri Adhikari Brothers Television Network,Broadcasting,Communication Services,5598.0,2188.7,45066,0,0,0,0,0,0
KCP.NS,KCP,Building Materials,Basic Materials,2127.0,165.0,180631,0,0,0,0,0,0
SKCIL.BO,Shri Keshav Cements & Infra,Building Materials,Basic Materials,340.0,194.1,239,0,0,0,0,0,0
GSLSU.NS,Global Surfaces,Building Materials,Basic Materials,381.0,86.87,99072,0,0,0,0,0,0
KAKATCEM.NS,Kakatiya Cement Sugar & IND.,Building Materials,Basic Materials,90.0,115.77,2687,0,0,0,0,0,0
DECCANCE.NS,Deccan Cements,Building Materials,Basic Materials,934.0,666.6,129265,0,0,0,0,0,0
MADHAV.NS,Madhav Marbles & Granites,Building Products & Equipment,Industrials,34.0,37.8,14513,0,0,0,0,0,0
ORIENTBELL.NS,Orient Bell,Building Products & Equipment,Industrials,395.0,266.8,8053,0,0,0,0,0,0
KRITI.NS,Kriti IND. (India),Building Products & Equipment,Industrials,408.0,77.46,25568,0,0,0,0,0,0
AHLADA.NS,Ahlada Engineers,Building Products & Equipment,Industrials,69.0,53.13,26994,0,0,0,0,0,0
MASTERTR.NS,Master Trust,Capital Markets,Financial Services,1236.0,100.36,90740,0,0,0,0,0,0
MUNCAPM.BO,Munoth Capital Markets,Capital Markets,Financial Services,128.0,Blank,Blank,0,0,0,0,0,0
DSINVEST.BO,Dalal Street Investments,Capital Markets,Financial Services,13.0,408.0,12,0,0,0,0,0,0
ZMILGFIN.BO,Milgrey Finance & Investments,Capital Markets,Financial Services,130.0,60.34,123979,0,0,0,0,0,0
STEELCITY.NS,Steel City SEC.,Capital Markets,Financial Services,132.0,87.2,5571,0,0,0,0,0,0
UPSURGE.BO,Upsurge Investment & Finance,Capital Markets,Financial Services,140.0,70.0,3634,0,0,0,0,0,0
DOLATALGO.NS,Dolat Algotech,Capital Markets,Financial Services,1431.0,81.29,308680,0,0,0,0,0,0
PNBGILTS.NS,PNB Gilts,Capital Markets,Financial Services,1437.0,79.82,1051611,0,0,0,0,0,0
SWASTIKA.BO,Swastika Investmart,Capital Markets,Financial Services,146.0,72.63,11483,0,0,0,0,0,0
KEYFINSERV.NS,Keynote fin. Serv.,Capital Markets,Financial Services,155.0,277.2,57565,0,0,0,0,0,0
LKPFIN.BO,LKP Finance,Capital Markets,Financial Services,1610.0,1047.8,11309,0,0,0,0,0,0
SMCGLOBAL.NS,SMC Global SEC.,Capital Markets,Financial Services,1615.0,77.04,727551,0,0,0,0,0,0
RIKHAV.BO,Rikhav SEC.,Capital Markets,Financial Services,178.0,46.36,32000,0,0,0,0,0,0
SODFC.BO,Som Datt Finance Corp.,Capital Markets,Financial Services,182.0,107.25,4616,0,0,0,0,0,0
SUMMITSEC.NS,Summit SEC.,Capital Markets,Financial Services,1875.0,1720.2,7479,0,0,0,0,0,0
GEOJITFSL.NS,Geojit fin. Serv.,Capital Markets,Financial Services,1919.0,68.76,796599,0,0,0,0,0,0
ZHEMHOLD.BO,Hem Holdings & Trading,Capital Markets,Financial Services,2.0,Blank,Blank,0,0,0,0,0,0
AUSOMENT.NS,Ausom Ent.,Capital Markets,Financial Services,218.0,159.65,410219,0,0,0,0,0,0
MONARCH.NS,Monarch Networth Capital,Capital Markets,Financial Services,2218.0,279.85,119155,0,0,0,0,0,0
TRADEWELL.BO,Tradewell Holdings,Capital Markets,Financial Services,24.0,78.98,642,0,0,0,0,0,0
STELLANT.BO,Stellant SEC. (India),Capital Markets,Financial Services,253.0,683.8,14537,0,0,0,0,0,0
NDGL.NS,Naga Dhunseri Group,Capital Markets,Financial Services,265.0,2647.4,78,0,0,0,0,0,0
EASUN.BO,Easun Capital Markets,Capital Markets,Financial Services,27.0,52.05,1,0,0,0,0,0,0
QUESTCAP.BO,Quest Capital Markets,Capital Markets,Financial Services,274.0,274.0,663,0,0,0,0,0,0
INDOTHAI.NS,Indo Thai SEC.,Capital Markets,Financial Services,3522.0,275.15,1041112,0,0,0,0,0,0
NAHARCAP.NS,Nahar Capital & fin. Serv.,Capital Markets,Financial Services,377.0,225.3,1569,0,0,0,0,0,0
MASKINVEST.NS,Mask Investments,Capital Markets,Financial Services,43.0,140.5,412,0,0,0,0,0,0
21STCENMGM.NS,21st Century Management Serv.,Capital Markets,Financial Services,44.0,42.04,1063,0,0,0,0,0,0
RELICTEC.BO,Relic Tech.,Capital Markets,Financial Services,44.0,78.8,10,0,0,0,0,0,0
WELINV.NS,Welspun Investments & Commercials,Capital Markets,Financial Services,471.0,1215.0,610,0,0,0,0,0,0
HBSL.NS,HB Stockholdings,Capital Markets,Financial Services,48.0,67.0,9453,0,0,0,0,0,0
NEXOME.BO,Nexome Capital Markets,Capital Markets,Financial Services,48.0,82.4,5419,0,0,0,0,0,0
SAICAPI.BO,Sai Capital,Capital Markets,Financial Services,49.0,171.2,487,0,0,0,0,0,0
CONSOFINVT.NS,Consolidated Finvest & Holdings,Capital Markets,Financial Services,494.0,152.79,4590,0,0,0,0,0,0
THEINVEST.NS,The Investment Trust Of,Capital Markets,Financial Services,589.0,112.79,6780,0,0,0,0,0,0
ELIXIR.BO,Elixir Capital,Capital Markets,Financial Services,61.0,105.35,239,0,0,0,0,0,0
HBPOR.BO,HB Portfolio,Capital Markets,Financial Services,63.0,58.94,4824,0,0,0,0,0,0
NBIFIN.NS,N. B. I. Industrial Finance Co.,Capital Markets,Financial Services,634.0,2146.5,107,0,0,0,0,0,0
DHUNINV.NS,Dhunseri Investments,Capital Markets,Financial Services,640.0,1049.0,1719,0,0,0,0,0,0
SKPSEC.BO,SKP SEC.,Capital Markets,Financial Services,69.0,101.5,1780,0,0,0,0,0,0
CHECKPOINT.BO,Checkpoint Trends,Capital Markets,Financial Services,72.0,131.65,7766,0,0,0,0,0,0
EMKAY.NS,Emkay Global fin. Serv.,Capital Markets,Financial Services,725.0,276.35,13027,0,0,0,0,0,0
WSFX.BO,WSFx Global Pay,Capital Markets,Financial Services,73.0,57.82,923,0,0,0,0,0,0
WEALTH.NS,Wealth First Portfolio Managers,Capital Markets,Financial Services,853.0,800.1,3908,0,0,0,0,0,0
ARIHANTCAP.NS,Arihant Capital Markets,Capital Markets,Financial Services,866.0,79.33,1083963,0,0,0,0,0,0
PRIMESECU.NS,Prime SEC.,Capital Markets,Financial Services,905.0,266.6,57230,0,0,0,0,0,0
DVL.NS,Dhunseri Ventures,Capital Markets,Financial Services,921.0,262.95,11373,0,0,0,0,0,0
TGVSL.BO,TGV Sraac,Chemicals,Basic Materials,1009.0,94.25,90538,0,0,0,0,0,0
RESONANCE.BO,Resonance Specialties Ltd-$,Chemicals,Basic Materials,115.0,99.9,4540,0,0,0,0,0,0
PUNJABCHEM.NS,Punjab Chemicals & Crop Protection,Chemicals,Basic Materials,1260.0,1020.3,7383,0,0,0,0,0,0
SANSTAR.NS,Sanstar,Chemicals,Basic Materials,1713.0,93.97,383068,0,0,0,0,0,0
KANORICHEM.NS,Kanoria Chemicals & IND.,Chemicals,Basic Materials,298.0,68.27,14108,0,0,0,0,0,0
LORDSCHLO.NS,Lords Chloro Alkali,Chemicals,Basic Materials,375.0,149.17,20228,0,0,0,0,0,0
OCCLLTD.NS,OCCL,Chemicals,Basic Materials,457.0,90.91,112699,0,0,0,0,0,0
RITESHIN.BO,Ritesh int'l.,Chemicals,Basic Materials,56.0,66.06,11057,0,0,0,0,0,0
AMAL.BO,Amal,Chemicals,Basic Materials,609.0,492.4,12329,0,0,0,0,0,0
TRANSPEK.BO,Transpek IND. Ltd-$,Chemicals,Basic Materials,638.0,1142.7,1621,0,0,0,0,0,0
MYSORPETRO.BO,Mysore Petro Chemicals Ltd-$,Chemicals,Basic Materials,67.0,101.4,605,0,0,0,0,0,0
UNIENTER.NS,Uniphos Ent.,Chemicals,Basic Materials,907.0,130.32,19621,0,0,0,0,0,0
ANDHRSUGAR.NS,The Andhra Sugars,Chemicals,Basic Materials,934.0,68.82,111773,0,0,0,0,0,0
PANACHE.NS,Panache Digilife,Communication Equipment,Technology,419.0,274.9,42057,0,0,0,0,0,0
PUNJCOMMU.BO,Punjab Communications Ltd-$,Communication Equipment,Technology,71.0,58.88,192,0,0,0,0,0,0
INDSUCR.BO,Indian Sucrose,Confectioners,Consumer Defensive,113.0,65.3,4466,0,0,0,0,0,0
PONNIERODE.NS,Ponni Sugars (Erode),Confectioners,Consumer Defensive,221.0,256.75,13094,0,0,0,0,0,0
MAWANASUG.NS,Mawana Sugars,Confectioners,Consumer Defensive,316.0,80.11,29344,0,0,0,0,0,0
BANARISUG.NS,Bannari Amman Sugars,Confectioners,Consumer Defensive,4514.0,3599.8,782,0,0,0,0,0,0
MAGADSUGAR.NS,Magadh Sugar & Energy,Confectioners,Consumer Defensive,597.0,424.0,3507,0,0,0,0,0,0
DHAMPURSUG.NS,Dhampur Sugar Mills,Confectioners,Consumer Defensive,730.0,113.59,142147,0,0,0,0,0,0
UTTAMSUGAR.NS,Uttam Sugar Mills,Confectioners,Consumer Defensive,827.0,216.15,24032,0,0,0,0,0,0
DHAMPURE.BO,Dhampure Specialty Sugars,Confectioners,Consumer Defensive,91.0,104.0,951,0,0,0,0,0,0
HINDAPL.BO,Hindustan Appliances,Conglomerates,Industrials,115.0,114.75,254,0,0,0,0,0,0
SIGIND.NS,Signet IND.,Conglomerates,Industrials,138.0,46.73,16839,0,0,0,0,0,0
BLIL.BO,Balmer Lawrie Investments,Conglomerates,Industrials,1544.0,69.58,115072,0,0,0,0,0,0
KOTHARIPRO.NS,Kothari Products,Conglomerates,Industrials,405.0,67.88,5963,0,0,0,0,0,0
EMPIND.BO,Empire IND.,Conglomerates,Industrials,549.0,915.15,285,0,0,0,0,0,0
STCINDIA.NS,The State Trading Corp. of,Conglomerates,Industrials,708.0,118.0,78219,0,0,0,0,0,0
MCCHRLS-B.BO,Mac Charles,Conglomerates,Industrials,807.0,616.05,759,0,0,0,0,0,0
ZUARIIND.NS,ZUARI IND.,Conglomerates,Industrials,811.0,271.9,68086,0,0,0,0,0,0
SECMARK.NS,SecMark “Consult”,Consulting Services,Industrials,122.0,107.99,3316,0,0,0,0,0,0
REPL.NS,Rudrabhishek Ent.,Consulting Services,Industrials,161.0,89.09,27863,0,0,0,0,0,0
VOEPL.BO,Virtuoso Optoelectronics,Consumer Electronics,Technology,1178.0,380.55,20500,0,0,0,0,0,0
BPL.NS,BPL,Consumer Electronics,Technology,285.0,58.14,86357,0,0,0,0,0,0
CUBEXTUB.NS,Cubex Tubings,Copper,Basic Materials,144.0,100.09,212580,0,0,0,0,0,0
MCL.NS,Madhav Copper,Copper,Basic Materials,241.0,88.77,234159,0,0,0,0,0,0
BHAGYANGR.NS,Bhagyanagar,Copper,Basic Materials,516.0,160.3,228535,0,0,0,0,0,0
VHL.NS,Vardhman Holdings,Credit Services,Financial Services,1042.0,3230.2,934,0,0,0,0,0,0
MAHAPEXLTD.NS,Maha Rashtra Apex Corp.,Credit Services,Financial Services,134.0,95.15,8267,0,0,0,0,0,0
ASHIKA.BO,Ashika Credit Capital,Credit Services,Financial Services,1446.0,378.7,86984,0,0,0,0,0,0
AVAILFC.BO,Available Finance,Credit Services,Financial Services,154.0,150.5,1895,0,0,0,0,0,0
SATIN.NS,Satin Creditcare Network,Credit Services,Financial Services,1636.0,148.72,198049,0,0,0,0,0,0
MUFIN.NS,Mufin Green Finance,Credit Services,Financial Services,1951.0,112.61,2632896,0,0,0,0,0,0
STARTECK.NS,Starteck Finance,Credit Services,Financial Services,270.0,269.55,9316,0,0,0,0,0,0
MARGOFIN.BO,Margo Finance,Credit Services,Financial Services,28.0,61.5,9624,0,0,0,0,0,0
SAHLIBHFI.BO,Shalibhadra Finance,Credit Services,Financial Services,308.0,99.8,5508,0,0,0,0,0,0
IITL.NS,Industrial Investment Trust,Credit Services,Financial Services,323.0,143.25,9044,0,0,0,0,0,0
MANCREDIT.NS,Mangal Credit & Fincorp,Credit Services,Financial Services,335.0,158.21,29699,0,0,0,0,0,0
INDOSTAR.NS,IndoStar Capital Finance,Credit Services,Financial Services,3520.0,217.92,379628,0,0,0,0,0,0
NORTHARC.NS,Northern Arc Capital,Credit Services,Financial Services,4199.0,259.9,707217,0,0,0,0,0,0
INDUSFINL.BO,Indus Finance,Credit Services,Financial Services,48.0,51.53,1316,0,0,0,0,0,0
GOWRALE.BO,Gowra Leasing & Finance,Credit Services,Financial Services,49.0,89.25,2086,0,0,0,0,0,0
KEYCORP.BO,Key Corp.,Credit Services,Financial Services,53.0,89.02,607,0,0,0,0,0,0
MANBA.NS,Manba Finance,Credit Services,Financial Services,676.0,134.52,101829,0,0,0,0,0,0
HEXATRADEX.NS,Hexa Tradex,Credit Services,Financial Services,876.0,156.32,4753,0,0,0,0,0,0
SURAKSHA.NS,Suraksha Diagnostic,Diagnostics & Research,Healthcare,1341.0,257.45,27614,0,0,0,0,0,0
DENISCHEM.BO,Denis Chem Lab,Drug Manufacturers - Specialty & Generic,Healthcare,103.0,74.46,5266,0,0,0,0,0,0
BALPHARMA.NS,Bal Pharma,Drug Manufacturers - Specialty & Generic,Healthcare,110.0,68.87,35346,0,0,0,0,0,0
LACTOSE.BO,Lactose,Drug Manufacturers - Specialty & Generic,Healthcare,120.0,95.1,6568,0,0,0,0,0,0
KREBSBIO.NS,Krebs Biochemicals & IND.,Drug Manufacturers - Specialty & Generic,Healthcare,135.0,61.96,5089,0,0,0,0,0,0
SMRUTHIORG.BO,Smruthi Organics,Drug Manufacturers - Specialty & Generic,Healthcare,137.0,119.45,2280,0,0,0,0,0,0
ALPA.NS,Alpa Laboratories,Drug Manufacturers - Specialty & Generic,Healthcare,139.0,66.11,14740,0,0,0,0,0,0
BETA.NS,Beta Drugs,Drug Manufacturers - Specialty & Generic,Healthcare,1553.0,1538.6,4717,0,0,0,0,0,0
BLISSGVS.NS,Bliss GVS Pharma,Drug Manufacturers - Specialty & Generic,Healthcare,1661.0,156.87,1296025,0,0,0,0,0,0
BROOKS.NS,Brooks Laboratories,Drug Manufacturers - Specialty & Generic,Healthcare,192.0,65.0,36359,0,0,0,0,0,0
SYSCHEM.BO,Syschem,Drug Manufacturers - Specialty & Generic,Healthcare,211.0,48.49,13504,0,0,0,0,0,0
BAFNAPH.NS,Bafna Pharmaceuticals,Drug Manufacturers - Specialty & Generic,Healthcare,279.0,117.91,1879,0,0,0,0,0,0
ZIMLAB.NS,Zim Laboratories,Drug Manufacturers - Specialty & Generic,Healthcare,372.0,76.22,104456,0,0,0,0,0,0
ANUHPHR.NS,Anuh Pharma,Drug Manufacturers - Specialty & Generic,Healthcare,732.0,72.78,61987,0,0,0,0,0,0
BPLPHARMA.BO,Bharat Parenterals,Drug Manufacturers - Specialty & Generic,Healthcare,771.0,1118.8,429,0,0,0,0,0,0
INDSWFTLAB.NS,Ind-Swift Laboratories,Drug Manufacturers - Specialty & Generic,Healthcare,879.0,107.42,243264,0,0,0,0,0,0
VERANDA.NS,Veranda Learning Solutions,Education & Training Services,Consumer Defensive,1855.0,193.78,230599,0,0,0,0,0,0
GLOBAL.NS,Global Education,Education & Training Services,Consumer Defensive,409.0,80.4,173553,0,0,0,0,0,0
APTECHT.NS,Aptech,Education & Training Services,Consumer Defensive,473.0,81.32,442574,0,0,0,0,0,0
JETKINGQ.BO,Jetking Infotrain,Education & Training Services,Consumer Defensive,96.0,151.9,8614,0,0,0,0,0,0
YASHHV.BO,Yash Highvoltage,Electrical Equipment & Parts,Industrials,1113.0,389.85,39250,0,0,0,0,0,0
RTSPOWR.BO,RTS Power Corp.,Electrical Equipment & Parts,Industrials,115.0,125.95,3109,0,0,0,0,0,0
INDOTECH.NS,Indo Tech Transformers,Electrical Equipment & Parts,Industrials,1401.0,1318.7,32852,0,0,0,0,0,0
CALCOM.BO,Calcom Vision,Electrical Equipment & Parts,Industrials,142.0,101.7,5646,0,0,0,0,0,0
LAKSELEC.BO,Lakshmi Electrical Control Sys.,Electrical Equipment & Parts,Industrials,184.0,750.0,1058,0,0,0,0,0,0
TECHCON.BO,Technojet Consultants,Electrical Equipment & Parts,Industrials,2.0,Blank,Blank,0,0,0,0,0,0
HPL.NS,HPL Electric & Power,Electrical Equipment & Parts,Industrials,2084.0,324.1,184039,0,0,0,0,0,0
NAGPI.BO,Nagpur Power & IND.,Electrical Equipment & Parts,Industrials,212.0,162.15,8873,0,0,0,0,0,0
KAYCEEI.BO,Kaycee IND.,Electrical Equipment & Parts,Industrials,213.0,670.0,7028,0,0,0,0,0,0
MARSONS.BO,Marsons,Electrical Equipment & Parts,Industrials,2384.0,138.5,183973,0,0,0,0,0,0
NIPPOBATRY.NS,Indo-National,Electrical Equipment & Parts,Industrials,296.0,393.7,2383,0,0,0,0,0,0
S&SPOWER.NS,S&S Power Switchgears,Electrical Equipment & Parts,Industrials,333.0,270.05,5929,0,0,0,0,0,0
JIGAR.BO,Jigar Cables,Electrical Equipment & Parts,Industrials,59.0,Blank,Blank,0,0,0,0,0,0
ELIN.NS,Elin Electronics,Electrical Equipment & Parts,Industrials,698.0,140.43,96230,0,0,0,0,0,0
BCCFUBA.BO,BCC Fuba,Electronic Components,Technology,226.0,147.45,15358,0,0,0,0,0,0
CENTUM.NS,Centum Electronics,Electronic Components,Technology,3281.0,2224.7,29015,0,0,0,0,0,0
GUJARATPOLY.BO,Gujarat Poly Electronics,Electronic Components,Technology,49.0,57.32,2961,0,0,0,0,0,0
7SEASL.BO,7Seas Entertainment,Electronic Gaming & Multimedia,Communication Services,169.0,75.63,11819,0,0,0,0,0,0
RPTECH.NS,Rashi Peripherals,Electronics & Computer Distribution,Technology,2272.0,344.8,141407,0,0,0,0,0,0
DCI.NS,Dc Infotech & Communication,Electronics & Computer Distribution,Technology,361.0,225.58,14682,0,0,0,0,0,0
MITCON.NS,MITCON “Consult” & Engr. Serv.,Engineering & Construction,Industrials,101.0,57.41,4129,0,0,0,0,0,0
SRM.NS,SRM Contractors,Engineering & Construction,Industrials,1010.0,440.3,121165,0,0,0,0,0,0
BLKASHYAP.NS,B. L. Kashyap & Sons,Engineering & Construction,Industrials,1046.0,46.42,206600,0,0,0,0,0,0
TARMAT.NS,Tarmat,Engineering & Construction,Industrials,123.0,48.97,32307,0,0,0,0,0,0
HECPROJECT.NS,HEC Infra Projects,Engineering & Construction,Industrials,124.0,114.38,49982,0,0,0,0,0,0
GPTINFRA.NS,GPT Infraprojects,Engineering & Construction,Industrials,1290.0,102.12,120109,0,0,0,0,0,0
SPMLINFRA.NS,SPML Infra,Engineering & Construction,Industrials,1402.0,182.89,812900,0,0,0,0,0,0
RAJESH.BO,Rajesh Power Serv.,Engineering & Construction,Industrials,1454.0,807.6,150100,0,0,0,0,0,0
RJSHAH.BO,RJ Shah & Co.,Engineering & Construction,Industrials,15.0,Blank,Blank,0,0,0,0,0,0
GARUDA.NS,Garuda Construction & Engr.,Engineering & Construction,Industrials,1593.0,171.25,818122,0,0,0,0,0,0
GHVINFRA.BO,GHV Infra Projects,Engineering & Construction,Industrials,1694.0,235.0,6839,0,0,0,0,0,0
SIMPLEXINF.NS,Simplex Infrastructures,Engineering & Construction,Industrials,1770.0,223.79,105536,0,0,0,0,0,0
PIGL.NS,Power & Instrumentation (Gujarat),Engineering & Construction,Industrials,187.0,103.48,33680,0,0,0,0,0,0
EMSLIMITED.NS,EMS,Engineering & Construction,Industrials,1951.0,351.4,232771,0,0,0,0,0,0
KPEL.NS,K.P. Energy,Engineering & Construction,Industrials,2071.0,309.6,350387,0,0,0,0,0,0
UNIVASTU.NS,Univastu,Engineering & Construction,Industrials,237.0,65.88,37000,0,0,0,0,0,0
GENCON.NS,Generic Engr. Construction & Projects,Engineering & Construction,Industrials,247.0,43.43,669256,0,0,0,0,0,0
BGRENERGY.NS,BGR Energy Sys.,Engineering & Construction,Industrials,2682.0,370.95,616816,0,0,0,0,0,0
EKANSH.BO,Ekansh Concepts,Engineering & Construction,Industrials,277.0,182.8,4319,0,0,0,0,0,0
SISL.BO,Shantidoot Infra Serv.,Engineering & Construction,Industrials,30.0,Blank,Blank,0,0,0,0,0,0
KAUSHALYA.NS,Kaushalya Infra. Development Corp.,Engineering & Construction,Industrials,31.0,859.5,148,0,0,0,0,0,0
BRAHMINFRA.BO,Brahmaputra Infra.,Engineering & Construction,Industrials,353.0,121.65,15124,0,0,0,0,0,0
ARTEFACT.BO,Artefact Projects,Engineering & Construction,Industrials,43.0,58.81,10163,0,0,0,0,0,0
RPPINFRA.NS,R.P.P. Infra Projects,Engineering & Construction,Industrials,439.0,88.59,57681,0,0,0,0,0,0
DBEIL.NS,Deepak Builders & Engineers,Engineering & Construction,Industrials,449.0,96.38,81161,0,0,0,0,0,0
WSI.NS,W S IND. (I),Engineering & Construction,Industrials,523.0,78.83,135385,0,0,0,0,0,0
JITFINFRA.NS,JITF Infralogistics,Engineering & Construction,Industrials,645.0,250.3,30672,0,0,0,0,0,0
DENTA.NS,Denta Water & Infra Solutions,Engineering & Construction,Industrials,737.0,276.1,231092,0,0,0,0,0,0
SEMAC.NS,Semac Construction,Engineering & Construction,Industrials,82.0,257.15,2830,0,0,0,0,0,0
MUKTAARTS.NS,Mukta Arts,Entertainment,Communication Services,132.0,58.36,11676,0,0,0,0,0,0
PFOCUS.NS,Prime Focus,Entertainment,Communication Services,16158.0,208.23,3051344,0,0,0,0,0,0
CINELINE.NS,Cineline,Entertainment,Communication Services,284.0,82.98,7969,0,0,0,0,0,0
NDLVENTURE.NS,NDL Ventures,Entertainment,Communication Services,302.0,89.58,17366,0,0,0,0,0,0
CPML.BO,City Pulse Multiventures,Entertainment,Communication Services,3305.0,3099.45,650,0,0,0,0,0,0
POOJAENT.BO,Vashu Bhagnani IND.,Entertainment,Communication Services,359.0,56.06,3612,0,0,0,0,0,0
GTPL.NS,GTPL Hathway,Entertainment,Communication Services,890.0,79.14,62881,0,0,0,0,0,0
TIL.NS,TIL,Farm & Heavy Construction Machinery,Industrials,1536.0,229.65,10989,0,0,0,0,0,0
RVTH.NS,Revathi Equipment,Farm & Heavy Construction Machinery,Industrials,205.0,666.4,687,0,0,0,0,0,0
MAHEPC.NS,Mahindra EPC Irrigation,Farm & Heavy Construction Machinery,Industrials,342.0,121.92,56479,0,0,0,0,0,0
CRANEX.BO,Cranex,Farm & Heavy Construction Machinery,Industrials,39.0,60.05,10083,0,0,0,0,0,0
CPL.BO,Captain Polyplast,Farm & Heavy Construction Machinery,Industrials,420.0,70.11,32941,0,0,0,0,0,0
TARACHAND.NS,Tara Chand InfraLogistic Solutions,Farm & Heavy Construction Machinery,Industrials,573.0,72.64,85715,0,0,0,0,0,0
GROBTEA.NS,The Grob Tea Co.,Farm Products,Consumer Defensive,114.0,979.0,94,0,0,0,0,0,0
NORBTEAEXP.NS,Norben Tea & Exports,Farm Products,Consumer Defensive,142.0,91.27,374,0,0,0,0,0,0
ASPINWALL.NS,Aspinwall & Co.,Farm Products,Consumer Defensive,176.0,225.55,8902,0,0,0,0,0,0
PKTEA.NS,The Peria Karamalai Tea & Produce Co.,Farm Products,Consumer Defensive,208.0,672.0,41,0,0,0,0,0,0
GILLANDERS.NS,Gillanders Arbuthnot & Co.,Farm Products,Consumer Defensive,209.0,97.85,11686,0,0,0,0,0,0
UNITEDTEA.NS,The United Nilgiri Tea Estates Co.,Farm Products,Consumer Defensive,236.0,472.1,6241,0,0,0,0,0,0
JAYSREETEA.NS,Jayshree Tea & IND.,Farm Products,Consumer Defensive,240.0,82.85,24896,0,0,0,0,0,0
HARRMALAYA.NS,Harrisons  Malayalam,Farm Products,Consumer Defensive,295.0,159.61,7185,0,0,0,0,0,0
GOODRICKE.BO,Goodricke Group,Farm Products,Consumer Defensive,338.0,156.5,8078,0,0,0,0,0,0
KANCOTEA.BO,Kanco Tea & IND.,Farm Products,Consumer Defensive,36.0,70.49,307,0,0,0,0,0,0
KNAGRI.NS,KN Agri Resources,Farm Products,Consumer Defensive,413.0,165.37,37324,0,0,0,0,0,0
DBOL.NS,Dhampur Bio Organics,Farm Products,Consumer Defensive,491.0,74.62,119510,0,0,0,0,0,0
UNIQUEO.BO,Unique Organics,Farm Products,Consumer Defensive,56.0,94.8,889,0,0,0,0,0,0
SHINDL.BO,Sharat IND.,Farm Products,Consumer Defensive,583.0,147.65,193106,0,0,0,0,0,0
SIMRAN.BO,Simran Farms,Farm Products,Consumer Defensive,61.0,161.2,2687,0,0,0,0,0,0
AGRITECH.NS,Agri-Tech (India),Farm Products,Consumer Defensive,86.0,144.47,1574,0,0,0,0,0,0
CREST.NS,Crest Ventures,Financial Conglomerates,Financial Services,1069.0,378.95,35614,0,0,0,0,0,0
SUMUKA.BO,Sumuka Agro IND.,Food Distribution,Consumer Defensive,167.0,235.2,107996,0,0,0,0,0,0
SREEL.NS,Sreeleathers,Footwear & Accessories,Consumer Cyclical,507.0,218.2,6694,0,0,0,0,0,0
BIL.NS,Bhartiya int'l.,Footwear & Accessories,Consumer Cyclical,863.0,643.45,1332,0,0,0,0,0,0
AIROLAM.NS,Airo Lam,"Furnishings, Fixtures & Appliances",Consumer Cyclical,138.0,91.95,1810,0,0,0,0,0,0
SFSL.BO,Shashwat Furnishing Solutions,"Furnishings, Fixtures & Appliances",Consumer Cyclical,18.0,88.0,1500,0,0,0,0,0,0
WEL.NS,Wonder Electricals,"Furnishings, Fixtures & Appliances",Consumer Cyclical,1864.0,139.12,117665,0,0,0,0,0,0
KAKA.BO,Kaka IND.,"Furnishings, Fixtures & Appliances",Consumer Cyclical,277.0,203.0,5500,0,0,0,0,0,0
FORBESCO.BO,Forbes & Co. Ltd-$,"Furnishings, Fixtures & Appliances",Consumer Cyclical,471.0,365.0,4632,0,0,0,0,0,0
PRITI.NS,Priti int'l.,"Furnishings, Fixtures & Appliances",Consumer Cyclical,68.0,50.91,17593,0,0,0,0,0,0
NKIND.NS,NK IND.,Household & Personal Products,Consumer Defensive,41.0,60.44,267,0,0,0,0,0,0
KAYA.NS,Kaya,Household & Personal Products,Consumer Defensive,555.0,365.75,5740,0,0,0,0,0,0
LYKISLTD.BO,Lykis,Household & Personal Products,Consumer Defensive,81.0,41.89,45637,0,0,0,0,0,0
PCCOSMA.BO,Pee Cee Cosma Sope,Household & Personal Products,Consumer Defensive,91.0,343.35,737,0,0,0,0,0,0
WHBRADY.BO,WH Brady & Co.,Industrial Distribution,Industrials,147.0,578.05,611,0,0,0,0,0,0
CHANDNIMACH.BO,Chandni Machines,Industrial Distribution,Industrials,24.0,74.13,9355,0,0,0,0,0,0
DSSL.NS,Dynacons Sys. & Solutions,Information Technology Services,Technology,1233.0,968.3,34947,0,0,0,0,0,0
NBL.BO,Naapbooks,Information Technology Services,Technology,125.0,116.0,2400,0,0,0,0,0,0
BGDL.BO,Bharat Global Developers,Information Technology Services,Technology,1272.0,125.65,34595,0,0,0,0,0,0
AAATECH.NS,AAA Tech.,Information Technology Services,Technology,145.0,112.75,74031,0,0,0,0,0,0
RELIABLE.NS,Reliable Data Serv.,Information Technology Services,Technology,149.0,144.65,10970,0,0,0,0,0,0
MAGNUS.BO,Magnus Steel & Infra,Information Technology Services,Technology,16.0,46.03,6980,0,0,0,0,0,0
NIKSTECH.BO,Niks Tech.,Information Technology Services,Technology,19.0,432.2,1200,0,0,0,0,0,0
SILVERTUC.NS,Silver Touch Tech.,Information Technology Services,Technology,1930.0,1522.1,61609,0,0,0,0,0,0
EKENNIS.BO,Ekennis Software Serv.,Information Technology Services,Technology,21.0,Blank,Blank,0,0,0,0,0,0
GOLDTECH.NS,AION-TECH SOLUTIONS,Information Technology Services,Technology,232.0,44.42,34149,0,0,0,0,0,0
CNINFOTECH.BO,Capitalnumbers Infotech,Information Technology Services,Technology,254.0,104.1,21200,0,0,0,0,0,0
INSPIRISYS.NS,Inspirisys Solutions,Information Technology Services,Technology,329.0,82.11,4625,0,0,0,0,0,0
LEX.BO,Lex Nimble Solutions,Information Technology Services,Technology,35.0,Blank,Blank,0,0,0,0,0,0
RSYSTEMS.NS,R Sys. int'l.,Information Technology Services,Technology,4482.0,377.8,79090,0,0,0,0,0,0
WEWIN.NS,WE WIN,Information Technology Services,Technology,45.0,44.25,395,0,0,0,0,0,0
NINSYS.NS,NINtec Sys.,Information Technology Services,Technology,631.0,339.8,95997,0,0,0,0,0,0
ONWARDTEC.NS,Onward Tech.,Information Technology Services,Technology,710.0,311.4,45747,0,0,0,0,0,0
WITS.BO,Wherrelz IT Solutions,Information Technology Services,Technology,8.0,Blank,Blank,0,0,0,0,0,0
BCPL.BO,BCPL Railway Infra.,Infrastructure Operations,Industrials,120.0,71.67,41665,0,0,0,0,0,0
BFUTILITIE.NS,BF Utilities,Infrastructure Operations,Industrials,2042.0,541.6,16879,0,0,0,0,0,0
WCIL.NS,Western Carriers (India),Integrated Freight & Logistics,Industrials,1130.0,110.84,180687,0,0,0,0,0,0
TOTAL.NS,Total Transport Sys.,Integrated Freight & Logistics,Industrials,114.0,70.76,2245,0,0,0,0,0,0
AVG.NS,AVG Logistics,Integrated Freight & Logistics,Industrials,236.0,157.06,15739,0,0,0,0,0,0
TRANSVOY.BO,Transvoy Logistics,Integrated Freight & Logistics,Industrials,29.0,108.1,800,0,0,0,0,0,0
RITCO.NS,Ritco Logistics,Integrated Freight & Logistics,Industrials,685.0,240.55,39446,0,0,0,0,0,0
JETFREIGHT.NS,Jet Freight Logistics,Integrated Freight & Logistics,Industrials,75.0,16.09,99766,0,0,0,0,0,0
ISFT.NS,Intrasoft Tech.,Internet Retail,Consumer Cyclical,150.0,92.12,24635,0,0,0,0,0,0
ATLASCYCLE.NS,Atlas Cycles (Haryana),Leisure,Consumer Cyclical,63.0,95.14,11195,0,0,0,0,0,0
BENARAS.BO,Benares Hotels,Lodging,Consumer Cyclical,1235.0,9501.45,470,0,0,0,0,0,0
AHLEAST.NS,Asian Hotels (East),Lodging,Consumer Cyclical,229.0,132.08,3290,0,0,0,0,0,0
RHL.NS,Robust Hotels,Lodging,Consumer Cyclical,324.0,186.08,26771,0,0,0,0,0,0
MACH.BO,Mac Hotels,Lodging,Consumer Cyclical,45.0,Blank,Blank,0,0,0,0,0,0
ROOPSHRI.BO,Roopshri Resorts,Lodging,Consumer Cyclical,45.0,Blank,Blank,0,0,0,0,0,0
SILVERPRL.BO,Silver Pearl Hospitality & Luxury Spaces,Lodging,Consumer Cyclical,6.0,Blank,Blank,0,0,0,0,0,0
ASIANHOTNR.NS,Asian Hotels (North),Lodging,Consumer Cyclical,605.0,311.2,13578,0,0,0,0,0,0
KAMATHOTEL.NS,Kamat Hotels (I),Lodging,Consumer Cyclical,642.0,216.71,32669,0,0,0,0,0,0
GUJHOTE.BO,Gujarat Hotels,Lodging,Consumer Cyclical,79.0,209.15,532,0,0,0,0,0,0
VHLTD.NS,Viceroy Hotels,Lodging,Consumer Cyclical,908.0,134.19,15523,0,0,0,0,0,0
WIPL.NS,The Western India Plywoods,Lumber & Wood Production,Basic Materials,125.0,147.47,6447,0,0,0,0,0,0
ARCHIDPLY.NS,Archidply IND.,Lumber & Wood Production,Basic Materials,168.0,84.42,9101,0,0,0,0,0,0
GARGI.BO,PNGS Gargi Fashion Jewellery,Luxury Goods,Consumer Cyclical,1065.0,1017.15,5500,0,0,0,0,0,0
TBZ.NS,Tribhovandas Bhimji Zaveri,Luxury Goods,Consumer Cyclical,1125.0,168.41,2484911,0,0,0,0,0,0
RGL.NS,Renaissance Global,Luxury Goods,Consumer Cyclical,1223.0,113.71,352112,0,0,0,0,0,0
NARBADA.BO,Narbada Gems & Jewellery,Luxury Goods,Consumer Cyclical,127.0,60.0,719,0,0,0,0,0,0
LGHL.NS,Laxmi Goldorna House,Luxury Goods,Consumer Cyclical,1351.0,269.7,89943,0,0,0,0,0,0
GOLKUNDIA.BO,Golkunda Diamonds & Jewellery,Luxury Goods,Consumer Cyclical,138.0,197.7,2048,0,0,0,0,0,0
AAYUSHBULL.BO,Aayush Art & Bullion,Luxury Goods,Consumer Cyclical,1688.0,1102.25,59750,0,0,0,0,0,0
SILGO.NS,Silgo Retail,Luxury Goods,Consumer Cyclical,185.0,70.58,322236,0,0,0,0,0,0
KHAZANCHI.BO,Khazanchi Jewellers,Luxury Goods,Consumer Cyclical,1868.0,754.9,29750,0,0,0,0,0,0
SMGOLD.BO,S. M. Gold,Luxury Goods,Consumer Cyclical,19.0,14.7,210113,0,0,0,0,0,0
KDDL.NS,KDDL,Luxury Goods,Consumer Cyclical,2681.0,2179.5,8338,0,0,0,0,0,0
TIMEX.BO,Timex Group India Ltd-$,Luxury Goods,Consumer Cyclical,2887.0,286.0,709211,0,0,0,0,0,0
DPABHUSHAN.NS,D. P. Abhushan,Luxury Goods,Consumer Cyclical,3153.0,1381.4,8394,0,0,0,0,0,0
NVENTURES.BO,Nanavati Ventures,Luxury Goods,Consumer Cyclical,47.0,Blank,Blank,0,0,0,0,0,0
RBZJEWEL.NS,RBZ Jewellers,Luxury Goods,Consumer Cyclical,538.0,134.52,179663,0,0,0,0,0,0
MVGJL.NS,Manoj Vaibhav Gems N Jewellers,Luxury Goods,Consumer Cyclical,838.0,171.48,59698,0,0,0,0,0,0
GLOBOFFS.BO,Global Offshore Serv. Ltd-$,Marine Shipping,Industrials,148.0,48.29,8473,0,0,0,0,0,0
SEAMECLTD.NS,Seamec,Marine Shipping,Industrials,2776.0,1092.0,50435,0,0,0,0,0,0
TRANSWORLD.NS,TRANSWORLD SHIPPING LINES,Marine Shipping,Industrials,313.0,141.91,42961,0,0,0,0,0,0
KMCSHIL.BO,KMC Speciality Hospitals (India),Medical Care Facilities,Healthcare,1248.0,76.55,133848,0,0,0,0,0,0
SHARMEH.BO,Sharma East India Hospitals & Medical Research,Medical Care Facilities,Healthcare,34.0,102.2,669,0,0,0,0,0,0
INDRAMEDCO.NS,Indraprastha Medical Corp.,Medical Care Facilities,Healthcare,3538.0,385.75,176612,0,0,0,0,0,0
UNIVPHOTO.NS,Universus Photo Imagings,Medical Devices,Healthcare,206.0,188.53,1934,0,0,0,0,0,0
LAXMIDENTL.NS,Laxmi Dental,Medical Instruments & Supplies,Healthcare,1267.0,230.45,1346935,0,0,0,0,0,0
KMSMEDI.BO,KMS Medisurgi,Medical Instruments & Supplies,Healthcare,42.0,Blank,Blank,0,0,0,0,0,0
SIYARAM.BO,Siyaram Recycling IND.,Metal Fabrication,Industrials,105.0,48.0,39000,0,0,0,0,0,0
AMIC.BO,Amic Forging,Metal Fabrication,Industrials,1253.0,1165.8,22000,0,0,0,0,0,0
DEEDEV.NS,DEE Development Engineers,Metal Fabrication,Industrials,1317.0,190.09,243942,0,0,0,0,0,0
MANAKCOAT.NS,Manaksia Coated Metals & IND.,Metal Fabrication,Industrials,1342.0,126.8,708427,0,0,0,0,0,0
KPGEL.BO,KP Green Engr.,Metal Fabrication,Industrials,1994.0,398.7,129250,0,0,0,0,0,0
COCKERILL.BO,John Cockerill India Ltd-$,Metal Fabrication,Industrials,2481.0,5025.0,7970,0,0,0,0,0,0
MAGNAELQ.BO,Magna Electro Castings Ltd-$,Metal Fabrication,Industrials,325.0,767.15,3097,0,0,0,0,0,0
SEALMATIC.BO,Sealmatic,Metal Fabrication,Industrials,368.0,339.15,6840,0,0,0,0,0,0
MANAKSIA.NS,Manaksia,Metal Fabrication,Industrials,413.0,62.9,62217,0,0,0,0,0,0
GEE.BO,GEE,Metal Fabrication,Industrials,420.0,73.5,11708,0,0,0,0,0,0
MISQUITA.BO,Misquita Engr.,Metal Fabrication,Industrials,60.0,Blank,Blank,0,0,0,0,0,0
RAPICUT.BO,Rapicut Carbides,Metal Fabrication,Industrials,71.0,132.0,3451,0,0,0,0,0,0
SGIL.NS,Synergy Green IND.,Metal Fabrication,Industrials,768.0,493.8,47884,0,0,0,0,0,0
SMLT.NS,Sarthak Metals,Metal Fabrication,Industrials,98.0,71.45,41466,0,0,0,0,0,0
ASIANENE.NS,Asian Energy Serv.,Oil & Gas Equipment & Services,Energy,1118.0,249.8,53525,0,0,0,0,0,0
TRISHAKT.BO,Trishakti IND.,Oil & Gas Equipment & Services,Energy,277.0,152.9,83711,0,0,0,0,0,0
UNIDT.NS,United Drilling Tools,Oil & Gas Equipment & Services,Energy,394.0,193.97,3959,0,0,0,0,0,0
SOUTHWEST.NS,South West Pinnacle Exploration,Oil & Gas Equipment & Services,Energy,535.0,177.49,86725,0,0,0,0,0,0
JGCHEM.NS,J.G.Chemicals,Other Industrial Metals & Mining,Basic Materials,1262.0,321.8,44695,0,0,0,0,0,0
ARENTERP.NS,Rajdarshan IND.,Other Industrial Metals & Mining,Basic Materials,13.0,42.24,482,0,0,0,0,0,0
AMBARPIL.BO,Ambar Protein IND.,Packaged Foods,Consumer Defensive,106.0,184.4,501,0,0,0,0,0,0
APIS.BO,Apis,Packaged Foods,Consumer Defensive,1149.0,83.42,8551,0,0,0,0,0,0
TANVI.BO,Tanvi Foods (India),Packaged Foods,Consumer Defensive,116.0,90.49,110000,0,0,0,0,0,0
CLSEL.NS,Chaman Lal Setia Exports,Packaged Foods,Consumer Defensive,1219.0,245.15,51576,0,0,0,0,0,0
GANGESSECU.NS,Ganges SEC.,Packaged Foods,Consumer Defensive,128.0,125.63,7550,0,0,0,0,0,0
MLKFOOD.BO,Milkfood,Packaged Foods,Consumer Defensive,136.0,55.64,8931,0,0,0,0,0,0
OVOBELE.BO,Ovobel Foods,Packaged Foods,Consumer Defensive,145.0,152.2,7652,0,0,0,0,0,0
DTIL.NS,Dhunseri Tea & IND.,Packaged Foods,Consumer Defensive,157.0,148.32,868,0,0,0,0,0,0
BAMBINO.BO,Bambino Agro IND.,Packaged Foods,Consumer Defensive,177.0,221.4,857,0,0,0,0,0,0
MEGASTAR.NS,Megastar Foods,Packaged Foods,Consumer Defensive,249.0,220.15,532,0,0,0,0,0,0
ACLD.BO,Aelea Commodities,Packaged Foods,Consumer Defensive,276.0,135.45,25200,0,0,0,0,0,0
GRMOVER.NS,GRM Overseas,Packaged Foods,Consumer Defensive,2918.0,158.37,2233178,0,0,0,0,0,0
COASTCORP.NS,Coastal Corp.,Packaged Foods,Consumer Defensive,294.0,43.37,61253,0,0,0,0,0,0
BNAGROCHEM.BO,BN Agrochem,Packaged Foods,Consumer Defensive,3315.0,339.0,512,0,0,0,0,0,0
CIANAGRO.BO,CIAN Agro IND. & Infra.,Packaged Foods,Consumer Defensive,3678.0,1314.4,44130,0,0,0,0,0,0
GOKULAGRO.NS,Gokul Agro Resources,Packaged Foods,Consumer Defensive,4656.0,157.79,309392,0,0,0,0,0,0
EIFFL.NS,Euro India Fresh Foods,Packaged Foods,Consumer Defensive,672.0,270.95,79707,0,0,0,0,0,0
KLRFM.BO,Kovilpatti Lakshmi Roller Flour Mills,Packaged Foods,Consumer Defensive,80.0,88.22,645,0,0,0,0,0,0
WORTHPERI.NS,Worth Peripherals,Packaging & Containers,Consumer Cyclical,223.0,141.28,4752,0,0,0,0,0,0
RDBRL.BO,RDB Rasayans,Packaging & Containers,Consumer Cyclical,307.0,173.3,17655,0,0,0,0,0,0
KANPRPLA.NS,Kanpur Plastipack,Packaging & Containers,Consumer Cyclical,384.0,159.97,10141,0,0,0,0,0,0
BBTCL.NS,B&B Triplewall Containers,Packaging & Containers,Consumer Cyclical,390.0,190.0,2924,0,0,0,0,0,0
TPLPLASTEH.NS,TPL Plastech,Packaging & Containers,Consumer Cyclical,516.0,65.95,83999,0,0,0,0,0,0
NAHARPOLY.NS,Nahar Poly Films,Packaging & Containers,Consumer Cyclical,558.0,225.46,25071,0,0,0,0,0,0
PYRAMID.NS,Pyramid Technoplast,Packaging & Containers,Consumer Cyclical,570.0,155.01,89911,0,0,0,0,0,0
COMSYN.NS,Commercial Syn Bags,Packaging & Containers,Consumer Cyclical,592.0,148.29,18345,0,0,0,0,0,0
ORIENTLTD.NS,Orient Press,Packaging & Containers,Consumer Cyclical,65.0,64.86,3106,0,0,0,0,0,0
SHREERAMA.NS,Shree Rama Multi-Tech,Packaging & Containers,Consumer Cyclical,779.0,58.4,196343,0,0,0,0,0,0
ORICONENT.NS,Oricon Ent.,Packaging & Containers,Consumer Cyclical,931.0,59.31,105376,0,0,0,0,0,0
NATHIND.BO,Nath IND.,Paper & Paper Products,Basic Materials,115.0,60.41,196,0,0,0,0,0,0
SESHAPAPER.NS,Seshasayee Paper & Boards,Paper & Paper Products,Basic Materials,1429.0,226.2,12306,0,0,0,0,0,0
SHREYANIND.NS,Shreyans IND.,Paper & Paper Products,Basic Materials,227.0,164.12,13998,0,0,0,0,0,0
SATIA.NS,Satia IND.,Paper & Paper Products,Basic Materials,635.0,63.55,73899,0,0,0,0,0,0
DHANROTO.BO,Dhanalaxmi Roto Spinners,Paper & Paper Products,Basic Materials,68.0,86.61,1642,0,0,0,0,0,0
NRAIL.NS,N R Agarwal IND.,Paper & Paper Products,Basic Materials,734.0,431.55,4236,0,0,0,0,0,0
KUANTUM.NS,Kuantum Papers,Paper & Paper Products,Basic Materials,756.0,86.64,65303,0,0,0,0,0,0
PDMJEPAPER.NS,Pudumjee Paper Products,Paper & Paper Products,Basic Materials,791.0,83.29,84712,0,0,0,0,0,0
GEL.BO,Gautam Exim,Paper & Paper Products,Basic Materials,88.0,284.65,1875,0,0,0,0,0,0
TNPL.NS,Tamil Nadu Newsprint & Papers,Paper & Paper Products,Basic Materials,934.0,134.99,43116,0,0,0,0,0,0
QRIL.BO,Quality RO IND.,Pollution & Treatment Controls,Industrials,33.0,Blank,Blank,0,0,0,0,0,0
BANKA.NS,Banka BioLoo,Pollution & Treatment Controls,Industrials,67.0,61.27,6970,0,0,0,0,0,0
JAGRAN.NS,Jagran Prakashan,Publishing,Communication Services,1459.0,67.0,235385,0,0,0,0,0,0
MPSLTD.NS,MPS,Publishing,Communication Services,3033.0,1787.7,21512,0,0,0,0,0,0
SANDESH.NS,The Sandesh,Publishing,Communication Services,786.0,1038.9,664,0,0,0,0,0,0
ORIRAIL.BO,Oriental Rail Infra.,Railroads,Industrials,950.0,141.65,55293,0,0,0,0,0,0
COSMICCRF.BO,Cosmic CRF,Railroads,Industrials,988.0,1075.4,6700,0,0,0,0,0,0
SURAJEST.NS,Suraj Estate Developers,Real Estate - Development,Real Estate,1094.0,228.75,211055,0,0,0,0,0,0
ARIHANT.BO,Arihant Foundations & Housing Ltd-$,Real Estate - Development,Real Estate,1111.0,1114.9,2938,0,0,0,0,0,0
SEL.BO,Sanathnagar Ent.,Real Estate - Development,Real Estate,13.0,41.67,5600,0,0,0,0,0,0
ARIHANTSUP.NS,Arihant Superstructures,Real Estate - Development,Real Estate,1325.0,305.85,19877,0,0,0,0,0,0
ARKADE.NS,Arkade Developers,Real Estate - Development,Real Estate,2146.0,115.6,505663,0,0,0,0,0,0
BARODARY.BO,Baroda Rayon Corp.,Real Estate - Development,Real Estate,258.0,112.5,131,0,0,0,0,0,0
HUBTOWN.NS,Hubtown,Real Estate - Development,Real Estate,2927.0,205.97,801404,0,0,0,0,0,0
EMAMIREAL.NS,Emami Realty,Real Estate - Development,Real Estate,322.0,73.53,10984,0,0,0,0,0,0
AGIIL.NS,Agi Infra,Real Estate - Development,Real Estate,3380.0,276.25,683045,0,0,0,0,0,0
MARATHON.NS,Marathon Nextgen Realty,Real Estate - Development,Real Estate,3423.0,507.7,188128,0,0,0,0,0,0
NIMBSPROJ.BO,Nimbus Projects,Real Estate - Development,Real Estate,456.0,235.85,8527,0,0,0,0,0,0
PANSARI.NS,Pansari Developers,Real Estate - Development,Real Estate,519.0,297.45,88,0,0,0,0,0,0
RUSTOMJEE.NS,Keystone Realtors,Real Estate - Development,Real Estate,6310.0,499.9,72557,0,0,0,0,0,0
GEECEE.NS,GeeCee Ventures,Real Estate - Development,Real Estate,641.0,306.5,2440,0,0,0,0,0,0
OSWALAGRO.NS,Oswal Agro Mills,Real Estate - Development,Real Estate,674.0,50.2,65987,0,0,0,0,0,0
YOGI.BO,YOGI,Real Estate - Development,Real Estate,675.0,156.35,9255,0,0,0,0,0,0
SALSAIN.BO,Shree Salasar Investments,Real Estate - Development,Real Estate,71.0,102.02,5,0,0,0,0,0,0
ELNET.BO,Elnet Tech. Ltd-$,Real Estate - Diversified,Real Estate,136.0,339.3,663,0,0,0,0,0,0
PROZONER.NS,Prozone Realty,Real Estate - Diversified,Real Estate,837.0,54.86,136965,0,0,0,0,0,0
TEXINFRA.NS,Texmaco Infra. & Holdings,Real Estate Services,Real Estate,1240.0,97.3,37270,0,0,0,0,0,0
ELPROINTL.BO,Elpro int'l.,Real Estate Services,Real Estate,1360.0,80.25,121281,0,0,0,0,0,0
MODIRUBBER.NS,Modi Rubber,Real Estate Services,Real Estate,287.0,114.51,15222,0,0,0,0,0,0
ICDSLTD.NS,ICDS,Real Estate Services,Real Estate,54.0,41.78,123,0,0,0,0,0,0
JAMSHRI.BO,Jamshri Realty Ltd-$,Real Estate Services,Real Estate,57.0,81.15,4450,0,0,0,0,0,0
ELDEHSG.NS,Eldeco Housing & IND.,Real Estate Services,Real Estate,861.0,870.2,907,0,0,0,0,0,0
ESPIRE.BO,Espire Hospitality,Resorts & Casinos,Consumer Cyclical,422.0,283.0,2341,0,0,0,0,0,0
RISHABH.NS,Rishabh Instruments,Scientific & Technical Instruments,Technology,1308.0,340.0,35709,0,0,0,0,0,0
NITIRAJ.NS,Nitiraj Engineers,Scientific & Technical Instruments,Technology,194.0,188.98,6325,0,0,0,0,0,0
JGTL.BO,Jasch Gauging Tech.,Scientific & Technical Instruments,Technology,232.0,512.2,2626,0,0,0,0,0,0
MALLCOM.NS,Mallcom (India),Security & Protection Services,Industrials,671.0,1075.5,6934,0,0,0,0,0,0
SPELS.BO,SPEL Semiconductor,Semiconductors,Technology,603.0,130.65,51973,0,0,0,0,0,0
TRANSCHEM.BO,Transchem Ltd-$,Shell Companies,Financial Services,219.0,179.05,28953,0,0,0,0,0,0
BLAL.NS,BEML Land Assets,Shell Companies,Financial Services,822.0,197.32,37240,0,0,0,0,0,0
CGVAK.BO,CG Vak Software & Exports,Software - Application,Technology,108.0,214.45,3253,0,0,0,0,0,0
ATHENAGLO.BO,Athena Global Tech. Ltd-$,Software - Application,Technology,112.0,76.0,2925,0,0,0,0,0,0
GENESYS.NS,Genesys int'l. Corp.,Software - Application,Technology,1358.0,324.85,774374,0,0,0,0,0,0
RAMCOSYS.NS,Ramco Sys.,Software - Application,Technology,1694.0,452.7,56687,0,0,0,0,0,0
KERNEX.NS,Kernex Microsystems (India),Software - Application,Technology,2029.0,1207.5,502265,0,0,0,0,0,0
63MOONS.NS,63 moons Tech.,Software - Application,Technology,2818.0,611.6,125974,0,0,0,0,0,0
OCTAWARE.BO,Octaware Tech.,Software - Application,Technology,33.0,91.05,1600,0,0,0,0,0,0
TECHNVISN.BO,TechNVision Ventures,Software - Application,Technology,3577.0,5700.0,378,0,0,0,0,0,0
SOFTTECH.NS,Softtech Engineers,Software - Application,Technology,412.0,297.95,8546,0,0,0,0,0,0
TREJHARA.NS,TREJHARA SOLUTIONS,Software - Application,Technology,490.0,204.57,12799,0,0,0,0,0,0
ABMKNO.BO,ABM Knowledgeware,Software - Application,Technology,539.0,269.6,2316,0,0,0,0,0,0
INNOVANA.NS,Innovana Thinklabs,Software - Application,Technology,772.0,373.9,7995,0,0,0,0,0,0
VEEFIN.BO,Veefin Solutions,Software - Infrastructure,Technology,717.0,284.15,53600,0,0,0,0,0,0
SOLEX.NS,Solex Energy,Solar,Technology,1133.0,1048.5,60836,0,0,0,0,0,0
TRL.BO,Taylormade Renewables,Solar,Technology,125.0,101.0,7601,0,0,0,0,0,0
INA.BO,Insolation Energy,Solar,Technology,2241.0,101.7,1494500,0,0,0,0,0,0
RELTD.NS,Ravindra Energy,Solar,Technology,2507.0,140.36,190738,0,0,0,0,0,0
ALLDIGI.NS,Alldigi Tech,Specialty Business Services,Industrials,1185.0,777.65,7784,0,0,0,0,0,0
HGS.NS,Hinduja Global Solutions,Specialty Business Services,Industrials,1916.0,411.8,9451,0,0,0,0,0,0
POBS.BO,PlatinumOne Business Serv.,Specialty Business Services,Industrials,22.0,Blank,Blank,0,0,0,0,0,0
DJML.NS,DJ Mediaprint & Logistics,Specialty Business Services,Industrials,251.0,72.94,163612,0,0,0,0,0,0
NIRMITEE.BO,Nirmitee Robotics,Specialty Business Services,Industrials,46.0,Blank,Blank,0,0,0,0,0,0
RITHWIKFMS.BO,Rithwik Facility Management Serv.,Specialty Business Services,Industrials,47.0,Blank,Blank,0,0,0,0,0,0
KAPSTON.NS,Kapston Serv.,Specialty Business Services,Industrials,691.0,340.55,117044,0,0,0,0,0,0
RIDDHICORP.BO,Riddhi Corporate Serv.,Specialty Business Services,Industrials,78.0,65.82,2606,0,0,0,0,0,0
GKWLIMITED.NS,GKW,Specialty Business Services,Industrials,988.0,1655.7,412,0,0,0,0,0,0
AGARIND.NS,Agarwal Industrial Corp.,Specialty Chemicals,Basic Materials,1004.0,670.95,12845,0,0,0,0,0,0
SHREEPUSHK.NS,Shree Pushkar Chemicals & Fertilisers,Specialty Chemicals,Basic Materials,1024.0,316.35,43679,0,0,0,0,0,0
EXCELINDUS.NS,Excel IND.,Specialty Chemicals,Basic Materials,1115.0,886.9,9969,0,0,0,0,0,0
CAPRIHANS.BO,Caprihans India Ltd-$,Specialty Chemicals,Basic Materials,118.0,80.66,338,0,0,0,0,0,0
PLATIND.NS,Platinum IND.,Specialty Chemicals,Basic Materials,1248.0,220.28,104746,0,0,0,0,0,0
GOCLCORP.NS,GOCL Corp.,Specialty Chemicals,Basic Materials,1306.0,263.1,46299,0,0,0,0,0,0
IVP.NS,IVP,Specialty Chemicals,Basic Materials,145.0,137.58,16757,0,0,0,0,0,0
HPIL.NS,Hindprakash IND.,Specialty Chemicals,Basic Materials,148.0,129.28,342,0,0,0,0,0,0
TAINWALCHM.NS,Tainwala Chemical & Plastic (I),Specialty Chemicals,Basic Materials,161.0,171.77,2482,0,0,0,0,0,0
STALLION.NS,Stallion India Fluorochemicals,Specialty Chemicals,Basic Materials,1625.0,204.86,365554,0,0,0,0,0,0
INDOKEM.BO,Indokem,Specialty Chemicals,Basic Materials,1885.0,675.95,5915,0,0,0,0,0,0
ARCL.BO,ARCL Organics,Specialty Chemicals,Basic Materials,222.0,277.05,5726,0,0,0,0,0,0
INDGELA.BO,India Gelatine & Chemicals Ltd-$,Specialty Chemicals,Basic Materials,229.0,322.6,2559,0,0,0,0,0,0
NPL.BO,National Peroxide,Specialty Chemicals,Basic Materials,238.0,414.15,1602,0,0,0,0,0,0
SOTL.NS,Savita Oil Tech.,Specialty Chemicals,Basic Materials,2381.0,347.35,12147,0,0,0,0,0,0
KELENRG.BO,KELTECH Energies,Specialty Chemicals,Basic Materials,317.0,3169.8,603,0,0,0,0,0,0
ABMINTLLTD.NS,ABM int'l.,Specialty Chemicals,Basic Materials,34.0,36.52,2341,0,0,0,0,0,0
DYNAMIND.BO,Dynamic IND. Ltd-$,Specialty Chemicals,Basic Materials,34.0,110.95,1243,0,0,0,0,0,0
SRD.NS,Shankar Lal Rampal Dye-Chem,Specialty Chemicals,Basic Materials,377.0,58.99,22066,0,0,0,0,0,0
INDOBELL.BO,Indobell Insulations,Specialty Chemicals,Basic Materials,39.0,62.0,750,0,0,0,0,0,0
RUBFILA.NS,Rubfila int'l.,Specialty Chemicals,Basic Materials,391.0,71.98,42553,0,0,0,0,0,0
NOL.BO,National Oxygen,Specialty Chemicals,Basic Materials,46.0,92.0,483,0,0,0,0,0,0
DICIND.NS,DIC,Specialty Chemicals,Basic Materials,466.0,507.2,6189,0,0,0,0,0,0
JAYAGROGN.NS,Jayant Agro Organics,Specialty Chemicals,Basic Materials,531.0,177.06,10510,0,0,0,0,0,0
PREMIERPOL.NS,Premier Polyfilm,Specialty Chemicals,Basic Materials,532.0,50.83,602681,0,0,0,0,0,0
SUKHJITS.NS,Sukhjit Starch & Chemicals,Specialty Chemicals,Basic Materials,535.0,170.02,45288,0,0,0,0,0,0
INOVSYNTH.BO,Innovassynth Investments,Specialty Chemicals,Basic Materials,544.0,72.07,6925,0,0,0,0,0,0
CHEMFAB.NS,Chemfab Alkalis,Specialty Chemicals,Basic Materials,564.0,392.4,23243,0,0,0,0,0,0
HILLTONE.BO,Hilltone Software & Gases,Specialty Chemicals,Basic Materials,64.0,58.8,61718,0,0,0,0,0,0
SHHARICH.BO,Shree Hari Chemicals Export,Specialty Chemicals,Basic Materials,65.0,116.6,1108,0,0,0,0,0,0
ELANTAS.BO,Elantas Beck India Ltd-$,Specialty Chemicals,Basic Materials,7095.0,8950.0,1902,0,0,0,0,0,0
EIKO.BO,Eiko Lifesciences,Specialty Chemicals,Basic Materials,71.0,51.53,2512,0,0,0,0,0,0
ALKALI.NS,Alkali Metals,Specialty Chemicals,Basic Materials,72.0,70.11,12936,0,0,0,0,0,0
SUNSHIEL.BO,Sunshield Chemicals,Specialty Chemicals,Basic Materials,733.0,833.35,322,0,0,0,0,0,0
KEMISTAR.BO,Kemistar Corp.,Specialty Chemicals,Basic Materials,82.0,76.67,5255,0,0,0,0,0,0
TNPETRO.NS,Tamilnadu PetroProducts,Specialty Chemicals,Basic Materials,855.0,94.19,143823,0,0,0,0,0,0
PATELSAI.BO,Patels Airtemp,Specialty Industrial Machinery,Industrials,118.0,216.1,5928,0,0,0,0,0,0
KRISHNADEF.NS,Krishna Defence & Allied IND.,Specialty Industrial Machinery,Industrials,1287.0,915.3,279633,0,0,0,0,0,0
CHEMTECH.BO,Chemtech Industrial Valves,Specialty Industrial Machinery,Industrials,132.0,73.48,4489,0,0,0,0,0,0
INTLCOMBQ.BO,int'l. Combustion,Specialty Industrial Machinery,Industrials,134.0,562.0,1033,0,0,0,0,0,0
QUESTFLOW.BO,Quest Flow Controls,Specialty Industrial Machinery,Industrials,174.0,170.0,5800,0,0,0,0,0,0
BRADYM.BO,Brady & Morris Engr. Co.,Specialty Industrial Machinery,Industrials,185.0,822.05,92,0,0,0,0,0,0
THEJO.NS,Thejo Engr.,Specialty Industrial Machinery,Industrials,1938.0,1786.5,11414,0,0,0,0,0,0
WINDMACHIN.NS,Windsor Machines,Specialty Industrial Machinery,Industrials,2058.0,236.05,126673,0,0,0,0,0,0
MHEL.BO,Mewar Hi-Tech Engr.,Specialty Industrial Machinery,Industrials,28.0,71.84,750,0,0,0,0,0,0
TRF.NS,TRF,Specialty Industrial Machinery,Industrials,287.0,260.75,21486,0,0,0,0,0,0
JOSTS.BO,Josts Engr. Co.,Specialty Industrial Machinery,Industrials,301.0,254.7,12323,0,0,0,0,0,0
MAZDA.NS,Mazda,Specialty Industrial Machinery,Industrials,393.0,195.95,34630,0,0,0,0,0,0
BATLIBOI.BO,Batliboi Ltd-$,Specialty Industrial Machinery,Industrials,401.0,85.35,45869,0,0,0,0,0,0
HERCULES.BO,Hercules Investments,Specialty Industrial Machinery,Industrials,413.0,129.0,25160,0,0,0,0,0,0
GUJAPOLLO.NS,Gujarat Apollo IND.,Specialty Industrial Machinery,Industrials,522.0,396.05,55662,0,0,0,0,0,0
VRUDDHI.BO,Vruddhi Engr. Works,Specialty Industrial Machinery,Industrials,54.0,215.0,3500,0,0,0,0,0,0
VELJAN.BO,Veljan Denison,Specialty Industrial Machinery,Industrials,541.0,1202.1,111,0,0,0,0,0,0
INTEGRAEN.BO,Integra Engr.,Specialty Industrial Machinery,Industrials,593.0,172.2,14491,0,0,0,0,0,0
KABRAEXTRU.NS,Kabra Extrusion Technik,Specialty Industrial Machinery,Industrials,641.0,182.58,34259,0,0,0,0,0,0
AXTEL.BO,Axtel IND.,Specialty Industrial Machinery,Industrials,656.0,405.8,1366,0,0,0,0,0,0
MEERA.BO,Meera IND.,Specialty Industrial Machinery,Industrials,73.0,68.7,38211,0,0,0,0,0,0
ATAM.NS,Atam Valves,Specialty Industrial Machinery,Industrials,89.0,77.62,11972,0,0,0,0,0,0
BAJAJST.BO,Bajaj Steel IND.,Specialty Industrial Machinery,Industrials,893.0,429.2,31854,0,0,0,0,0,0
GALAPREC.NS,Gala Precision Engr.,Specialty Industrial Machinery,Industrials,918.0,720.15,12608,0,0,0,0,0,0
AARVI.NS,Aarvi Encon,Staffing & Employment Services,Industrials,181.0,122.22,17188,0,0,0,0,0,0
SHAHALLOYS.NS,Shah Alloys,Steel,Basic Materials,127.0,64.1,2907,0,0,0,0,0,0
MAHASTEEL.NS,Mahamaya Steel IND.,Steel,Basic Materials,1297.0,788.0,4051,0,0,0,0,0,0
GALLANTT.NS,Gallantt Ispat,Steel,Basic Materials,13303.0,551.1,39946,0,0,0,0,0,0
GUJINTRX.BO,Gujarat Intrux Ltd-$,Steel,Basic Materials,142.0,414.05,1910,0,0,0,0,0,0
MUKANDLTD.NS,Mukand,Steel,Basic Materials,1719.0,118.56,110574,0,0,0,0,0,0
VASWANI.NS,Vaswani IND.,Steel,Basic Materials,175.0,53.03,37051,0,0,0,0,0,0
STEELCAS.NS,Steelcast,Steel,Basic Materials,1951.0,192.47,47345,0,0,0,0,0,0
STDBAT.BO,Standard Batteries,Steel,Basic Materials,20.0,38.23,2894,0,0,0,0,0,0
SICAGEN.BO,Sicagen,Steel,Basic Materials,210.0,53.09,6517,0,0,0,0,0,0
PRAKASH.NS,Prakash IND.,Steel,Basic Materials,2158.0,120.41,498237,0,0,0,0,0,0
SURAJ.BO,Suraj Products,Steel,Basic Materials,218.0,191.05,16994,0,0,0,0,0,0
VSTL.NS,Vibhor Steel Tubes,Steel,Basic Materials,221.0,116.58,106967,0,0,0,0,0,0
VSSL.NS,Vardhman Special Steels,Steel,Basic Materials,2575.0,266.6,183877,0,0,0,0,0,0
SUPERSHAKT.BO,Supershakti Metaliks,Steel,Basic Materials,300.0,Blank,Blank,0,0,0,0,0,0
BEDMUTHA.NS,Bedmutha IND.,Steel,Basic Materials,350.0,107.52,6594,0,0,0,0,0,0
MANAKSTEEL.NS,Manaksia Steels,Steel,Basic Materials,381.0,58.21,18891,0,0,0,0,0,0
SHIVAUM.NS,Shiv Aum Steels,Steel,Basic Materials,387.0,284.8,62,0,0,0,0,0,0
VRAJ.NS,Vraj Iron & Steel,Steel,Basic Materials,416.0,126.19,20113,0,0,0,0,0,0
INVPRECQ.BO,Investment & Precision Castings,Steel,Basic Materials,427.0,509.9,1871,0,0,0,0,0,0
SURAJLTD.NS,Suraj,Steel,Basic Materials,431.0,234.96,865,0,0,0,0,0,0
UNIABEXAL.BO,Uni Abex Alloy Products,Steel,Basic Materials,583.0,2951.0,452,0,0,0,0,0,0
JAYNECOIND.NS,Jayaswal Neco IND.,Steel,Basic Materials,7209.0,74.24,11912902,0,0,0,0,0,0
MWL.NS,Mangalam Worldwide,Steel,Basic Materials,808.0,271.9,132540,0,0,0,0,0,0
HISARMETAL.NS,Hisar Metal IND.,Steel,Basic Materials,85.0,158.3,1880,0,0,0,0,0,0
GARGFUR.BO,Garg Furnace,Steel,Basic Materials,88.0,128.6,1602,0,0,0,0,0,0
RATNAVEER.NS,Ratnaveer Precision Engr.,Steel,Basic Materials,971.0,143.05,564989,0,0,0,0,0,0
SURYALAXMI.NS,Suryalakshmi Cotton Mills,Textile Manufacturing,Consumer Cyclical,104.0,54.4,4035,0,0,0,0,0,0
LOYALTEX.NS,Loyal Textile Mills,Textile Manufacturing,Consumer Cyclical,105.0,203.11,4005,0,0,0,0,0,0
LAMBODHARA.NS,Lambodhara Textiles,Textile Manufacturing,Consumer Cyclical,106.0,102.48,25344,0,0,0,0,0,0
ADDIND.BO,Addi IND. Ltd-$,Textile Manufacturing,Consumer Cyclical,110.0,102.25,1978,0,0,0,0,0,0
LEMERITE.NS,Le Merite Exports,Textile Manufacturing,Consumer Cyclical,1115.0,457.7,85651,0,0,0,0,0,0
ZENITHEXPO.NS,Zenith Exports,Textile Manufacturing,Consumer Cyclical,112.0,193.61,690,0,0,0,0,0,0
SALONA.NS,Salona Cotspin,Textile Manufacturing,Consumer Cyclical,125.0,237.65,1805,0,0,0,0,0,0
PASHUPATI.NS,Pashupati Cotspin,Textile Manufacturing,Consumer Cyclical,1258.0,797.3,1536,0,0,0,0,0,0
SHRIDINE.BO,Shri Dinesh Mills Ltd-$,Textile Manufacturing,Consumer Cyclical,134.0,240.0,977,0,0,0,0,0,0
BSL.NS,BSL,Textile Manufacturing,Consumer Cyclical,137.0,133.2,9944,0,0,0,0,0,0
MODTHREAD.NS,Modern Threads (India),Textile Manufacturing,Consumer Cyclical,144.0,41.41,1660,0,0,0,0,0,0
SIMPLXMIL.BO,Simplex Mills Co.,Textile Manufacturing,Consumer Cyclical,15.0,Blank,Blank,0,0,0,0,0,0
MARALOVER.NS,Maral Overseas,Textile Manufacturing,Consumer Cyclical,161.0,38.71,7685,0,0,0,0,0,0
TRUEGREEN.BO,True Green Bio Energy,Textile Manufacturing,Consumer Cyclical,191.0,58.09,2517,0,0,0,0,0,0
SCARNOSE.BO,Scarnose int'l.,Textile Manufacturing,Consumer Cyclical,20.0,Blank,Blank,0,0,0,0,0,0
MHLXMIRU.NS,Mahalaxmi Rubtech,Textile Manufacturing,Consumer Cyclical,209.0,197.01,2598,0,0,0,0,0,0
SHIVATEX.NS,Shiva Texyarn,Textile Manufacturing,Consumer Cyclical,228.0,166.31,1021,0,0,0,0,0,0
OSIAJEE.BO,Osiajee Texfab,Textile Manufacturing,Consumer Cyclical,246.0,455.05,48662,0,0,0,0,0,0
SIYSIL.NS,Siyaram Silk Mills,Textile Manufacturing,Consumer Cyclical,2568.0,565.75,48829,0,0,0,0,0,0
SUDTIND-B.BO,Suditi IND.,Textile Manufacturing,Consumer Cyclical,292.0,67.59,28772,0,0,0,0,0,0
EASTSILK.NS,Eastern Silk IND.,Textile Manufacturing,Consumer Cyclical,34.0,67.29,20416,0,0,0,0,0,0
BANSWRAS.NS,Banswara Syntex,Textile Manufacturing,Consumer Cyclical,343.0,100.23,55126,0,0,0,0,0,0
GOKAKTEX.BO,Gokak Textiles,Textile Manufacturing,Consumer Cyclical,37.0,56.65,37,0,0,0,0,0,0
PRECOT.NS,Precot,Textile Manufacturing,Consumer Cyclical,375.0,312.45,3479,0,0,0,0,0,0
SOMATEX.NS,Soma Textiles & IND.,Textile Manufacturing,Consumer Cyclical,391.0,115.23,1110,0,0,0,0,0,0
PASUPTAC.NS,Pasupati Acrylon,Textile Manufacturing,Consumer Cyclical,393.0,44.06,400423,0,0,0,0,0,0
MANOMAY.NS,Manomay Tex,Textile Manufacturing,Consumer Cyclical,398.0,220.47,30096,0,0,0,0,0,0
TTFL.BO,Trident Texofab,Textile Manufacturing,Consumer Cyclical,406.0,270.8,12013,0,0,0,0,0,0
NAHARINDUS.NS,Nahar Industrial Ent.,Textile Manufacturing,Consumer Cyclical,414.0,95.62,17432,0,0,0,0,0,0
ORBTEXP.NS,Orbit Exports,Textile Manufacturing,Consumer Cyclical,430.0,162.18,18708,0,0,0,0,0,0
THOMASCOTT.NS,Thomas Scott (India),Textile Manufacturing,Consumer Cyclical,470.0,319.45,33190,0,0,0,0,0,0
SHIVAMILLS.NS,Shiva Mills,Textile Manufacturing,Consumer Cyclical,49.0,56.37,375,0,0,0,0,0,0
LAKSHMIMIL.BO,Lakshmi Mills Co. Ltd-$,Textile Manufacturing,Consumer Cyclical,522.0,7505.0,193,0,0,0,0,0,0
NAHARSPING.NS,Nahar Spinning Mills,Textile Manufacturing,Consumer Cyclical,579.0,159.4,31112,0,0,0,0,0,0
VTMLTD.BO,VTM,Textile Manufacturing,Consumer Cyclical,579.0,57.56,25843,0,0,0,0,0,0
GLOSTERLTD.NS,Gloster,Textile Manufacturing,Consumer Cyclical,639.0,583.65,1242,0,0,0,0,0,0
SHUBHAM.BO,Shubham Polyspin,Textile Manufacturing,Consumer Cyclical,65.0,53.74,13583,0,0,0,0,0,0
RUBYMILLS.NS,The Ruby Mills,Textile Manufacturing,Consumer Cyclical,650.0,194.03,7720,0,0,0,0,0,0
RIBATEX.BO,Riba Textiles,Textile Manufacturing,Consumer Cyclical,68.0,70.41,4019,0,0,0,0,0,0
GHCLTEXTIL.NS,GHCL Textiles,Textile Manufacturing,Consumer Cyclical,680.0,71.18,100803,0,0,0,0,0,0
DELTAMAGNT.NS,Delta Manufacturing,Textile Manufacturing,Consumer Cyclical,73.0,65.99,4774,0,0,0,0,0,0
RAJPALAYAM.BO,Rajapalayam Mills Ltd-$,Textile Manufacturing,Consumer Cyclical,738.0,800.5,3270,0,0,0,0,0,0
ARL.BO,Anand Rayons,Textile Manufacturing,Consumer Cyclical,821.0,385.65,18755,0,0,0,0,0,0
AYMSYNTEX.NS,AYM Syntex,Textile Manufacturing,Consumer Cyclical,878.0,149.87,69761,0,0,0,0,0,0
ABCOTS.NS,A B Cotspin,Textile Manufacturing,Consumer Cyclical,899.0,409.15,6976,0,0,0,0,0,0
AMARJOTHI.BO,Amarjothi Spinning Mills,Textile Manufacturing,Consumer Cyclical,92.0,135.85,1204,0,0,0,0,0,0
CENTENKA.NS,Century Enka,Textile Manufacturing,Consumer Cyclical,925.0,423.2,13377,0,0,0,0,0,0
RELCHEMQ.NS,Reliance Chemotex IND.,Textile Manufacturing,Consumer Cyclical,97.0,126.58,5081,0,0,0,0,0,0
MAFATIND.BO,Mafatlal IND. Ltd-$,Textile Manufacturing,Consumer Cyclical,991.0,137.4,50390,0,0,0,0,0,0
SINNAR.BO,Sinnar Bidi Udyog,Tobacco,Consumer Defensive,34.0,842.3,84,0,0,0,0,0,0
GOLDENTOBC.NS,Golden Tobacco,Tobacco,Consumer Defensive,53.0,29.47,3704,0,0,0,0,0,0
DHINDIA.BO,D & H India Ltd-$,Tools & Accessories,Industrials,120.0,145.95,2523,0,0,0,0,0,0
SIMMOND.BO,Simmonds Marshall,Tools & Accessories,Industrials,121.0,107.8,7323,0,0,0,0,0,0
KPT.BO,KPT IND.,Tools & Accessories,Industrials,202.0,594.0,2148,0,0,0,0,0,0
AUSTENG.BO,Austin Engr. Co.,Tools & Accessories,Industrials,41.0,116.8,2750,0,0,0,0,0,0
KENNAMET.BO,Kennametal India Ltd-$,Tools & Accessories,Industrials,4397.0,2000.6,1558,0,0,0,0,0,0
ROLCOEN.BO,Rolcon Engr. Co.,Tools & Accessories,Industrials,48.0,Blank,Blank,0,0,0,0,0,0
NHL.BO,Naturewings Holidays,Travel Services,Consumer Cyclical,24.0,76.44,1600,0,0,0,0,0,0
ITHL.BO,int'l. Travel House Ltd-$,Travel Services,Consumer Cyclical,269.0,336.9,4647,0,0,0,0,0,0
OBCL.NS,Orissa Bengal Carrier,Trucking,Industrials,116.0,55.0,11473,0,0,0,0,0,0
SVLL.NS,Shree Vasu Logistics,Trucking,Industrials,762.0,663.05,342,0,0,0,0,0,0
GIPCL.NS,Gujarat IND. Power Co.,Utilities - Regulated Electric,Utilities,2135.0,137.5,257750,0,0,0,0,0,0
KARMAENG.NS,Karma Energy,Utilities - Renewable,Utilities,49.0,42.57,8714,0,0,0,0,0,0
RESGEN.BO,Resgen,Waste Management,Industrials,124.0,59.22,18750,0,0,0,0,0,0
RACE.NS,Race Eco Chain,Waste Management,Industrials,191.0,109.98,15418,0,0,0,0,0,0
ARTEMISMED.NS,Artemis Medicare Serv.,,,Blank,238.2,200655,0,0,0,0,0,0
ZODIAC.NS,Zodiac Energy,,,Blank,248.6,27776,0,0,0,0,0,0
PEOPLIN.BO,Peoples Investments Ltd,,,,,,,,,,,
OSWALEA.BO,,,,,,,,,,,,
SANCF.BO,,,,,,,,,,,,
STARCOM.BO,Starcom Information Technology Ltd,,,,,,,,,,,
RRECL.BO,RDB Real Estate Constructions Ltd,,,,,,,,,,,
MOMENTUM50.BO,MOMENTUM50,,,,,,,,,,,
MODEFENCE.BO,MODEFENCE,,,,,,,,,,,
AGARWALEYE.NS,Dr. Agarwal's Health Care Limited,,,,,,,,,,,
AQYLON.NS,Aqylon Nexus Limited,,,,,,,,,,,
AYE.NS,Aye Finance Limited,,,,,,,,,,,
DCMSIL.NS,DCM Shriram International Limited,,,,,,,,,,,
DSFCL.NS,DCM Shriram Fine Chemicals Limited,,,,,,,,,,,
FRACTAL.NS,Fractal Analytics Limited,,,,,,,,,,,
MOSCHIP.NS,Moschip Technologies Limited,,,,,,,,,,,
NIBE.NS,NIBE Limited,,,,,,,,,,,
SUPREME.NS,Supreme Holdings & Hospitality (India) Limited,,,,,,,,,,,
SWANDEF.NS,Swan Defence and Heavy Industries Limited,,,,,,,,,,,
