Index,Long_Name,Stock1,Stock1 weight,Stock2,Stock2 weight,Stock4,Stock4 weight,Stock5,Stock5 weight,Stock6,Stock6 weight,Stock7,Stock7 weight,Stock8,Stock8 weight,Stock9,Stock9 weight,Stock10,Stock10 weight,Stock11,Stock11 weight,Default Stock
TJI_BK,TJI Bank,^NSEBANK,.05,^NSEBANK,.05,,,,,,,,,,,,,,,,,^NSEI
TJI_psuBK,TJI PSU Bank,SBIN.NS,.05,BANKBARODA.NS,.05,PNB.NS,.05,UNIONBANK.NS,.05,CANBK.NS,.05,INDIANB.NS,.05,CENTRALBK.NS,.05,DSPPSBKETF.NS,.05,,,,,^NSEI
TJI_pvtBK,TJI Pvt Bank,KOTAKBANK.NS,.05,HDFCBANK.NS,.05,ICICIBANK.NS,.05,AXISBANK.NS,.05,INDUSINDBK.NS,.05,IDFCFIRSTB.NS,.05,IDBI.NS,.05,FEDERALBNK.NS,.05,NIFTY_PVT_BANK.NS,.05,,,^NSEI
TJI_INSR,TJI Insurance,,,,,,,,,,,,,,,,,,,,,
TJI_LFINSR,TJI Life Insurance,HDFCLIFE.NS,0.01,SBILIFE.NS,0.1,LICI.NS,0.01,ICICIPRULI.NS,0.01,CANHLIFE.NS,.01,,,,,,,,,,,^NSEI
TJI_GenINSR,TJI Gen Insurance,BAJAJFINSV.NS,0.2,GICRE.NS,0.18,ICICIGI.NS,0.25,NIACL.NS,0.1,STARHEALTH.NS,0.07,GODIGIT.NS,.05,NIVABUPA.NS,.01,,,,,,,^NSEI
TJI_ASMGMT,TJI Asset Mgmt,HDFCAMC.NS,0.305,ANANDRATHI.NS,0.07,UTIAMC.NS,0.05,MOTILALOFS.NS,0.037,NAM-INDIA.NS,0.147,ABSLAMC.NS,0.067,NUVAMA.NS,0.077,360ONE.NS,0.01,ANGELONE.NS,.01,CRAMC.NS,.01,^NSEI
TJI_RTGAGY,TJI Rating Agency,CRISIL.NS,0.813,ICRA.NS,0.13,CARERATING.NS,0.053,,,,,,,,,,,,,,,^NSEI
TJI_BVRG,TJI Beverages,VBL.NS,.05,BIKAJI.NS,.05,DIAMONDYD.NS,.05,BRITANNIA.NS,.05,BECTORFOOD.NS,.05,GOPAL.NS,.05,NESTLEIND.NS,.05,^CNXFMCG,.05,,,,,^NSEI
TJI_FMCG,TJI FMCG,GODREJCP.NS,.05,DABUR.NS,.05,EMAMILTD.NS,.05,HINDUNILVR.NS,.05,CUPID.NS,.05,COLPAL.NS,.05,HONASA.NS,.05,^CNXFMCG,.05,PGHH.NS,.05,BAJAJCON.NS,.05,^NSEI
TJI_MSF,TJI Meat&Sea Food,AVANTIFEED.NS,.01,VENKEYS.NS,.01,APEX.NS,.01,WATERBASE.BO,.01,COASTCORP.NS,.01,,,,,,,,,,,^NSEI
TJI_QSR,TJI QSR,JUBLFOOD.NS,.05,DEVYANI.NS,.05,WESTLIFE.NS,.05,SAPPHIRE.NS,.05,BARBEQUE.NS,.05,RBA.NS,.05,^CNXCONSUM,.05,,,,,,,^NSEI
TJI_RTLCH,TJI Retail Chains,ABFRL.NS,0.15,TRENT.NS,0.056,SHOPERSTOP.NS,0.035,TITAN.NS,0.15,VIPIND.NS,0.015,VMART.NS,0.01,DMART.NS,0.01,AVL.BO,.0,V2RETAIL.NS,.0,,,^NSEI
TJI_INNWR,TJI Innerwear,LUXIND.NS,.05,ROOPAIND.BO,.05,PAGEIND.NS,.05,DOLLAR.NS,.05,,,,,,,,,,,,,^NSEI
TJI_MDENT,TJI Media&Enter,SUNTV.NS,.05,SAREGAMA.NS,.05,PVRINOX.NS,.05,TIPSMUSIC.BO,.05,BALAJITELE.NS,.05,SHEMAROO.NS,.05,TV18BRDCST.NS,.05,TIPSMUSIC.NS,.05,^CNXMEDIA,.05,^CNXMEDIA,.05,^NSEI
TJI_HOTL,TJI Hotels,INDHOTEL.NS,0.05,EIHOTEL.NS,0.177,JUNIPER.NS,0.067,LEMONTREE.NS,0.065,SAMHI.NS,0.028,CHALET.NS,.05,,,,,,,,,^NSEI
TJI_AVTN,TJI Aviation,INDIGO.NS,0.01,SPICEJET.BO,0.01,JETAIRWAYS.NS,0.01,YATRA.NS,.01,EASEMYTRIP.NS,.01,TAALENT.BO,.01,GMRAIRPORT.NS,.01,,,,,,,^NSEI
TJI_IT,TJI IT,TCS.NS,.05,INFY.NS,.05,WIPRO.NS,.05,HCLTECH.NS,.05,TECHM.NS,.05,COFORGE.NS,.05,KPITTECH.NS,.05,ZENSARTECH.NS,.05,ECLERX.NS,.05,^CNXIT.NS,.05,^NSEI
TJI_LGTS,TJI Logistic,CONCOR.NS,.05,DELHIVERY.NS,.05,BLUEDART.NS,.05,TVSSCS.NS,.05,ALLCARGO.NS,.05,SNOWMAN.NS,.05,VRLLOG.NS,.05,TCIEXP.NS,.05,,,,,^NSEI
TJI_CMNT,TJI Cement,ULTRACEMCO.NS,0.01,GRASIM.NS,0.01,SHREECEM.NS,0.01,AMBUJACEM.NS,0.106,ACC.NS,0.071,BIRLACORPN.NS,0.015,INDIACEM.NS,.01,RAMCOCEM.NS,.01,DALBHARAT.NS,.01,,,^NSEI
TJI_RLEST,TJI Real Estate,DLF.NS,.05,GODREJPROP.NS,.05,OBEROIRLTY.NS,.05,PRESTIGE.NS,.05,SOBHA.NS,.05,SUNTECK.NS,.05,BRIGADE.NS,.05,^CNXREALTY,.05,^CNXREALTY,.05,,,^NSEI
TJI_PLY,TJI Plywood,GREENPLY.NS,0.01,CENTURYPLY.NS,0.01,GREENLAM.NS,0.01,GREENPANEL.NS,0.01,STYLAMIND.NS,.01,RUSHIL.NS,.01,,,,,,,,,^NSEI
TJI_TLS,TJI Tiles,KAJARIACER.NS,0.01,SOMANYCERA.NS,0.01,CERA.NS,0.01,ASIANTILES.NS,0.01,NITCO.NS,.01,,,,,,,,,,,^NSEI
TJI_PWR,TJI Power,NTPC.NS,0.05,TATAPOWER.NS,0.15,RPOWER.NS,0.01,TORNTPOWER.NS,0.1,JSWENERGY.NS,0.1,NHPC.NS,0.03,ADANIPOWER.NS,.05,POWERGRID.NS,.05,NTPCGREEN.NS,.05,ADANIGREEN.NS,.05,^NSEI
TJI_PNT,TJI Paint,ASIANPAINT.NS,.05,BERGEPAINT.NS,.05,KANSAINER.NS,.05,AKZOINDIA.NS,.05,INDIGOPNTS.NS,.05,SHALPAINTS.NS,.05,,,,,,,,,^NSEI
TJI_cOIL,TJI Crude Oil,,,,,,,,,,,,,,,,,,,,,
TJI_oREF,TJI Oil Refiners,HINDPETRO.NS,0.034,ONGC.NS,0.152,RELIANCE.NS,0.4,IOC.NS,0.1,MRPL.NS,0.03,BPCL.NS,0.07,,,,,,,,,^NSEI
TJI_FERT,TJI Fertilizer,FACT.NS,0.4,COROMANDEL.NS,0.25,RCF.NS,0.071,NFL.NS,0.044,GSFC.NS,0.059,PARADEEP.NS,0.056,,,,,,,,,^NSEI
TJI_cGAS,TJI City Gas,GAIL.NS,.05,ATGL.NS,.05,PETRONET.NS,.05,GUJGASLTD.NS,.05,IGL.NS,.05,MGL.NS,.05,,,,,,,,,^NSEI
TJI_comEQP,TJI Comm Equip,DLINKINDIA.NS,.05,STLTECH.NS,.05,TEJASNET.NS,.05,INDUSTOWER.NS,.05,ITI.NS,.05,NELCO.NS,.05,,,,,,,,,^NSEI
TJI_TELC,TJI Telecom,TATACOMM.NS,0.07,BHARTIARTL.NS,0.25,IDEA.NS,0.6,,,,,,,,,,,,,,,^NSEI
TJI_ELAPP,TJI Electric App,VOLTAS.NS,.05,BLUESTARCO.NS,.05,WHIRLPOOL.NS,.05,EUREKAFORB.NS,.05,SYMPHONY.NS,.05,IFBIND.NS,.05,BAJAJELEC.NS,.05,CROMPTON.NS,.05,HAVELLS.NS,.05,^CNXCONSUM,.05,^NSEI
TJI_BRG,TJI Bearing,SCHAEFFLER.NS,.05,TIMKEN.NS,.05,SKFINDIA.NS,.05,NRBBEARING.NS,.05,GALXBRG.BO,.05,,,,,,,,,,,^NSEI
TJI_HOSP,TJI Hospitals,MAXHEALTH.NS,0.26,MEDANTA.NS,0.12,RAINBOW.NS,0.05,JLHL.NS,0.03,ASTERDM.NS,0.07,APOLLOHOSP.NS,0.17,FORTIS.NS,0.09,NH.NS,0.09,KOVAI.BO,0.02,,,^NSEI
TJI_DIAGC,TJI Diagno Chains,LALPATHLAB.NS,0.3,THYROCARE.NS,0.07,VIJAYA.NS,0.1,METROPOLIS.NS,0.15,,,,,,,,,,,,,^NSEI
TJI_PHARM,TJI Pharma,SUNPHARMA.NS,.05,CIPLA.NS,.05,DRREDDY.NS,.05,LUPIN.NS,.05,IPCALAB.NS,.05,AUROPHARMA.NS,.05,APLLTD.NS,.05,CIPLA.NS,.05,TORNTPHARM.NS,.05,,,^NSEI
TJI_Metal,TJI Metal,HINDCOPPER.NS,0.107,JSWSTEEL.NS,0.177,TATASTEEL.NS,0.169,SAIL.NS,0.048,HINDZINC.NS,0.025,HINDALCO.NS,0.106,VEDL.NS,0.093,JINDALSTEL.NS,0.073,NMDC.NS,0.042,NATIONALUM.NS,0.025,^NSEI
TJI_Pipe,TJI Pipes,,,,,,,,,,,,,,,,,,,,,
TJI_mPIP,TJI Metal Pipes,VENUSPIPES.NS,.05,HITECH.NS,.05,APLAPOLLO.NS,.05,HARIOMPIPE.NS,.05,JAIBALAJI.NS,.05,JTLIND.NS,.05,YASHO.BO,.05,,,,,,,^NSEI
TJI_pPIP,TJI Plastic Pipes,FINPIPE.NS,.05,ASTRAL.NS,.05,SUPREMEIND.NS,.05,RESPONIND.NS,.05,,,,,,,,,,,,,^NSEI
TJI_PAer,TJI Paper&Board,JKPAPER.NS,.01,WSTCSTPAPR.NS,.01,ANDHRAPAP.NS,.01,PDMJEPAPER.NS,.01,SESHAPAPER.NS,.01,TNPL.NS,.01,KUANTUM.NS,.01,,,,,,,^NSEI
TJI_agCHE,TJI AgroChemical,PIIND.NS,0.05,UPL.NS,0.05,AARTIIND.NS,0.05,SUMICHEM.NS,.05,INSECTICID.NS,.05,BAYERCROP.NS,.05,BASF.NS,.05,,,,,,,^NSEI
TJI_alkCHE,TJI Alkali Chemicals,TATACHEM.NS,0.1,GHCL.NS,0.173,DCW.NS,0.035,GUJALKALI.NS,.05,,,,,,,,,,,,,^NSEI
TJI_DyesPig,TJI Dyes&Pigments,SUDARSCHEM.NS,0.05,KIRIINDUS.NS,0.02,VIDHIING.NS,0.07,BHAGERIA.NS,0.078,DYNPRO.NS,0.053,BODALCHEM.BO,.05,,,,,,,,,^NSEI
TJI_Spl_CHEM,TJI Spl Chemicals,VINATIORGA.NS,0.113,AARTIIND.NS,0.114,NAVINFLUOR.NS,0.128,BALAMINES.NS,0.038,ATUL.NS,0.125,TATVA.NS,0.024,CLEAN.NS,0.082,ALKYLAMINE.NS,0.067,PAUSHAKLTD.BO,.05,DEEPAKNTR.NS,.05,^NSEI
TJI_SUG,TJI Sugar,BALRAMCHIN.NS,0.0108,DALBHARAT.NS,0.083,RENUKA.NS,0.0164,DCMSHRIRAM.NS,0.098,DHAMPURSUG.NS,0.076,EIDPARRY.NS,.01,BANARISUG.NS,.01,,,,,,,^NSEI
TJI_TEX,TJI Textile,TRIDENT.NS,.05,ARVIND.NS,.05,ICIL.NS,.05,KPRMILL.NS,.05,NDL.NS,.05,AMBIKCO.NS,.05,RSWM.NS,.05,KITEX.NS,.05,WELSPUNLIV.NS,.05,,,^NSEI
TJI_TYR,TJI Tyre,JKTYRE.NS,0.075,CEATLTD.NS,0.06,MRF.NS,0.15,APOLLOTYRE.NS,0.15,BALKRISIND.NS,0.2,GOODYEAR.NS,0.02,TVSSRICHAK.NS,0.02,,,,,,,^NSEI
TJI_CapMk,TJI Capital Mkt,MCX.NS,.05,BSE.NS,.05,CDSL.NS,.05,KFINTECH.NS,.05,CAMS.NS,.05,,,,,,,,,,,^NSEI
TJI_Lethr,TJI leather,BATAINDIA.NS,.05,RELAXO.NS,.05,CAMPUS.NS,.05,LIBERTSHOE.NS,.05,KHADIM.NS,.05,METROBRAND.NS,.05,REDTAPE.NS,.05,MAYURUNIQ.NS,.05,,,,,^NSEI
TJI_DryC,TJI Dry Cell,EVEREADY.NS,.05,ARE&M.NS,.05,NIPPOBATRY.NS,.05,EXIDEIND.NS,.05,,,,,,,,,,,,,^NSEI
TJI_Pkg,TJI Pakag,EPL.NS,.05,MOLDTKPAC.NS,.05,COSMOFIRST.NS,.05,TCPLPACK.NS,.05,POLYPLEX.NS,.05,UFLEX.NS,.05,AGI.NS,.05,XPROINDIA.NS,.01,,,,,^NSEI
TJI_Tobac,TJI Tobacco,ITC.NS,.05,GODFRYPHLP.NS,.05,VSTIND.NS,.05,NTCIND.BO,.05,ELITECON.BO,.01,,,,,,,,,,,^NSEI
TJI_Railw,TJI Railways,IRCTC.NS,.05,RVNL.NS,.05,IRFC.NS,.05,IRCON.NS,.05,TITAGARH.NS,.05,RITES.NS,.05,JWL.NS,.05,,,,,,,^NSEI
TJI_Cable,TJI Cables,POLYCAB.NS,.05,KEI.NS,.05,RRKABEL.NS,.05,FINCABLES.NS,.05,UNIVCABLES.NS,.05,,,,,,,,,,,^NSEI
TJI_Alcoh,TJI Alcohol,UBL.NS,.05,UNITDSPR.BO,.05,RADICO.NS,.05,SDBL.NS,.05,ASALCBR.NS,.05,SULA.NS,.05,TI.NS,.05,ABDL.BO,.05,GMBREW.NS,.05,,,^NSEI
TJI_Refac,TJI Refract,RHIM.NS,.05,IFGLEXPOR.NS,.05,VESUVIUS.NS,.05,RPEL.BO,.05,HEG.NS,.05,GRAPHITE.NS,.05,,,,,,,,,^NSEI
TJI_Jewl,TJI Jewellery,TITAN.NS,.05,KALYANKJIL.NS,.05,PNGJL.NS,.05,SENCO.NS,.05,SKYGOLD.NS,.05,GOLDIAM.NS,.05,THANGAMAYL.NS,.05,IGIL.NS,.05,MOTISONS.NS,.05,BLUESTONE.NS,.01,^NSEI
TJI_ApiCram,TJI Api Crams,GLAND.NS,.05,DIVISLAB.NS,.05,LAURUSLABS.NS,.05,SYNGENE.NS,.05,AARTIDRUGS.NS,.05,CONCORDBIO.NS,.05,SUVENPHAR.NS,.05,GRANULES.NS,.05,JUBLPHARMA.NS,.05,BIOCON.NS,.05,^NSEI
TJI_autoOem,TJI Auto OEM,BAJAJ-AUTO.NS,.05,TVSMOTOR.NS,.05,OLAELEC.NS,.05,MARUTI.NS,.05,EICHERMOT.NS,.05,ASHOKLEY.NS,.05,TATAMOTORS.NS,.05,M&M.NS,.05,HEROMOTOCO.NS,.05,FORCEMOT.NS,.05,^NSEI
TJI_Defence,TJI Defence,DYNAMATECH.NS,.05,SOLARINDS.NS,.05,HAL.NS,.05,BDL.NS,.05,ZENTEC.NS,.05,BEL.NS,.05,BEML.NS,.05,PARAS.NS,.05,MTARTECH.NS,.05,MODEFENCE.NS,.05,^NSEI
TJI_shipB,TJI Ship Building,COCHINSHIP.NS,.05,MAZDOCK.NS,.05,GRSE.NS,.05,SWANDEF.NS,.01,,,,,,,,,,,,,^NSEI
TJI_ports,TJI Ports,ADANIPORTS.NS,.05,JSWINFRA.NS,.05,GPPL.NS,.05,,,,,,,,,,,,,,,^NSEI
TJI_AutoAnc,TJI AutoAnc,MOTHERSON.NS,.05,UNOMINDA.NS,.05,JBMA.NS,.05,MINDACORP.NS,.05,LUMAXTECH.NS,.05,JAMNAAUTO.NS,.05,MSUMI.NS,.05,SONACOMS.NS,.05,ENDURANCE.NS,.05,ASKAUTOLTD.NS,.05,^NSEI
TJI_Transf,TJI Transformer,VOLTAMP.NS,.05,TARIL.BO,.05,APARINDS.NS,.05,CGPOWER.NS,.05,GVT&D.NS,.05,ADANIENSOL.NS,.05,,,,,,,,,^NSEI
TJI_Abars,TJI Abrasives,WENDT.NS,.05,GRINDWELL.NS,.05,CARBORUNIV.NS,.05,,,,,,,,,,,,,,,^NSEI
TJI_Pumps,TJI Pumps,ELGIEQUIP.NS,.05,KSB.NS,.05,SHAKTIPUMP.NS,.01,ROTO.NS,.01,KIRLPNU.NS,.01,WPIL.BO,.01,OSWALPUMPS.NS,.01,,,,,,,^NSEI
TJI_Hsg Fn,TJI HSG FN,BAJAJHFL.NS,.01,HUDCO.BO,.05,LICHSGFIN.NS,.05,PNBHOUSING.NS,.05,AADHARHFC.NS,.05,AAVAS.NS,.05,HOMEFIRST.NS,.05,,,,,,,^NSEI
TJI_INFRA,TJI INFRA,^CNXINFRA,.05,^CNXINFRA,.05,JKIL.NS,.05,LT.NS,.05,IRB.NS,.05,NCC.NS,.05,DBL.NS,.05,AFCONS.NS,.05,,,,,^NSEI
TJI_DATAC,TJI DATACTR,ANANTRAJ.NS,.01,NETWEB.NS,.01,TECHNOE.NS,.01,E2E.NS,.01,BBOX.NS,.01,AURIONPRO.NS,.01,,,,,,,,,^NSEI
TJI_EThNOL,TJI Ethanol,PRAJIND.NS,.01,EIDPARRY.NS,.01,RENUKA.NS,.01,BALRAMCHIN.NS,.01,BAJAJHIND.NS,.01,DWARKESH.NS,.01,BANARISUG.NS,.01,,,,,,,^NSEI
TJI_TeaCof,TJI TeaCoffee,TATACONSUM.NS,.01,CCL.NS,.01,VINCOFE.BO,.01,VINCOFE.NS,.01,ANDREWYU.NS,.01,,,,,,,,,,,^NSEI
TJI_Solar,TJI Solar,GREENPOWER.NS,.01,INOXWIND.NS,.01,KPIGREEN.NS,.01,NTPCGREEN.NS,.01,WAAREEENER.NS,.01,JSWENERGY.NS,.01,ADANIGREEN.NS,.01,SJVN.NS,.01,ACMESOLAR.NS,.01,INDOWIND.NS,.01,^NSEI
TJI_SemiCond,TJI SemiConductor,MOSCHIP.NS,.01,ASMTEC.BO,.01,KAYNES.NS,.01,SPELS.BO,.01,CGPOWER.NS,.01,KPITTECH.NS,.01,,,,,,,,,^NSEI
TJI_Wastemgmt,TJI Waste Mgmt,AWHCL.NS,.01,ECORECO.BO,.01,CEWATER.NS,.01,NAMOEWASTE.NS,.01,,,,,,,,,,,,,^NSEI
TJI_Prefab,TJI Prefab,INTERARCH.NS,.01,EPACKPEB.NS,.01,MBEL.NS,.01,EVERESTIND.NS,.01,PENIND.NS,.01,,,,,,,,,,,^NSEI
TJI_xx,TJI xxIT,,,,,,,,,,,,,,,,,,,,,
TJI_xx,TJI xxIT,,,,,,,,,,,,,,,,,,,,,
TJI_xx,TJI xxIT,,,,,,,,,,,,,,,,,,,,,
TJI_xx,TJI xxIT,,,,,,,,,,,,,,,,,,,,,
TJI_xx,TJI xxIT,,,,,,,,,,,,,,,,,,,,,
TJI_xx,TJI xxIT,,,,,,,,,,,,,,,,,,,,,
TJI_xx,TJI xxIT,,,,,,,,,,,,,,,,,,,,,
