Industry,Sum_Score,Count,Avg,Median
Consumer Electro,3.031,1,3.031,3.031
Defense,25.762,10,2.576,2.532
Railroads,8.148,4,2.037,2.008
Farm&Heavy Constr Mach,6.697,4,1.674,1.815
Real Est,26.307,15,1.754,1.749
Solar,1.658,1,1.658,1.658
Electrical Equip,27.741,18,1.541,1.551
Metals,39.54,27,1.464,1.512
Paper,3.96,3,1.32,1.509
Utilities-Power,25.806,17,1.518,1.503
Spl Ind Mach,29.088,21,1.385,1.449
Consulting Serv,1.448,1,1.448,1.448
Telecom,13.359,10,1.336,1.399
Utilities—Reg  Gas,5.055,5,1.011,1.384
Eng&Const,44.266,27,1.639,1.38
Capital Markets,19.633,17,1.155,1.358
Airline&Serv,5.294,5,1.059,1.311
Conglomerates,11.967,9,1.33,1.298
Port&Shipping,5.061,4,1.265,1.291
Spl Business Serv,2.582,2,1.291,1.291
Tools&Accessories,2.547,2,1.274,1.274
Oil&Gas,14.611,12,1.218,1.26
Farm Products,1.223,1,1.223,1.223
Agro chemical,14.774,15,0.985,1.209
Pharma,43.106,40,1.078,1.204
Entertainment,2.633,3,0.878,1.203
Alcohol,3.75,4,0.937,1.192
Hospital,6.678,7,0.954,1.171
Auto,50.132,39,1.285,1.15
Hotel&Resort,5.158,5,1.032,1.113
Textile Mfg,13.31,16,0.832,1.103
FMCG,17.182,21,0.818,1.091
Banks,24.271,31,0.783,1.067
Tobacco,2.133,2,1.066,1.066
Building Material,8.842,11,0.804,1.038
Staffing Serv,1.023,1,1.023,1.023
IT,26.05,37,0.704,1.006
Insurance,5.607,7,0.801,1.004
Medical Devices&Sup,1.094,2,0.547,0.547
Cement,10.773,16,0.673,0.519
Packaging,2.176,5,0.435,0.001
Footwear&Accessories,0.004,4,0.001,0.001
Blank,0.001,1,0.001,0.001
Broadcasting,1.069,4,0.267,0.001
Chemicals,2.347,11,0.213,0.001
Consumer Durables,6.249,9,0.694,0.001
Sugar,1.182,4,0.295,0.001
Electronics Distri,0.001,1,0.001,0.001
Spl Chemicals,19.491,31,0.629,0.001
NBFC,27.257,34,0.802,0.001
Healthcare Diag&Resrch,1.11,3,0.37,0.001
Retail,12.211,15,0.814,0.001
Logistics,2.703,6,0.45,0.001
Luxury&jewel Goods,4.158,5,0.832,0.001
Pollution&Treat Controls,0.001,1,0.001,0.001
Metal Fab,1.523,3,0.508,0.001
Advert Agencies,0.001,1,0.001,0.001
