FULLSymbol,NSE750
INSPIRISYS.NS,
,LTF.NS
EIFFL.NS,Symbol
VISASTEEL.NS,AEGISLOG.NS
AMBICAAGAR.NS,UNITDSPR.NS
VHLTD.NS,EMBDL.NS
GOLDENTOBC.NS,SAMMAANCAP.NS
UEL.NS,KSL.NS
ANSALAPI.NS,RAYMONDLSL.NS
HINDNATGLS.NS,SANOFICONR.NS
BAFNAPH.NS,IMAGICAA.NS
RAJVIR.NS,ENTERO.NS
KEEPLN-RE.BO,KIRLPNU.NS
EICHERMOT.NS,VENUSPIPES.NS
VIJIFI-RE.BO,PGHL.NS
EIMCOELECO.NS,LAXMIMACH.NS
EIHOTEL.NS,NEOGEN.NS
BOROSCI.NS,PRUDENT.NS
SOLARA-RE.BO,ROLEXRINGS.NS
AEGISLOG.NS,TIIL.NS
UNITDSPR.NS,TIPSMUSIC.NS
ESSEN-RE2.NS,GOPAL.NS
KRONOX.NS,BAJAJELEC.NS
EIHAHOTELS.NS,AADHARHFC.NS
EDELWEISS.NS,DYNAMATECH.NS
AWFIS.NS,BOROLTD.NS
ARTSONEN.BO,JSFB.NS
ASSOCIATED.BO,HCG.NS
AIHL.BO,VSTIND.NS
TOTEM.BO,GODIGIT.NS
SKILVEN.BO,IREDA.NS
MIIL.BO,GET&D.NS
PASUFIN.BO,SHRIPISTON.NS
SJCORP.BO,PARKHOTELS.NS
WOODSVILA.BO,INDGN.NS
PSITINFRA.BO,ABSLAMC.NS
PROGREXV.BO,INOXGREEN.NS
SARUPINDUS.BO,TBOTEK.NS
FINELINE.BO,VINATIORGA.NS
MUDUNURU.BO,BBL.NS
IFL-RE.BO,SUBROS.NS
LOGICA.BO,TCIEXP.NS
NUTRICIRCLE.BO,HNDFDS.NS
DOLLAR.NS,IXIGO.NS
VSFPROJ-RE.BO,PTCIL.NS
GRANDMA.BO,SYMPHONY.NS
NGIL-RE2.NS,ORCHPHARMA.NS
UEL.BO,FORCEMOT.NS
KAMOPAINTS.BO,PFIZER.NS
MARKOBENZ.BO,BHARTIHEXA.NS
IYKOTPP.BO,VESUVIUS.NS
DRREDDY.NS,HARSHA.NS
GUJTLRM-RE.BO,VEEDOL.NS
SKIPPERPP.BO,LMW.NS
IBULPP.BO,ABREL.NS
YARNPP.BO,EMCURE.NS
SAPPLPP.BO,AKUMS.NS
MAGENTA.BO,GVT&D.NS
AURUMPP.BO,IIFLCAPS.NS
PURPLEFIN.BO,GMRAIRPORT.NS
SAVFIPP.BO,ODIGMA.NS
3CIT.BO,HBLENGINE.NS
SATTRIX.BO,ALIVUS.NS
QUESTPP.BO,ONESOURCE.NS
AIRTELPP.BO,ITCHOTELS.NS
DYNAMATECH.NS,INNOVACAP.NS
ARVIND.NS,MAXESTATES.NS
IXIGO.NS,BAJAJHFL.NS
ASAL.NS,TRANSRAILL.NS
TOUCHWOOD.NS,ANUP.NS
FOCUS.NS,VENTIVE.NS
RELINFRA.NS,ACMESOLAR.NS
YASHCHEM.BO,SHARDACROP.NS
IDEA.NS,CEIGALL.NS
VINEETLAB.NS,BALUFORGE.NS
GROVY.BO,OLAELEC.NS
SOLIMAC.BO,RTNPOWER.NS
SHISHIND.BO,GARFIBRES.NS
IMAGICAA.NS,MAHSCOOTER.NS
YESBANK.NS,BANSALWIRE.NS
BANARBEADS.NS,AIIL.NS
VIPULORG.BO,GANECOS.NS
ARVEE.NS,AURIONPRO.NS
JETAIRWAYS.NS,SHAKTIPUMP.NS
WORTH.BO,IKS.NS
DAIKAFFI.BO,AWFIS.NS
GPPL.NS,PGIL.NS
SPICEJET.BO,AFCONS.NS
JHS.NS,BLACKBUCK.NS
ESSARSHPNG.NS,NIVABUPA.NS
JYOTISTRUC.NS,LLOYDSENT.NS
VIPULORG.NS,EIEL.NS
FOCUS.BO,THANGAMAYL.NS
PHCAP.BO,SHOPERSTOP.NS
STLSTRINF.BO,SAGILITY.NS
NOIDATOLL.NS,KPIGREEN.NS
WORTH.NS,REFEX.NS
CONART.BO,WAAREEENER.NS
MEGASOFT.NS,AVL.NS
SHALIWIR.BO,JSWHL.NS
PREMEXPLN.BO,WEBELSOLAR.NS
ATUL.NS,RPOWER.NS
ESSEN-RE2.BO,TARIL.NS
GLEAM.BO,ABDL.NS
GOURMET.BO,HYUNDAI.NS
DARJEELING.BO,EUREKAFORB.NS
ATGL.NS,UNIMECH.NS
ADTECH.BO,PREMIERENE.NS
KSHITI-RE.NS,PRSMJOHNSN.NS
AUTOIND.NS,SKIPPER.NS
RETAIL.NS,IGIL.NS
AVONMORE.NS,FIRSTCRY.NS
NGIL-RE2.BO,AKZOINDIA.NS
DEEDEV.NS,ZAGGLE.NS
AFIL.NS,SAILIFE.NS
SOLARAPP.NS,NTPCGREEN.NS
AVALON.NS,SWIGGY.NS
AVONMORE.BO,GMRP&UI.NS
STANLEY.NS,PCJEWELLER.NS
SOBHA-RE.NS,SHAILY.NS
MITCON-RE.NS,PNGJL.NS
SHAREINDIA.BO,VMM.NS
AVANTIFEED.NS,ETERNAL.NS
ATAM.NS,SUNDRMFAST.NS
IECEDU.BO,COHANCE.NS
ZJEETMAC.BO,ACUTAAS.NS
COTFAB.BO,ABLBL.NS
SHARMEH.BO,ENRIN.NS
SPICEISLIN.BO,RAYMONDREL.NS
DFPL.BO,STLNETWORK.NS
SPRIGHT-RE.BO,SWANCORP.NS
GEMENVIRO.BO,GANESHHOU.NS
IIRM.BO,CEMPRO.NS
ASTALLTD.BO,
SHRAJSYNQ.BO,
FLORATX.BO,
KISAAN.BO,
RAJGASES.BO,
KHYATI.BO,
ASHUTPM.BO,
SOLARAPP.BO,
STELLANT.BO,
AURUM.NS,
SICALLOG.BO,
ABDL.NS,
AUTOAXLES.NS,
SOBHA-RE.BO,
^CRSMID,
^CNXFIN,
include_tickers,
AURIONPRO.NS,
^CNXMNC,
^CNXSC,
VISASTEEL.BO,
HINDNATGLS.BO,
VRAJ.NS,
^CNXMEDIA,
AUSOMENT.NS,
REMSONSIND.BO,
SEPC-RE2.NS,
RGCORP.BO,
NPL.BO,
SRESTHA-RE.BO,
SICALLOG.NS,
EMBDL.NS,
RELIABLE.NS,
EMCURE.NS,
BANSALWIRE.NS,
PGEL.BO,
AVG.NS,
NANDANI-RE.NS,
INVENT-RE.NS,
MAHKTECH.NS,
AGIIL.NS,
VSFPROJPP.BO,
RICHUNV.BO,
RAUNAQEPC.BO,
SHRMFGC.BO,
INVIGO.BO,
AEIM.BO,
SILVOAK.BO,
OCEANIC.BO,
NIBEORD.BO,
SHRINIWAS.BO,
HIGHSTREE.BO,
HCKKVENTURE.BO,
SEPC-RE2.BO,
AAYUSHBULL.BO,
KPIGREEN.BO,
ELECON.BO,
FABINO.BO,
VIRTUALS.BO,
HPCBL.BO,
NGILPP.BO,
VKJINFRA.BO,
CIL.BO,
GEETANJ.BO,
TAVERNIER.BO,
LANDMARC.BO,
4THGEN.BO,
YUVRAAJHPL.BO,
NOGMIND.BO,
MASCH.BO,
MAGNUS.BO,
FILME.BO,
OMKAR.BO,
PAEL.BO,
SURJIND-RE.BO,
SRDAPRT.BO,
HRBFLOR.BO,
SAVFI.BO,
SAGL.BO,
GTEIT.BO,
DIAMANT.BO,
ALKOSIGN.BO,
INLCM.BO,
PROCAL.BO,
THREEMPAPE.BO,
LYNMC.BO,
EFPL.BO,
SUPRATRE.BO,
ARYAVAN.BO,
SARTHAKGL.BO,
SHASHANK.BO,
AVIVA.BO,
AIRLTD.BO,
RGIL.BO,
ACLD.BO,
IPOWER.BO,
RKDAGRRTL.BO,
CISTRO.BO,
TRITON.BO,
RAYLA.BO,
SWADEIN.BO,
INDOCRED.BO,
IMEC.BO,
RASSIREF.BO,
DOLPHMED.BO,
ICLORGANIC.BO,
KABRADG.BO,
SWORDEDGE.BO,
LINAKS.BO,
ARISINT.BO,
SOBHAPP.BO,
KLGCAP.BO,
RRP.BO,
RCCEMEN.BO,
BARONINF.BO,
DWL.BO,
STARCOM.BO,
COROENGG.BO,
ABATEAS.BO,
ADVIKLA.BO,
JPTSEC.BO,
CONTAINER.BO,
FEDDERSHOL.BO,
LESHIND-RE.BO,
SPSINT.BO,
BPCAP.BO,
SALGUTI.BO,
INTERDIGI.BO,
RIDINGS.BO,
CONCRETE.BO,
CNEL.BO,
AVASARA.BO,
ADVAIT.BO,
ALMONDZ.BO,
VHLTD.BO,
SANSTAR.NS,
INFLAME.BO,
KSB.BO,
SAMMAANCAP.NS,
SHINDL-RE.BO,
LSIND.BO,
RELTD.NS,
JEL.BO,
OMKARCHEM.NS,
AVANTEL.NS,
ADROITPP1.NS,
GATECH-RE.NS,
GACMDVR-RE.NS,
VVIPIL.BO,
ADROITPP.BO,
CTLLAB.BO,
TATACON-RE.NS,
JAYSYNTH.BO,
UFMINDL.BO,
SILICON.BO,
SHRIND-RE.BO,
SEYAIND.NS,
KIZI.BO,
AKUMS.NS,
RPEL.NS,
RUBFILA.NS,
AMPVOLTS.BO,
GRASIMPP1.NS,
CEIGALL.NS,
LONGSPUR.BO,
GRASIMPP.BO,
AFCOM.BO,
OLAELEC.NS,
SHEKHAWATI.NS,
MITCONPP.NS,
MONIND.BO,
SOURCEIND.BO,
FIRSTCRY.NS,
AARSHYAM.BO,
UNIECOM.NS,
MANCREDIT.NS,
LUHARUK-RE.BO,
SILVERLINE.BO,
SUYOG.NS,
VISVEN-RE.BO,
SSDL.NS,
SHARATPP.BO,
SURAJPP.BO,
BROACH.BO,
MSCTC.BO,
INTERARCH.NS,
MFML.NS,
GLOBALE.NS,
TARIL.NS,
ORIENTTECH.BO,
RAL.BO,
AMPVOLTSPP.BO,
SURAJLTD.NS,
RAPID.BO,
ORIENTTECH.NS,
CCCL.NS,
PREMIERENE.NS,
ORTINGLOBE.NS,
ECOSMOBLTY.NS,
RAYMONDLSL.NS,
VOLKAI.BO,
STYLEBAAZA.NS,
TRAVELS.BO,
EUREKAFORB.BO,
RAJATH.BO,
SOMAPPR.BO,
GALAPREC.NS,
DRONACHRYA.BO,
NHL.BO,
EUREKAFORB.NS,
REVATHIEQU.NS,
MCEL.BO,
SANOFICONR.NS,
BALAJEE.NS,
BPAGRI.BO,
FRATELLI.BO,
OMEAG.BO,
LYONSCO.BO,
SSL.BO,
KROSS.NS,
BAJAJHFL.NS,
TOLINS.NS,
EASTINDIA.BO,
PNGJL.NS,
BMW.BO,
AFELPP.BO,
SAFE.BO,
SEYAIND.BO,
KRANTI.BO,
PFL.BO,
NORTHARC.NS,
MURAE.BO,
AZADIND.BO,
WCIL.NS,
ARKADE.NS,
TRUSTWAVE.BO,
ALLDIGI.NS,
TIPSMUSIC.NS,
MANBA.NS,
RAUNAQ.BO,
SEJALLTD.NS,
LEXORAA.BO,
KRN.NS,
DIFFNKG.NS,
NEXXUS.BO,
HSIL.BO,
PRIMIND.BO,
PHTRADING.BO,
PANACEABIO.BO,
SHRAJOI.BO,
SUBAM.BO,
VEEDOL.NS,
NPFL.BO,
BGDL.BO,
LMW.NS,
ABREL.NS,
KGVL.BO,
GARUDA.NS,
SHIVTEXCHEM.BO,
A1L.BO,
JUBLINDS.BO,
JUBLINDS.NS,
OMANSH.BO,
SBL.BO,
HYUNDAI.NS,
AFFORDABLE.NS,
ZARDIINV.BO,
TRANSWORLD.NS,
OCCLLTD.NS,
WAAREEENER.NS,
DBEIL.NS,
GROARC.BO,
VELOX.BO,
GODAVARIB.NS,
BGPL.BO,
AFCONS.NS,
GRCABLE.BO,
BONDADA.BO,
AVL.NS,
GVT&D.NS,
ABINFRA.NS,
ADHHATA.BO,
COFFEEDAY.NS,
SAGILITY.NS,
MASTERTR.NS,
EKI.BO,
KPEL.NS,
SWIGGY.NS,
ACMESOLAR.NS,
NGILPP1.NS,
NIVABUPA.NS,
JETSOLAR.BO,
PURETROP.BO,
SUNITATOOL.BO,
MANGALCOMP.BO,
BLACKBUCK.NS,
RVTH.NS,
PREVEST.BO,
PEIL.BO,
RACLGEAR.NS,
NTPCGREEN.NS,
MIDPOLY.BO,
EIEL.NS,
VENMAX.BO,
PROTEAN.BO,
KOURA.BO,
SWOJAS.BO,
RAJESH.BO,
IIFLCAPS.NS,
CUPIDALBV.BO,
ANVRDHI.BO,
ROSSTECH.NS,
SURAKSHA.NS,
ONIXSOLAR.BO,
GMRAIRPORT.NS,
NISUS.BO,
ODIGMA.NS,
SHIKHAR.BO,
COFFEEDAY.BO,
EMAMIREAL.BO,
INNOVANA.NS,
EMAMIREAL.NS,
SAILIFE.NS,
LAKSHMIEW.BO,
MOBIKWIK.NS,
JUNGLECAMP.BO,
TTC.BO,
VMM.NS,
HITECHWIND.BO,
IKS.NS,
GHVINFRA.BO,
ANUHPHR.NS,
YASHHV.BO,
IGIL.NS,
HAMPS.BO,
ACEEDU.BO,
CITYON.BO,
JAYTEX.BO,
HBLENGINE.NS,
MINOLTAF.BO,
KLIFESTYL.BO,
POLOHOT.BO,
JDL.BO,
VAXHS.BO,
VIKASWSP.BO,
NNTL.BO,
MANRAJH.BO,
VKGLOBAL.BO,
PFLINFOTC.BO,
AROMAENT.BO,
DECPO.BO,
BHEEMACEM.BO,
SILVERO.BO,
RCIIND.BO,
BEFOUNDMOL.BO,
NACDAC.BO,
SRICC.BO,
MHEL.BO,
SANATHAN.NS,
CEWATER.NS,
ATLASCYCLE.NS,
HILLTONE.BO,
DAMCAPITAL.NS,
TRANSRAILL.NS,
MAMATA.NS,
ASHOKLEY.NS,
KOBO.BO,
AGRIBIO.BO,
KAMATS.BO,
PODDARHOUS.NS,
UPLPP.BO,
VENTIVE.NS,
SENORES.NS,
CARRARO.NS,
KAARYAFSL.BO,
DJSSS.BO,
NUWAY.BO,
SGLRES.BO,
ADANIPOWER.NS,
UNIMECH.NS,
ASTEC.NS,
CITICHEM.BO,
VRWODAR.BO,
ASTRAMICRO.NS,
ASTRAZEN.NS,
INDOFARM.NS,
TECHNICHEM.BO,
KAMDHENU.BO,
JAGSNPHARM.BO,
FILTRON.BO,
DAVIN.BO,
PARMESHWAR.BO,
ATFL.NS,
ANIRIT.BO,
VANDU.BO,
GTTDATA.BO,
FABCLEAN.BO,
GOGIACAPGL.BO,
INDOBELL.BO,
NATPLY.BO,
SATTVASUKU.BO,
SGLTL.NS,
QUADFUTURE.NS,
KATIPATANG.BO,
AVAX.BO,
BRGIL.BO,
DDEVPLSTIK.NS,
ASEPP.BO,
ADVANIHOTR.NS,
ASIANTILES.NS,
ASIANPAINT.NS,
URAVIDEF.NS,
NAVKARURB.NS,
ASTRAL.NS,
SAWACA.BO,
SWANDEF.NS,
ALIVUS.NS,
INDAGIV.BO,
LAXMIDENTL.NS,
AGI.NS,
RIKHAV.BO,
LICL.BO,
STALLION.NS,
ONESOURCE.NS,
ATL.NS,
GOLDLEG.BO,
CNINFOTECH.BO,
MAZDA.BO,
ITCHOTELS.NS,
AGROPHOS.NS,
DENTA.NS,
RRECL.BO,
CLN.BO,
GBLOGISTIC.BO,
HMEML.BO,
AUBANK.NS,
SUPREME.NS,
TRUEGREEN.BO,
MALPANI.BO,
PROTEAN.NS,
MOSCHIP.NS,
AGARWALEYE.NS,
SHARP.BO,
NIBE.NS,
GAMCO.BO,
TICL.NS,
AIIL.NS,
AMWILL.BO,
JUBLCPL.NS,
NATCAPSUQ.NS,
SOLARIUM.BO,
MAHALXSE.BO,
AJAXENGG.NS,
ARTSON.BO,
TRIUMPIN.BO,
AJMERA.NS,
HEXT.NS,
BAJAJINDEF.NS,
VEGA.BO,
GUJWIND.BO,
LKMEHTA.BO,
COVANCE.BO,
SHANMUGA.BO,
GUJTHEM.NS,
QPOWER.NS,
AKSHARCHEM.NS,
SWASTH.BO,
BEEZAASAN.BO,
AVTNPL.NS,
NUKLEUS.BO,
PBFL.BO,
VIKRAMAR.BO,
AWL.NS,
BANGANGA.BO,
CALSOFTPP.BO,
SHREENATH.BO,
COLAB.BO,
CLENON.BO,
AXISCADES.NS,
NAPSGLOBAL.BO,
ALBERTDAVD.NS,
^NYFANG,
NIFTY_OIL_AND_GAS.NS,
^IXIC,
NIFTY_PVT_BANK.NS,
BSE-CG.BO,
EVINDIA.NS,
GLD,
NIFTY_CONSR_DURBL.NS,
^DJI,
NIFTY_HEALTHCARE.NS,
TELCOM.BO,
^HSI,
INDSTR.BO,
BSE-POWER.BO,
000001.SS,
NIFTY_INDIA_MFG.NS,
BTC-USD,
CNXCMDT,
MODEFENCE.NS,
SURINDL.BO,
MFSINTRCRP.BO,
AMJLAND.NS,
PSPL.BO,
PRABHA.NS,
GTTDATAPP.BO,
CRSL.BO,
SUPERIRON.BO,
JATTAINDUS.BO,
PERVASIVE.BO,
AWHCL.NS,
CPCAP.NS,
RDBIPL.BO,
CURAA.NS,
ISHANCH.NS,
BOSTONBIO.BO,
BHARATSE.NS,
ISEC.BO,
PPARIVAH.BO,
UPLPP1.NS,
BAJAJ-AUTO.NS,
CEMAINFRA.BO,
BAJAJELEC.NS,
SPECTRUM.NS,
BAJAJFINSV.NS,
SUNDROP.NS,
DESCO.BO,
BAJAJHLDNG.NS,
TRANSFD.BO,
NOVELIX.BO,
TACENT.BO,
AFSL.NS,
ANMOL.NS,
IDENTIXWEB.BO,
ALANSCOTT.BO,
JKAGRI.BO,
BAJEL.NS,
BALAJITELE.NS,
RFL.BO,
BALAMINES.NS,
RETAGGIO.BO,
INFONATIVE.BO,
SPINAROO.BO,
UVS.BO,
ETERNAL.NS,
BIRLANU.NS,
BALRAMCHIN.NS,
ADOR.NS,
BANCOINDIA.NS,
UMIYA-MRO.NS,
CIFL.NS,
TINNARUBR.NS,
DIDL.BO,
AFIL.BO,
PANIDPR.BO,
SERIND.BO,
RANEENGINE.BO,
APOLSINHOT.NS,
DHENUBUILD.BO,
RBL.BO,
BALKRISIND.NS,
BALAXI.NS,
EQUILATERA.BO,
SNLFPP.BO,
ZOMATO.NS,
MRO-TEK.NS,
RBL.NS,
PRABHA.BO,
ISEC.NS,
QPOWER.BO,
ADORWELD.NS,
IOLCP.BO,
SPECTRUM.BO,
TINNARUBR.BO,
HIL.NS,
GUJTHEM.BO,
CURAA.BO,
AMIORG.BO,
BHARATSE.BO,
OMKARCHEM.BO,
RANEENGINE.NS,
COASTCORP.BO,
PRIMO.NS,
RCOM.NS,
BODHTREE.BO,
KHAITANLTD.NS,
MTEDUCARE.NS,
NPST.NS,
ITDC.NS,
KMEW.NS,
KMSUGAR.NS,
KKCL.NS,
KICL.NS,
GCKL.BO,
SIGNGCL.BO,
ATHERENERG.NS,
ZR2.BO,
ACSTECH.BO,
AMITSEC.BO,
META.BO,
KENRIK.BO,
LADDU.BO,
KOLTEPATIL.NS,
NEXOME.BO,
ICONIKSPEV.BO,
CRYSTAL.BO,
COHANCE.NS,
EUROASIA.BO,
SUNRAKSHAK.BO,
SRIGEE.BO,
FUSIONPP.BO,
MANOJJEWEL.BO,
SCODATUBES.NS,
UNIFIED.BO,
KRBL.NS,
LAKESHORE.BO,
AEGISVOPAK.NS,
BORANA.NS,
ACUTAAS.NS,
ASTONEALAB.BO,
GARMENTPP.BO,
3BFILMS.BO,
BELRISE.NS,
PROSTARM.NS,
THELEELA.NS,
SOLARAPP1.BO,
SPARKLEGR.BO,
MAYUR.BO,
RAJOOENG.NS,
SEKURITIND.BO,
KRISHANA.NS,
EBIX.BO,
DIGITIDE.NS,
BLUSPRING.NS,
ABLBL.NS,
BAJFINANCE.BO,
OSWALPUMPS.NS,
WAAREEINDO.NS,
IWEL.BO,
ENRIN.NS,
KRISHIVAL.NS,
KPIGREEN.NS,
LLOYDSENPP.BO,
ATENPAPERS.BO,
LORDSMARK.BO,
DHANSAFAL.BO,
KPIL.NS,
KAVDEFENCE.NS,
AEROENTER.NS,
ARISINFRA.NS,
DHARAN.NS,
KREBSBIO.NS,
UMANGDAIRY.BO,
MANBRO.BO,
FYNX.BO,
TRUSTEDGE.BO,
OXFORDIN.BO,
KOHINOOR.NS,
KNRCON.NS,
RAYMONDREL.NS,
WAAREEINDO.BO,
KALPATARU.NS,
KIRLPNU.NS,
ELLEN.NS,
PICCADIL.NS,
GLOBECIVIL.NS,
KOKUYOCMLN.NS,
HDBFS.NS,
SAMBHV.NS,
IGCL.NS,
PARAS.BO,
KALPACOMME.BO,
COVIDH.BO,
MAHAVEER.BO,
ICON.BO,
SRGFFL.BO,
ACEALPHA.BO,
AJCJEWEL.BO,
NEETUYOSHI.BO,
VALINDIA.BO,
AVONMERC.BO,
ABRFL.BO,
ADCOUNTY.BO,
SEVL.BO,
SMTEL.BO,
ATVOENT.BO,
KOTHARIPRO.NS,
OCCL.BO,
GENSOL.BO,
KOTHARIPET.NS,
MARCLOIRE.BO,
CRIZAC.NS,
HARCR.BO,
VANDAN.BO,
BLUEGOD.BO,
APLABPP.BO,
CRYOGENIC.BO,
LGLL.BO,
METAINFO.BO,
VERTOZ.NS,
GENSOL.NS,
CHEMKART.BO,
FFPL.BO,
TRAVELFOOD.NS,
BILVYAPAR.NS,
JINDALSTEL.NS,
GLEN.BO,
SEPCPP.BO,
KIRLOSBROS.NS,
APL.BO,
KITEX.NS,
BINNYMILLS.BO,
BELLACASA.NS,
SMARTWORKS.NS,
INFIBPP.BO,
QUESTFLOW.BO,
ARFIN.NS,
ANTHEM.NS,
CHEMBONDCH.NS,
JIOFIN.NS,
MAXGROW.BO,
KOTAKBANK.NS,
MONIKA.BO,
KOTARISUG.NS,
ALGOQUANT.BO,
LEXUS.NS,
WINPRO.BO,
SWASTIKAAL.BO,
MSECL.BO,
EBGNG.NS,
JISLJALEQS.NS,
INDIQUBE.NS,
AXISOL.BO,
EUROBOND.NS,
BRIGHOTEL.NS,
AGVENTURES.BO,
SHANTIGOLD.NS,
MIZVEN.BO,
SHREEREF.BO,
PATELCHEM.BO,
TGBHOTELS.NS,
HDIL.NS,
LKPSEC.BO,
REPONO.BO,
SPTRSHI.BO,
KRITINUT.NS,
UML.BO,
REVAMEDIA.BO,
CPPLUS.NS,
LAXMIINDIA.NS,
JMA.NS,
BDI.BO,
LOTUSDEV.NS,
EXPOEAPL.BO,
MEHUL.BO,
TAKYON.BO,
MBEL.NS,
NSDL.BO,
KSB.NS,
PATANGPP.BO,
JSLL.NS,
KRYSTAL.NS,
SPICELOUNG.BO,
BLT.BO,
ESSEX.BO,
PBGLOBAL.BO,
JNKINDIA.NS,
RRPDEFENSE.BO,
HILINFRA.NS,
EXPOGAS.BO,
INDOTHAI.BO,
KELLTONTEC.BO,
INDIAGLYCO.BO,
MESON.BO,
JYOTHI.BO,
AQFINTECH.BO,
TEAMGTY.NS,
JSWCEMENT.NS,
ALLTIME.NS,
^NSMIDCP,
SSFLPP.BO,
STARIMAGIN.BO,
ICODEX.BO,
BLUESTONE.NS,
JPOLYINVST.NS,
CHPLIND.BO,
REGAAL.NS,
^INDIAVIX,
DEVIT.BO,
KRSNAA.NS,
AERONEU.NS,
KSCL.NS,
LGT.BO,
PATELRMART.NS,
GEMAROMA.NS,
SHREEJISPG.NS,
VIKRAMSOLR.NS,
MEIL.NS,
GVPIL.NS,
KSOLVES.NS,
LAGNAM.NS,
TTGIL.BO,
MOMENTUM50.NS,
LANCORHOL.NS,
MAPROIN.BO,
NEWTRAC.BO,
VIKRAN.NS,
CPEDU.NS,
OVAL.BO,
RNBDENIMS.NS,
STLNETWORK.NS,
JMJFINPP.BO,
GLOBTIER.BO,
HGM.NS,
NISMGMT.BO,
AHCL.NS,
SWANCORP.NS,
SUGSLLOYD.BO,
ABRIL.BO,
BRITANNIA.NS,
ASYL.BO,
ZPRBHSTE.BO,
ADLINE.BO,
ANGEL.BO,
MICROSE.BO,
MAGANTR.BO,
HEALINV.BO,
SINNAR.BO,
VIVAA.BO,
STRAEXPO.BO,
SHAHCON.BO,
SANINFRA.BO,
TRIPR.BO,
SILVERPRL.BO,
MANAS.BO,
PEOPLIN.BO,
SARTHAKIND.BO,
SUNGOLD.BO,
LONTE.BO,
NEWMKTADV.BO,
SWADHATURE.BO,
AXISBANK.NS,
REXSEAL.BO,
MAXIMUS.BO,
CTCL.BO,
SHIVKAMAL.BO,
ANANDPROJ.BO,
ANTARIKSH.BO,
SHRICON.BO,
ACFL.BO,
CHADPAP.BO,
ABHIJIT.BO,
GFSTEELS.BO,
SHRENTI.BO,
SWANDEF.BO,
RAIDEEPIND.BO,
CDG.BO,
KCL.BO,
ZGOLDINV.BO,
CAPRICORN.BO,
INNOCORP.BO,
PIOTEX.BO,
GSLSEC.BO,
DYNAMICP.BO,
ADVPETR-B.BO,
JYOTIN.BO,
BENARA.BO,
ANSINDUS.BO,
WINROC.BO,
PREMCAPM.BO,
TIRTPLS.BO,
SYNTHFO.BO,
SASHWAT.BO,
ZSANMCOM.BO,
JPASSOCIAT.BO,
BRRL.BO,
NAGTECH.BO,
OSWALEA.BO,
TECHCON.BO,
GANGOTRI.BO,
UNQTYMI.BO,
WORL.BO,
VALLEY.BO,
INTEGFD.BO,
MEAPL.BO,
NBL.BO,
JUMBFNL.BO,
KINETRU.BO,
REGIS.BO,
SUERYAAKNI.BO,
UNIWSEC.BO,
KUSUMEL.BO,
QUINTEGRA.BO,
KKSHL.BO,
LOOKS.BO,
FONE4.BO,
BACPHAR.BO,
PGCRL.BO,
TRANSPACT.BO,
HIPOLIN.BO,
BHATEXT.BO,
INDSWFTLTD.NS,
VASINFRA.BO,
CHASBRT.BO,
TFLL.BO,
RELIABVEN.BO,
ZSVTRADI.BO,
RACHIT.BO,
POLYTEX.BO,
SAGARSYST.BO,
SUNRINV.BO,
INDSOYA.BO,
JAYBHCR.BO,
ADJIA.BO,
SHAHFOOD.BO,
AMARNATH.BO,
WHITHAL.BO,
ZHINUDYP.BO,
STDSHOE.BO,
SEACOAST.BO,
STELLAR.BO,
POPEES.BO,
MODWOOL.BO,
JSHL.BO,
ZSARVAMA.BO,
GGPL.BO,
MPCOSEMB.BO,
KAJALSY.BO,
ZBINTXPP.BO,
STURDY.BO,
SATCH.BO,
VIJAYTX.BO,
MOUNT.BO,
LEADFIN.BO,
OSEASPR.BO,
PYXISFIN.BO,
GCMCAPI.BO,
KEDIACN.BO,
GANHOLD.BO,
ZKOVALIN.BO,
MUDRA.BO,
RAJVIR.BO,
NIRMITEE.BO,
GILADAFINS.BO,
TTLEL.BO,
TASHIND.BO,
HCLTD.BO,
DHARNI.BO,
PARSHWANA.BO,
RELICTEC.BO,
ALCHCORP.BO,
KARANWO.BO,
AMRAFIN.BO,
ABHIFIN.BO,
JMGCORP.BO,
FCONSUMER.BO,
ENCASH.BO,
MULTIIN.BO,
OSCARGLO.BO,
EDUCOMP.BO,
YUG.BO,
TRANOCE.BO,
NAVIGANT.BO,
CLIOINFO.BO,
SKIL.BO,
IDM.BO,
SETUINFRA.BO,
TFSL.BO,
AANANDALAK.BO,
ASHOKRE.BO,
CAPFIN.BO,
UNIJOLL.BO,
SURYAINDIA.BO,
AMS.BO,
SHAMROIN.BO,
KANDAGIRI.BO,
BAJGLOB.BO,
PREMCAP.BO,
BGLOBAL.BO,
SMCREDT.BO,
UNIVAFOODS.BO,
TLL.BO,
REETECH.BO,
SEVENHILL.BO,
MEFCOMCAP.BO,
CMICABLES.BO,
UNITEDTE.BO,
SURYVANSP.BO,
ZHINDHSG.BO,
SPVGLOBAL.BO,
VARUNME.BO,
AMANTA.NS,
VARDHANCFL.BO,
SHKALYN.BO,
KAVVERITEL.NS,
GOLCA.BO,
MEGFI.BO,
LADIAMO.BO,
RIDHISYN.BO,
RAFL.BO,
BLUECHIP.BO,
KSHITIJ.BO,
PROMAX.BO,
RAMAPETRO.BO,
NUTECGLOB.BO,
AMANAYA.BO,
ESQRMON.BO,
TRANWAY21.BO,
ADVMULT.BO,
ASCENSIVE.BO,
SGMART.NS,
BNAGROCHEM.BO,
AUSTERE.BO,
SHARVAYA.BO,
NAHARCAP.NS,
SUULD.NS,
NEELKANTH.BO,
SETUINFRA.NS,
WELTI.BO,
SIMPLXMIL.BO,
NDMETAL.BO,
MENAMANI.BO,
SKIL.NS,
VAGHANI.BO,
LLOYDPP.BO,
SW1.BO,
YAARI.NS,
MEHSECU.BO,
INRADIA.BO,
TMTIND-B1.BO,
HRMNYCP.BO,
SANTOSHF.BO,
CYBERPP.BO,
KRIFILIND.BO,
QUINTEGRA.NS,
MUFTI.NS,
FCONSUMER.NS,
MAHANIN.BO,
KARTKIN.BO,
INFOMEDIA.NS,
DECANBRG.BO,
BJDUP.BO,
NIKKIGL.BO,
EDUCOMP.NS,
CMICABLES.NS,
EASTSILK.NS,
LAKPRE.NS,
JPASSOCIAT.NS,
MADHURIND.BO,
GANESHHOU.NS,
PIONAGR.BO,
MATHEWE.BO,
IYKOTHITE.BO,
BGLOBAL.NS,
VASHISHTHA.BO,
UNIVAFOODS.NS,
GFSTEELS.NS,
LAKPRE.BO,
GAYAPROJ.BO,
INFOMEDIA.BO,
YAARI.BO,
KRUPALU.BO,
NCML.BO,
KARBON.BO,
CMXLTD.BO,
TIGERLOGS.NS,
SHRINGARMS.NS,
MWL.NS,
MAZDA.NS,
DEVX.NS,
URBANCO.NS,
SCBL.BO,
CEMPRO.NS,
CITYSQUARE.BO,
AIRFLOA.BO,
LTELEVATOR.BO,
SBIGETS.BO,
MASTEK.NS,
EPIGRAL.NS,
^CNXCMDT,
YASHO.NS,
TATATECH.NS,
MARUTI.NS,
^CNXFMCG,
^CNXCONSUM,
ESILVER.NS,
LTFOODS.NS,
DSPPSBKETF.NS,
PUNJABCHEM.NS,
ZAGGLE.NS,
PAUSHAKLTD.BO,
PRAVEG.BO,
HNDFDS.NS,
DSPGOLDETF.NS,
WITS.BO,
^CNXREALTY,
GRAUWEIL.BO,
^CNXPSUBANK,
ARTEMISMED.NS,
PVRINOX.NS,
BCONCEPTS.BO,
^CNXIT,
REFEXRENEW.BO,
ASKAUTOLTD.NS,
^CNXPHARMA,
^CNXMETAL,
MID150BEES.NS,
LLOYDSENGG.NS,
ADANIENSOL.NS,
ITBEES.NS,
NIYOGIN.BO,
SERVOTECH.NS,
SWISSMLTRY.BO,
VIKASECO.NS,
CEINSYSTECH.BO,
FLUIDOM.BO,
SISL.BO,
SEALMATIC.BO,
PERMAGN.BO,
^CNXINFRA,
TALBROSENG.BO,
^CNXAUTO,
^CNXENERGY,
TAALENT.BO,
BALKRISHNA.NS,
SOUTHBANK.NS,
NSL.BO,
EASEMYTRIP.NS,
JSWINFRA.NS,
TANFACIND.BO,
^CRSLDX,
TANAA.BO,
EUROPRATIK.NS,
SHRADHA-RE.NS,
PEL.BO,
VMSTMT.NS,
RHETAN.NS,
IVALUE.NS,
GKENERGY.NS,
RMDRIP.BO,
NAZARA.BO,
SAATVIKGL.NS,
JDCABLES.BO,
WARWIZ-RE.BO,
MEHAI-RE.BO,
GRANDOAK.BO,
SAMPAT.BO,
MARSHALL.NS,
SANCO.NS,
GANESHCP.NS,
ATLANTAELE.NS,
BLUECHIP.NS,
GAYAPROJ.NS,
SUPREMEENG.NS,
JARO.NS,
ARSSBL.NS,
SOLARWORLD.NS,
FINKURVE.NS,
STYL.NS,
EPACKPEB.NS,
BMWVENTLTD.NS,
JAINREC.NS,
HINDMOTORS.BO,
SUMEETINDS.BO,
DHARAN.BO,
SYSTMTXC.NS,
TRUALT.NS,
JKIPL.NS,
PACEDIGITK.NS,
NDTV-RE.BO,
SIGMA.BO,
CHTR.BO,
PRARUH.BO,
RAJINFRA.BO,
AMEENJI.BO,
GARWSYN.BO,
FUTURSEC.BO,
3IINFO-RE.NS,
RDGAIL.BO,
PMTELELIN.BO,
ECOPP.BO,
FABTECH.NS,
MPKSTEELS.BO,
SYSTEMATIC.BO,
TELGE.BO,
SPACEINCUBA.BO,
GOLECHA.BO,
BHAVIK.BO,
GPAPL.BO,
PRSNTIN.BO,
BHARATROHAN.BO,
JUSTO.BO,
INTEGSW.BO,
SUNSHI-RE.BO,
KVSCASTING.BO,
CARNATIN.BO,
SOLVEX.BO,
SOLEX.NS,
AFEL.BO,
APPL.BO,
TRUECOLORS.BO,
EARKART.BO,
GLOTTIS.NS,
ADVANCE.NS,
OMFREIGHT.NS,
WEWORK.NS,
WORTHPERI.NS,
AGIIL.BO,
INFINITY.BO,
ZELIO.BO,
CHIRAHARIT.BO,
SUNSKY.BO,
HEALTH-RE.BO,
SODHACAP.BO,
VALPLAST.BO,
MAHIP.BO,
TRADWIN.BO,
STEELCO.BO,
OML.BO,
NSBBPO.BO,
DSM.BO,
TRUCAP-RE.BO,
DHILLON.BO,
TATACAP.NS,
MONEYBOXX.NS,
GOKULAGRO.BO,
UFBL.NS,
MARKOLINES.NS,
VGL.NS,
LGEINDIA.NS,
TATAINVEST.BO,
CRAMC.NS,
DIGJAMLMTD.BO,
RUBICON.NS,
TSFINV.NS,
ABINFRA.BO,
ROLEXRINGS.BO,
AURIGROW.NS,
CAPTRU-RE1.NS,
CANHLIFE.NS,
ASHNI-RE.BO,
INDIAHOMES.BO,
SIHORA.BO,
MITTALSTL.BO,
UPROTECH.BO,
SKM.BO,
SHLOKKA.BO,
DIGJAMLMTD.NS,
3IINFO-RE.BO,
UTKAR-RE.NS,
MAGNUS-RE.BO,
GHUSHINE.BO,
SURAJ-RE.BO,
VALENCIA.BO,
TMPV.NS,
DELPH-RE.NS,
MIDWESTLTD.NS,
GOENKA.BO,
FSC.BO,
IEL.BO,
DHANI.BO,
GLFL.BO,
MANGCHEFER.BO,
FCL.BO,
BEML.BO,
ORKLAINDIA.NS,
PIRAMALFIN.NS,
EUROTEXIND.BO,
SAFECURE.BO,
TEAM24.BO,
TIAANC.BO,
STARSOURCE.BO,
TRADEUNO.BO,
RNITAI.BO,
TIMES-RE.BO,
MANGIN-RE.BO,
ZAPPFRESH.BO,
STUDDS.NS,
STARHF-RE.BO,
GOENKA.NS,
SMLMAH.NS,
LENSKART.NS,
GLFL.NS,
IBULLSLTD.NS,
TMCV.NS,
ADVENTHTL.NS,
GROWW.NS,
ACLGATI.BO,
SHIVAUM.NS,
MODIS.NS,
PINELABS.NS,
WEBELSOLAR.BO,
RAJKSYN.BO,
DARSHA-RE.BO,
SURAJINDPP.BO,
REGAL.BO,
CRESANTO.BO,
TITANI-RE.BO,
SHTL.BO,
MOBAVENUE.BO,
EMMVEE.NS,
PWL.NS,
TENNIND.NS,
UTLSOLAR.NS,
BETA.NS,
CAPILLARY.NS,
SHILCTECH.NS,
ATL-RE.NS,
ADANI-RE.NS,
BAIDFIN-RE.NS,
EXCELSOFT.NS,
HALEOSLABS.NS,
KSR.NS,
SESHACHAL.BO,
GALLARD.BO,
JAGSONSER.BO,
TUNTEX-RE.BO,
MAHALIFE.BO,
TUSALDAH.BO,
RANJITSE.BO,
WORKMATES.BO,
IKOMA.BO,
INDO-RE2.NS,
SUDEEPPHRM.NS,
PAUSHAKLTD.NS,
BAIDFIN-RE.BO,
JAYKAY.NS,
ATL-RE.BO,
SKFINDUS.NS,
CAMS.BO,
ADANI-RE.BO,
VIDYAWIRES.NS,
CNL.NS,
MODINATUR.NS,
MEESHO.NS,
AEQUS.NS,
HCC-RE1.NS,
PATELEG-RE.NS,
BECTORFOOD.BO,
BHARATRAS.BO,
CORONA.NS,
WAKEFIT.NS,
ORTEL.BO,
PATELEG-RE.BO,
NEPHROPLUS.NS,
PARKHOSPS.NS,
ROLTA.BO,
VIVIMEDLAB.NS,
MORARJEE.BO,
RUDRA.NS,
HCC-RE1.BO,
NACL-RE.NS,
ICICIAMC.NS,
PRODOCS.BO,
KVTOYS.BO,
RDEL.BO,
SHIPWAVES.BO,
ADANIENPP.BO,
EENTER.BO,
MSCIADD.BO,
PAJSON.BO,
TIRUPATIIN.BO,
AANCHALISP.BO,
CWD.BO,
STANBIK.BO,
ATLPP.BO,
UNISEM.BO,
SIDH.BO,
DECNGO-RE.BO,
HRS.BO,
MORARJEE.NS,
KMEW.BO,
ORTEL.NS,
RELINFRA.BO,
KSHINTL.NS,
NEUEON.NS,
KRISHFL-RE.NS,
BOSCH-HCIL.NS,
NUVAMA.BO,
GLOBALLOG.BO,
TILAK-RE2.BO,
ANNVRPP.BO,
NEPLOG.BO,
ANIRIT-RE.BO,
ACESEPP.BO,
SIMANDHAR.BO,
SAMTELIN.BO,
GKSL.NS,
VINEET-RE.NS,
KRISHFL-RE.BO,
ALPSINDUS.BO,
MCX.BO,
NEUEON.BO,
HILTON-RE1.NS,
HERCULES.BO,
ALGOQUANT.NS,
BUILDPRO.NS,
TRICOMFRU.BO,
YUG-RE1.BO,
BAIKAKAJI.BO,
DACHEPALLI.BO,
AVASA-RE.BO,
ATIL.BO,
NANTA.BO,
ADMACH.BO,
PULSRIN-RE.BO,
MDRC.BO,
TAALTECH.BO,
VINRKLB.BO,
SKMEGGPROD.BO,
SILGO-RE1.NS,
AJMERA.BO,
KOTAKBANK.BO,
BESTAGRO.BO,
HALDER.NS,
CASPIAN.BO,
PAOS.BO,
KRISHPP.BO,
ECS.BO,
GTIL.BO,
INDERGR.BO,
ANIRITPP.BO,
SML.BO,
YAJUR.BO,
SENINFO.BO,
GOPAIST.BO,
DITCO.BO,
REGANTO.BO,
BHARATCOAL.NS,
ADVAIT.NS,
SETL.NS,
SUDARCOLOR.NS,
AMAGI.NS,
VIYASH.NS,
GRERENEW.BO,
VSL-RE.BO,
INDOSMC.BO,
SUPHA.BO,
NARMADESH.BO,
DEFRAIL.BO,
ARITAS.BO,
SHADOWFAX.NS,
CLCIND.NS,
CCDL.BO,
ALKA.BO,
DIGILOGIC.BO,
NMSGLOBAL.BO,
SHAYONAENG.BO,
SKYBIOTECH.BO,
EMROCK.BO,
CCAVENUE.NS,
MOSMALL250.BO,
ARSIFHDG.BO,
SMALLADD.BO,
DLCL-RE.BO,
GALAGEX-RE.BO,
ARSIFHRMD.BO,
MOMENTUM50.BO,
MONIFTY500.BO,
MODEFENCE.BO,
ARSIFHRG.BO,
TOP20.BO,
TSIFDIR.BO,
DIVIDEND.BO,
TSIFRG.BO,
EFORU.BO,
TSIFDG.BO,
MOREALTY.BO,
TRAVELS-RE.BO,
NEXT50ADD.BO,
ANL.BO,
KANISHK.BO,
MSAFE.BO,
HANNAH.BO,
TSIFRIP.BO,
MIDCAPADD.BO,
ARSIFHRHD.BO,
MOCAPITAL.BO,
TSIFRIR.BO,
KASTURI.BO,
ARIS.NS,
SIGMAADV.NS,
CLCIND.BO,
ADANIENPP1.NS,
HDIL.BO,
AQYLON.NS,
KWIL.NS,
DELPHIFX.BO,
ISIFHLSDG.BO,
KANELIND.BO,
PANHR.BO,
CAPRI-RE.BO,
PVVIN-RE.BO,
GALACT-RE.BO,
SAENTER.BO,
ISIFHLSG.BO,
INLANPR.BO,
MANTRA.BO,
OSWAYRN.BO,
CITURGIA.BO,
ALPHA.BO,
RAJTUBE.BO,
DCMSIL.NS,
FRACTAL.NS,
DSFCL.NS,
AYE.NS,
SRPL.NS,
CEINSYS.NS,
BONLON.NS,
STALL-RE.NS,
CRESCENTIS.BO,
BOSTON.BO,
ONECAP-RE.NS,
SURFI-RE.BO,
GLAAMUP.BO,
ZARCOLEA.BO,
NIRBHAYIND.BO,
NOBPOL.BO,
