Company name,Migration Date,CMP (Rs)
Knowledge Marine & Engineering Works Limited,"Nov 14, 2024",2379.4
A B Infrabuild Limited,"Nov 08, 2024",
Knowledge Marine & Engineering Works Limited,"Nov 14, 2024",2267.8
A B Infrabuild Limited,"Nov 08, 2024",
Affordable Robotic & Automation Limited,"Oct 23, 2024",638.7
Taylormade Renewables Limited,"Oct 03, 2024",347.9
Alacrity Securities Ltd,"Oct 03, 2024",161.75
Indo US Bio-Tech Limited,"Sep 27, 2024",339.0
Reliable Data Services Limited,"Jul 10, 2024",82.16
Money Masters Leasing & Finance Ltd,"May 06, 2024",8.09
Rhetan TMT Limited,"May 06, 2024",22.0
Tara Chand Logistic Solutions Ltd,"Apr 16, 2024",77.75
V R Films & Studios Limited,"Jan 25, 2024",30.49
Samor Reality Limited,"Jan 05, 2024",88.0
VMV Holidays Ltd,"Nov 21, 2023",3.89
Laxmi Goldorna House Ltd,"Nov 10, 2023",357.95
SecMark Consultancy Limited,"Oct 16, 2023",124.28
Thejo Engineering Ltd,"Oct 10, 2023",2205.45
Relicab Cable Manufacturing Ltd,"Aug 24, 2023",94.65
Advait Infratech Limited,"Jul 17, 2023",1778.95
Aartech Solonics Limited,"Jul 10, 2023",81.05
Uravi T and Wedge Lamps Ltd,"Jul 05, 2023",
Gensol Engineering Limited,"Jul 03, 2023",786.85
Ashoka Metcast Limited,"Jun 27, 2023",24.77
M K Proteins Limited,"Jun 13, 2023",
Captain Pipes Ltd,"Jun 12, 2023",16.77
Sprayking Agro Equipment Ltd,"Jun 12, 2023",12.06
Sigma Solve Limited,"Jun 09, 2023",369.9
Pavna Industries Limited,"Jun 01, 2023",
Latteys Industries Limited,"May 23, 2023",
Deccan Health Care Limited,"May 18, 2023",29.59
Power & Instrumentation (Gujarat) Limited,"May 17, 2023",
AVG Logistics Limited,"May 12, 2023",411.35
Atal Realtech Ltd,"May 12, 2023",
Atam Valves Ltd,"May 10, 2023",145.91
Anisha Impex Ltd,"May 09, 2023",373.25
U. H. Zaveri Limited,"May 04, 2023",17.33
Shree Vasu Logistics Limited,"Apr 21, 2023",
Naysaa Securities Ltd,"Apr 11, 2023",738.15
Anuroop Packaging Ltd,"Apr 11, 2023",33.14
Lorenzini Apparels Limited,"Apr 10, 2023",26.1
AKI India Limited,"Apr 06, 2023",15.84
Lexus Granito (India) Ltd,"Mar 13, 2023",45.93
ShreeOswal Seeds & Chemicals Limited,"Feb 28, 2023",
Nintec Systems Ltd,"Feb 21, 2023",601.45
Bodhi Tree Multimedia Ltd,"Feb 15, 2023",12.02
Suratwwala Business Group Ltd,"Feb 10, 2023",123.15
MRC Exim Limited,"Jan 18, 2023",16.4
Manomay Tex India Ltd,"Jan 18, 2023",202.17
Nupur Recyclers Limited,"Jan 12, 2023",
Gian Life Care Limited,"Jan 10, 2023",20.2
Sky Gold Limited,"Jan 06, 2023",4227.5
Sarveshwar Foods Ltd,"Dec 08, 2022",10.98
RO Jewels Ltd,"Dec 08, 2022",3.39
DJ Mediaprint & Logistics Ltd,"Dec 05, 2022",185.92
Osia Hyper Retail Limited,"Dec 01, 2022",
AAA Technologies Limited,"Nov 28, 2022",115.54
GCM Securities Ltd,"Nov 28, 2022",1.11
Vinny Overseas Limited,"Nov 28, 2022",
B&B Triplewall Containers Limited,"Nov 23, 2022",218.47
Sheetal Cool Products Ltd,"Nov 22, 2022",352.9
IFL Enterprises Ltd,"Nov 22, 2022",1.09
HindPrakash Industries Ltd,"Nov 07, 2022",178.43
Advitiya Trade India Limited,"Nov 04, 2022",11.22
Ace Integrated Solutions Ltd,"Nov 04, 2022",33.16
Bohra Industries Limited,"Oct 27, 2022",
Narmada Agrobase Limited,"Oct 27, 2022",16.62
DC Infotech and Communication Ltd,"Oct 19, 2022",337.25
SecUR Credentials Ltd,"Oct 17, 2022",
Bonlon Industries Ltd,"Sep 23, 2022",34.86
Ksolves India Ltd,"Sep 23, 2022",977.75
Fourth Dimension Solutions Ltd,"Sep 22, 2022",
Universal Autofoundry Limited,"Sep 09, 2022",131.8
Vidli Restaurants Ltd,"Aug 23, 2022",67.99
Kshitij Polyline Limited,"Jul 27, 2022",4.77
Kenvi Jewels Limited,"Jul 25, 2022",4.91
Active Clothing Co Ltd,"Jul 15, 2022",106.7
A-1 Acid Limited,"Jul 07, 2022",385.85
EKI Energy Services Limited,"Jul 04, 2022",359.65
Dolfin Rubbers Limited,"Jul 01, 2022",226.7
Axita Cotton Limited,"Jun 21, 2022",12.11
Surevin BPO Services Ltd,"Jun 15, 2022",88.46
Kwality Pharmaceuticals Ltd,"Jun 13, 2022",897.75
Medico Remedies Ltd,"May 26, 2022",49.93
Rajnish Wellness Limited,"May 25, 2022",1.78
Akshar Spintex Limited,"May 23, 2022",0.72
Veeram Infra Engineering Limited Limited (VIEL),"May 20, 2022",6.64
Silver Touch Technologies Ltd,"May 12, 2022",675.3
Chemcrux Enterprises Ltd,"May 05, 2022",188.75
Parshva Enterprises Limited,"May 04, 2022",167.0
Kritika Wires Limited,"May 04, 2022",
Yogya Enterprises Ltd,"Apr 26, 2022",11.13
Vaxtex Cotfab Limited,"Apr 19, 2022",
Ritco Logistics Limited,"Apr 12, 2022",412.4
E2E Networks Limited,"Apr 12, 2022",
Garv Industries Limited,"Apr 12, 2022",32.0
Avon Moldplast Limited,"Apr 07, 2022",
Sonam Clock Limited,"Apr 07, 2022",
Orissa Bengal Carrier Limited,"Apr 07, 2022",59.6
Galactico Corporate Services Ltd,"Apr 07, 2022",3.73
Debock Sales and Marketing Ltd,"Mar 31, 2022",
MITCON Consultancy & Engineering Services Ltd,"Mar 17, 2022",112.49
1 of 4 Next Last,,
