Company,Industry,NSE250,Rank,Score
Jai Balaji Ind.,Metals,,1,5.67
Cochin Shipyard,Defense,,2,5.296
Puravankara,Real Est,Y,3,3.837
Techno Electric & Eng.,Eng&Const,Y,4,3.562
Samvardhana Motherson Int.,Auto,,5,3.534
Hitachi Energy India,Electrical Equip,,6,3.495
Trent,Retail,,7,3.492
Kirloskar Oil Engines,Spl Ind Mach,Y,8,3.437
Hsg. & Urban Develp.,NBFC,,9,3.346
TVS Hldg.s,Auto,Y,10,3.213
Garden Reach Shipbuilders & Engrs.,Defense,,11,3.131
Oracle Fin. Srvs. Software,IT,,12,3.057
Jupiter Wagons,Railroads,,13,3.044
Dixon Tech.,Consumer Electro,,14,3.031
Exide Ind.,Auto,,15,3.031
Siemens,Spl Ind Mach,,16,3.029
Schneider Electric Infra.,Electrical Equip,,17,2.951
Hindustan Aeronautics,Defense,,18,2.922
Hindustan Zinc,Metals,,19,2.866
Oil India,Oil&Gas,,20,2.864
Titagarh Rail Sys.,Railroads,,21,2.806
Rail Vikas Nigam,Eng&Const,,22,2.751
Mahindra & Mahindra,Auto,,23,2.744
KPI Green Energy,Utilities-Power,Y,24,2.725
Indian Railway Finance,NBFC,,25,2.708
Bosch,Auto,,26,2.674
IFCI,NBFC,Y,27,2.673
VA Tech Wabag,Eng&Const,Y,28,2.62
Mazagon Dock Shipbuilders,Defense,,29,2.618
Bharat Dynamics,Defense,,30,2.611
ITD Cementation India,Eng&Const,Y,31,2.596
Heritage Foods,FMCG,Y,32,2.577
Blue Star,Building Material,,33,2.513
Kalyan Jewellers India,Luxury&jewel Goods,,34,2.506
H.G. Infra Eng.,Eng&Const,Y,35,2.497
Sobha,Real Est,,36,2.49
Bajaj Auto,Auto,,37,2.468
NBCC,Eng&Const,,38,2.464
Ganesh Hsg.,Real Est,Y,39,2.46
Bharat Electronics,Defense,,40,2.453
Century Textiles & Ind.,Paper,,41,2.45
Zydus Lifesciences,Pharma,,42,2.439
Indus Towers,Telecom,,43,2.411
Bharti Airtel,Telecom,,44,2.395
Gulf Oil Lubricants India,Spl Chemicals,Y,45,2.359
Vedanta,Metals,,46,2.34
BASF India,Spl Chemicals,Y,47,2.325
Uno Minda,Auto,,48,2.322
Prestige Est. Projects,Real Est,,49,2.308
Paras Defence & Space Tech.,Defense,Y,50,2.301
ABB India,Spl Ind Mach,,51,2.236
Zomato,Retail,,52,2.219
APAR Ind.,Electrical Equip,,53,2.193
Thomas Cook,Airline&Serv,Y,54,2.188
Time Technoplast,Packaging,Y,55,2.172
Bharat Heavy Elect.,Spl Ind Mach,,56,2.169
Godawari Power & Ispat,Metals,,57,2.145
Voltas,Spl Ind Mach,,58,2.136
Hero MotoCorp,Auto,,59,2.135
Godfrey Phillips India,Tobacco,,60,2.132
Wockhardt,Pharma,Y,61,2.119
Suzlon Energy,Spl Ind Mach,,62,2.116
JSW Energy,Utilities-Power,,63,2.102
360 One Wam,Capital Markets,,64,2.076
PB Fintech,Insurance,,65,2.066
Sudarshan Chemical Ind.,Spl Chemicals,Y,66,2.054
BSE,Capital Markets,,67,2.041
Nava,Conglomerates,Y,68,2.025
Escorts Kubota,Farm&Heavy Constr Mach,,69,2.018
Edelweiss Fin. Srvs.,Capital Markets,Y,70,2.005
Godrej Properties,Real Est,,71,2.003
NCC,Eng&Const,,72,2.001
Strides Pharma Science,Pharma,Y,73,2.001
Kesoram Ind.,Cement,Y,74,1.998
Honeywell Automation India,Electrical Equip,,75,1.998
Torrent Power,Utilities-Power,,76,1.992
Nippon Life India Asset Mgmt.,Capital Markets,,77,1.988
GlaxoSmithKline Pharma,Pharma,,78,1.972
Astra Microwave Prod.,Telecom,Y,79,1.967
LIC Hsg. Fin.,NBFC,,80,1.949
MOIL,Metals,Y,81,1.924
Jindal Stainless,Metals,,82,1.915
Raymond,Textile Mfg,,83,1.91
V-Guard Ind.,Electrical Equip,,84,1.898
Anant Raj,Real Est,Y,85,1.895
Action Constr. Equip.,Farm&Heavy Constr Mach,,86,1.893
J. Kumar Infraprojects,Eng&Const,Y,87,1.883
Macrotech Develp.,Real Est,,88,1.882
Texmaco Rail & Eng.,Spl Ind Mach,Y,89,1.882
Arvind,Textile Mfg,Y,90,1.88
Adani Total Gas,Utilities—Reg  Gas,,91,1.878
Voltamp Transformers,Electrical Equip,Y,92,1.878
EIH,Hotel&Resort,,93,1.875
Tata Motors,Auto,,94,1.857
Tata Motors,Auto,,94,1.857
Solar Ind. India,Spl Chemicals,,96,1.842
Glenmark Pharma,Pharma,,97,1.829
Angel One,Capital Markets,,98,1.805
eMudhra,IT,Y,99,1.804
Ashoka Buildcon,Eng&Const,Y,100,1.8
Coromandel Int.,Agro chemical,,101,1.794
PG Electroplast,Electrical Equip,Y,102,1.793
InterGlobe Aviation,Airline&Serv,,103,1.793
GAIL,Utilities—Reg  Gas,,104,1.791
Himadri Speciality Chemical,Spl Chemicals,,105,1.784
Zen Tech.,Defense,Y,106,1.77
Lupin,Pharma,,107,1.764
RailTelCorp. ,Telecom,,108,1.763
Jindal Steel & Power,Metals,,109,1.754
National Aluminium,Metals,,110,1.752
TARC,Real Est,Y,111,1.749
Ashok Leyland,Farm&Heavy Constr Mach,,112,1.737
IIFL Securities,Capital Markets,Y,113,1.726
Ircon Int.,Eng&Const,,114,1.723
Bharat Forge,Auto,,115,1.716
Power GridCorp. ,Utilities-Power,,116,1.716
eClerx Srvs.,IT,,117,1.708
Tejas Networks,Telecom,,118,1.701
REC,NBFC,,119,1.696
Mangalore Refinery & petrochem.,Oil&Gas,,120,1.694
JCHAC.NS,Consumer Durables,Y,121,1.693
Electrosteel Castings,Metals,Y,122,1.692
NHPC,Utilities-Power,,123,1.684
CG Power & Ind. Solutions,Electrical Equip,,124,1.681
IFB Ind.,Consumer Durables,Y,125,1.674
BEML,Conglomerates,,126,1.673
NATCO Pharma,Pharma,,127,1.667
Sterling & Wilson Renew Energy,Solar,,128,1.658
Ethos,Luxury&jewel Goods,Y,129,1.648
South Indian Bank,Banks,Y,130,1.647
CESC,Utilities-Power,,131,1.646
Newgen Software Tech.,IT,Y,132,1.641
Inox Wind,Spl Ind Mach,,133,1.639
PNB Hsg. Fin.,NBFC,,134,1.633
Sarda Energy & Minerals,Metals,Y,135,1.627
Varun Beverages,FMCG,,136,1.62
Finolex Ind.,Building Material,,137,1.617
NMDC,Metals,,138,1.613
Sequent Scientific,Pharma,Y,139,1.606
Coal India,Utilities-Power,,140,1.605
Kaveri Seed,Agro chemical,Y,141,1.6
Adani Entp.,Utilities-Power,,142,1.599
Punjab National Bank,Banks,,143,1.598
Graphite India,Electrical Equip,,144,1.591
Grasim Ind.,Cement,,145,1.58
NMDC Steel,Metals,,146,1.578
DCX Sys.,Defense,Y,147,1.577
V-Mart Retail,Retail,Y,148,1.576
Emami,FMCG,,149,1.573
Petronet LNG,Oil&Gas,,150,1.568
Shilpa Medicare,Pharma,Y,151,1.568
Rainbow Children's Medicare,Hospital,,152,1.554
Gateway Distriparks,Logistics,Y,153,1.542
Tata Invest.,Capital Markets,,154,1.538
Man Infraconstruction,Eng&Const,Y,155,1.536
Pricol,Auto,Y,156,1.531
Canara Bank,Banks,,157,1.523
Jammu & Kashmir Bank,Banks,,158,1.523
Sundaram Finance,NBFC,,159,1.522
Sansera Eng.,Metal Fab,Y,160,1.521
PCBL,Spl Chemicals,,161,1.518
Hindustan Copper,Metals,,162,1.518
KEI Ind.,Electrical Equip,,163,1.512
Surya Roshni,Metals,Y,164,1.512
Bikaji Foods Int.,FMCG,,165,1.51
JK Paper,Paper,,166,1.509
SJVN,Utilities-Power,,167,1.503
Power Finance,NBFC,,168,1.503
Yes Bank,Banks,,169,1.5
NTPC,Utilities-Power,,170,1.491
Adani Power,Utilities-Power,,171,1.49
Central Depository Srvs.,Capital Markets,,172,1.49
Chambal Fert. & Chem.,Agro chemical,,173,1.487
Welspun Entp.,Eng&Const,Y,174,1.487
Global Health,Hospital,,175,1.487
Torrent Pharma,Pharma,,176,1.483
Cholamandalam Fin. Hldg.s,NBFC,,177,1.482
Bank of Maharashtra,Banks,,178,1.474
Elecon Eng.,Spl Ind Mach,,179,1.471
Sun Pharma. Ind.,Pharma,,180,1.464
CarTrade Tech,Auto,Y,181,1.455
Amber Entp. India,Consumer Durables,,182,1.454
HBL Power Sys.,Electrical Equip,,183,1.452
Neuland Lab.,Pharma,Y,184,1.452
Havells India,Electrical Equip,,185,1.45
Tega Ind.,Spl Ind Mach,Y,186,1.449
KSB,Spl Ind Mach,,187,1.449
Latent View Analytics,Consulting Serv,,188,1.448
Tata Steel,Metals,,189,1.439
Ingersoll-Rand,Spl Ind Mach,Y,190,1.431
Tata Power,Utilities-Power,,191,1.431
K.P.R. Mill,Textile Mfg,,192,1.431
Saregama India,Entertainment,,193,1.429
TVS Motor,Auto,,194,1.429
New India Assurance,Insurance,,195,1.427
IRB Infra. Develp.,Eng&Const,,196,1.426
Jyothy Labs,FMCG,,197,1.425
Crompton Greaves Consumer Elect.,Consumer Durables,,198,1.423
E.I.D.- Parry,Agro chemical,,199,1.422
Gufic Biosciences,Pharma,Y,200,1.419
Marksans Pharma,Pharma,Y,201,1.417
KFin Tech.,IT,,202,1.417
Gabriel India,Auto,Y,203,1.416
National Fert.,Agro chemical,Y,204,1.415
Valor Estate,Real Est,Y,205,1.415
Kaynes Tech. India,Spl Ind Mach,,206,1.412
Finolex Cables,Electrical Equip,,207,1.41
SKF India,Tools&Accessories,,208,1.409
Dhani Srvs.,NBFC,Y,209,1.408
Gujarat State Fert. & Chem.,Agro chemical,,210,1.403
Equinox India Develp.s,Real Est,Y,211,1.401
Paisalo Digital,NBFC,Y,212,1.387
Gujarat Gas,Utilities—Reg  Gas,,213,1.384
KEC Int.,Eng&Const,,214,1.38
Alembic Pharma,Pharma,,215,1.379
ShippingCorp. ,Port&Shipping,Y,216,1.378
Birla,Cement,,217,1.377
Aarti Ind.,Spl Chemicals,,218,1.377
MSTC,Conglomerates,Y,219,1.375
Engrs. India,Eng&Const,,220,1.373
Gland Pharma,Pharma,,221,1.372
Responsive Ind.,Spl Chemicals,Y,222,1.371
Aster DM Healthcare,Hospital,,223,1.37
Info Edge,IT,,224,1.366
Bank ,Banks,,225,1.366
Star Cement,Cement,Y,226,1.365
Tilaknagar Ind.,Alcohol,Y,227,1.365
Larsen & Toubro,Eng&Const,,228,1.36
G R Infraprojects,Eng&Const,Y,229,1.36
HEG,Electrical Equip,,230,1.358
HDFC Asset Mgmt.,Capital Markets,,231,1.358
Linde India,Spl Chemicals,,232,1.357
Redington,IT,,233,1.356
Nesco,Conglomerates,Y,234,1.352
Ipca Lab.,Pharma,,235,1.351
Greenply Ind.,Building Material,Y,236,1.349
Mahindra Lifespace Develp.,Real Est,,237,1.348
Colgate-Palmolive,FMCG,,238,1.348
Adani Ports & Spl Eco Zone.,Port&Shipping,,239,1.344
Chennai Petroleum,Oil&Gas,,240,1.34
Hindustan Constr.,Eng&Const,Y,241,1.337
Divi's Lab.,Pharma,,242,1.321
State Bank ,Banks,,243,1.32
GMR Airports Infra.,Airline&Serv,,244,1.311
ICICI Securities,Capital Markets,,245,1.31
Indian Oil,Oil&Gas,,246,1.308
RateGain Travel Tech.,IT,Y,247,1.306
BLS Int. Srvs.,Spl Business Serv,,248,1.306
Oil & Natural Gas,Oil&Gas,,249,1.306
Radico Khaitan,Alcohol,,250,1.304
KPIT Tech.,IT,,251,1.304
Tata Consumer Prod.,FMCG,,252,1.3
Adani Green Energy,Utilities-Power,,253,1.299
Carborundum Universal,Conglomerates,,254,1.298
Bayer CropScience,Agro chemical,,255,1.296
Indian Overseas Bank,Banks,,256,1.293
Multi Commodity Exch. ,Capital Markets,,257,1.291
Biocon,Pharma,,258,1.287
Electronics Mart India,Retail,Y,259,1.284
Cholamandalam Invest. & Finance,NBFC,,260,1.283
Aditya Birla Capital,NBFC,,261,1.281
"Bombay Burmah Trading,",FMCG,,262,1.28
Gujarat Mineral Develp.,Utilities-Power,,263,1.277
CMS Info Sys.,Spl Business Serv,Y,264,1.275
Avenue Supermarts,Retail,,265,1.271
Muthoot Finance,NBFC,,266,1.269
Gokaldas Exports,Textile Mfg,Y,267,1.263
Power Mech Projects,Eng&Const,Y,268,1.256
Mishra Dhatu Nigam,Metals,Y,269,1.255
Oberoi Realty,Real Est,,270,1.248
Supreme Ind.,Building Material,,271,1.248
Granules India,Pharma,,272,1.247
Usha Martin,Metals,,273,1.244
Suprajit Eng.,Auto,Y,274,1.244
RattanIndia Entp.,Retail,,275,1.242
Computer Age Mgmt. Srvs.,IT,,276,1.24
Avanti Feeds,FMCG,,277,1.24
Alok Ind.,Textile Mfg,,278,1.238
Gujarat Pipavav Port,Port&Shipping,,279,1.237
Praj Ind.,Eng&Const,,280,1.234
Hindalco Ind.,Metals,,281,1.23
PTC India,Utilities-Power,Y,282,1.225
Aditya Birla Fashion & Retail,Textile Mfg,,283,1.225
Godrej Agrovet,Farm Products,Y,284,1.223
Welspun Corp,Metals,,285,1.222
Hemisphere Properties India,Real Est,Y,286,1.221
Balkrishna Ind.,Auto,,287,1.22
Jai Corp,Spl Chemicals,Y,288,1.218
Bharat Petroleum,Oil&Gas,,289,1.215
IRCTC,Railroads,,290,1.211
IDBI Bank,Banks,,291,1.21
Sumitomo Chemical India,Agro chemical,,292,1.209
Dilip Buildcon,Eng&Const,Y,293,1.205
Tips Ind.,Entertainment,Y,294,1.203
India Glycols,Chemicals,Y,295,1.203
Patel Eng.,Eng&Const,Y,296,1.19
Zensar Tech.,IT,,297,1.188
JTEKT India,Auto,Y,298,1.186
Banco Prod.,Auto,Y,299,1.182
Godrej Consumer Prod.,FMCG,,300,1.18
Bajaj Hindusthan Sugar,Sugar,Y,301,1.179
Birlasoft,IT,,302,1.173
Max Healthcare Inst.,Hospital,,303,1.171
Union Bank ,Banks,,304,1.17
ACC,Cement,,305,1.166
Chalet Hotels,Hotel&Resort,,306,1.163
Balmer Lawrie &,Conglomerates,Y,307,1.163
Piramal Pharma,Pharma,,308,1.162
Mahindra Logistics,Logistics,Y,309,1.156
Shyam Metalics & Energy,Metals,,310,1.153
Asahi India Glass,Auto,,311,1.15
Thirumalai Chem.,Spl Chemicals,Y,312,1.147
Axis Bank,Banks,,313,1.141
Aurobindo Pharma,Pharma,,314,1.14
Indian Bank,Banks,,315,1.139
Ramkrishna Forgings,Tools&Accessories,,316,1.139
Bhansali Eng. Polymers,Chemicals,Y,317,1.136
Aarti Pharmalabs,Pharma,Y,318,1.131
Fertilisers & Chem. Travancore,Agro chemical,,319,1.13
UltraTech Cement,Cement,,320,1.127
Indo Count Ind.,Textile Mfg,Y,321,1.122
JBM Auto,Auto,,322,1.121
Pidilite Ind.,Spl Chemicals,,323,1.12
Dodla Dairy,Retail,Y,324,1.12
Persistent Sys.,IT,,325,1.119
FDC,Pharma,,326,1.118
Bombay Dyeing & Mfg.,Textile Mfg,Y,327,1.118
Firstsource Solutions,IT,,328,1.115
Orient Cement,Cement,Y,329,1.115
Minda,Auto,,330,1.115
Castrol India,Oil&Gas,,331,1.114
Cigniti Tech.,IT,Y,332,1.113
Lemon Tree Hotels,Hotel&Resort,,333,1.113
Reliance Ind.,Oil&Gas,,334,1.112
NRB Bearings,Auto,Y,335,1.109
Vijaya Diagnostic Centre,Healthcare Diag&Resrch,,336,1.108
 Gen. InsuranceCorp. ,Insurance,,337,1.107
Caplin Point Lab.,Pharma,,338,1.104
TD Power Sys.,Spl Ind Mach,Y,339,1.102
Great Eastern Shipping,Port&Shipping,,340,1.102
ITI,Telecom,,341,1.097
Fortis Healthcare,Hospital,,342,1.094
Maruti Suzuki India,Auto,,343,1.094
Poly Medicure,Medical Devices&Sup,,344,1.093
J. B. Chem. & Pharma,Pharma,,345,1.092
Gillette India,FMCG,,346,1.091
Triveni Turbine,Spl Ind Mach,,347,1.09
ICICI Bank,Banks,,348,1.089
Apollo Tyres,Auto,,349,1.089
Swan Energy,Textile Mfg,,350,1.088
Hindustan Petroleum,Oil&Gas,,351,1.087
ContainerCorp. ,Railroads,,352,1.087
Data Patterns,Defense,,353,1.084
PNC Infratech,Eng&Const,,354,1.083
Fiem Ind.,Auto,Y,355,1.083
United Breweries,Alcohol,,356,1.079
Polycab India,Electrical Equip,,357,1.078
Eris Lifesciences,Pharma,,358,1.075
Suven Pharma,Pharma,,359,1.073
Astral,Building Material,,360,1.073
Jindal Saw,Metals,,361,1.072
L&T Finance,NBFC,,362,1.071
Karur Vysya Bank,Banks,,363,1.07
KNR Constr.s,Eng&Const,,364,1.067
Bank of Baroda,Banks,,365,1.067
Sun TV Network,Broadcasting,,366,1.066
C. E. Info Sys.,IT,,367,1.061
Motherson Sumi Wiring India,Auto,,368,1.06
RITES,Eng&Const,,369,1.056
Eicher Motors,Auto,,370,1.055
DLF,Real Est,,371,1.05
Olectra Greentech,Farm&Heavy Constr Mach,,372,1.049
Federal Bank,Banks,,373,1.049
UCO Bank,Banks,,374,1.048
Infibeam Avenues,IT,Y,375,1.046
MMTC,Conglomerates,,376,1.046
Grindwell Norton,Building Material,,377,1.038
Ambuja Cements,Cement,,378,1.037
Cipla,Pharma,,379,1.035
Elgi Equip.s,Spl Ind Mach,,380,1.034
Central Bank ,Banks,,381,1.032
Arvind Fashions,Textile Mfg,Y,382,1.031
Bajaj Consumer Care,FMCG,Y,383,1.029
JK Tyre & Ind.,Auto,Y,384,1.028
Manappuram Finance,NBFC,,385,1.027
Quess Corp,Staffing Serv,,386,1.023
JSW Hldg.s,Conglomerates,Y,387,1.021
Sanghvi Movers,Eng&Const,Y,388,1.019
NLC India,Utilities-Power,,389,1.019
HFCL,Telecom,,390,1.018
Steel Authority ,Metals,,391,1.015
Godrej Ind.,Conglomerates,,392,1.014
Intellect Design Arena,IT,,393,1.012
Supriya Lifescience,Pharma,Y,394,1.011
Rallis India,Agro chemical,Y,395,1.009
Varroc Eng.,Auto,,396,1.007
Just Dial,IT,,397,1.006
Rashtriya Chem. & Fert.,Agro chemical,,398,1.006
Mahindra Holidays & Resorts India,Hotel&Resort,,399,1.006
Vodafone Idea,Telecom,,400,1.005
Life InsuranceCorp. ,Insurance,,401,1.004
Indian Energy Exch.,Capital Markets,,402,1.001
Bajaj Finance,NBFC,,507,0.001
Laurus Labs,Pharma,,507,0.001
Laxmi Organic Ind.,Spl Chemicals,,507,0.001
Kajaria Ceramics,Building Material,,507,0.001
KRBL,FMCG,,507,0.001
CSB Bank,Banks,,507,0.001
Lux Ind.,Textile Mfg,Y,507,0.001
MAS Fin. Srvs.,NBFC,Y,507,0.001
Bajaj Finserv,NBFC,,507,0.001
MTAR Tech.,Spl Ind Mach,,507,0.001
MRF,Auto,,507,0.001
HDFC Bank,Banks,,507,0.001
Maharashtra Seamless,Metals,,507,0.001
Jubilant FoodWorks,Retail,,507,0.001
Mahindra & Mahindra Fin. Srvs.,NBFC,,507,0.001
Jindal Worldwide,Textile Mfg,Y,507,0.001
Balaji Amines,Spl Chemicals,,507,0.001
Nuvoco Vistas,Cement,,507,0.001
ITC,Tobacco,,507,0.001
GMM Pfaudler,Spl Ind Mach,,507,0.001
Gujarat State Petronet,Utilities—Reg  Gas,,507,0.001
Reliance Infra.,Utilities-Power,Y,507,0.001
Landmark Cars,Auto,Y,507,0.001
HCL Tech.,IT,,507,0.001
Kansai Nerolac Paints,Spl Chemicals,,507,0.001
JSW Steel,Metals,,507,0.001
La Opala RG,Consumer Durables,Y,507,0.001
Indiabulls Hsg. Fin.,NBFC,,507,0.001
IndusInd Bank,Banks,,507,0.001
India Cements,Cement,,507,0.001
Indraprastha Gas,Utilities—Reg  Gas,,507,0.001
Narayana Hrudayalaya,Hospital,,507,0.001
Indigo Paints,Spl Chemicals,,507,0.001
Bandhan Bank,Banks,,507,0.001
Navin Fluorine Int.,Chemicals,,507,0.001
Indiabulls Hsg. Fin.,NBFC,,507,0.001
Nestlé India,FMCG,,507,0.001
Network18 Media & Invest.,Broadcasting,,507,0.001
IndiaMART InterMESH,IT,,507,0.001
LTIMindtree,IT,,507,0.001
India Pesticides,Agro chemical,Y,507,0.001
Asian Paints,Spl Chemicals,,507,0.001
Marico,FMCG,,507,0.001
Jamna Auto Ind.,Auto,Y,507,0.001
Maithan Alloys,Metals,Y,507,0.001
Kolte-Patil Develp.,Real Est,Y,507,0.001
Kotak Mahindra Bank,Banks,,507,0.001
Krsnaa Diagnostics,Healthcare Diag&Resrch,Y,507,0.001
L&T Tech. Srvs.,IT,,507,0.001
Karnataka Bank,Banks,Y,507,0.001
Rain Ind.,Chemicals,Y,507,0.001
HeidelbergCement India,Cement,Y,507,0.001
Rajesh Exports,Luxury&jewel Goods,,507,0.001
Ramco Cements,Cement,,507,0.001
IIFL Finance,NBFC,,507,0.001
IDFC First Bank,Banks,,507,0.001
IDFC,Capital Markets,,507,0.001
PI Ind.,Agro chemical,,507,0.001
Barbeque-Nation Hosp.ity,Retail,Y,507,0.001
Page Ind.,Textile Mfg,,507,0.001
Home First Finance Co. India,NBFC,,507,0.001
Paradeep Phosphates,Agro chemical,Y,507,0.001
Patanjali Foods,FMCG,,507,0.001
Bata India,Footwear&Accessories,,507,0.001
Hindware Home Innovation,Consumer Durables,Y,507,0.001
Hindustan Unilever,FMCG,,507,0.001
Piramal Entp.,NBFC,,507,0.001
Hindustan Oil Exploration,Oil&Gas,Y,507,0.001
Polyplex,Spl Chemicals,Y,507,0.001
Poonawalla Fincorp,NBFC,,507,0.001
Berger Paints India,Spl Chemicals,,507,0.001
Hikal,Pharma,Y,507,0.001
NIFTY 50,Blank,,507,0.001
Happiest Minds Tech.,IT,,507,0.001
Archean Chemical Ind.,Chemicals,,507,0.001
HLE Glascoat,Spl Ind Mach,Y,507,0.001
Prince Pipes & Fittings,Building Material,,507,0.001
IOL Chem. & Pharma,Pharma,Y,507,0.001
Optiemus Infracom,Electronics Distri,Y,507,0.001
Aptus Value Hsg. Fin. India,NBFC,,507,0.001
SBI Life Insurance,Insurance,,507,0.001
Gujarat Narmada Valley Fert. & Chem.,Chemicals,,507,0.001
Ramky Infra.,Eng&Const,Y,507,0.001
Gujarat Fluorochemicals,Spl Chemicals,,507,0.001
Gujarat Ambuja Exports,FMCG,,507,0.001
Apollo Hosp.s Enterprise,Hospital,,507,0.001
Greenpanel Ind.,Building Material,Y,507,0.001
Restaurant Brands Asia,Retail,,507,0.001
One97 comm.,IT,,507,0.001
Rossari Biotech,Spl Chemicals,Y,507,0.001
SBI Cards & Payment Srvs.,NBFC,,507,0.001
SRF,Spl Chemicals,,507,0.001
RBL Bank,Banks,,507,0.001
Safari Ind.,Footwear&Accessories,,507,0.001
Sagar Cements,Cement,Y,507,0.001
Anupam Rasayan India,Spl Chemicals,,507,0.001
Sanghi Ind.,Cement,Y,507,0.001
Sanofi India,Pharma,,507,0.001
Blue Dart Express,Logistics,,507,0.001
Borosil Renews,Packaging,,507,0.001
Ami Organics,Spl Chemicals,Y,507,0.001
RHI Magnesita India,Metal Fab,,507,0.001
HDFC Life Insurance,Insurance,,507,0.001
Infosys,IT,,507,0.001
Can Fin Homes,NBFC,,507,0.001
Ion Exch.,Pollution&Treat Controls,Y,507,0.001
Balrampur Chini Mills,Sugar,,507,0.001
Sundram Fasteners,Auto,,507,0.001
Equitas Small Finance Bank,Banks,,507,0.001
Star Health & Allied Insurance,Insurance,,507,0.001
Alkyl Amines Chem.,Spl Chemicals,,507,0.001
Tata comm.,Telecom,,507,0.001
Tanla Platforms,IT,,507,0.001
Tarsons Prod.,Medical Devices&Sup,Y,507,0.001
Abbott India,Pharma,,507,0.001
Coforge,IT,,507,0.001
Aavas Financiers,NBFC,,507,0.001
CIE Auto. India,Auto,,507,0.001
V.I.P. Ind.,Footwear&Accessories,,507,0.001
Clean Science & Tech.,Spl Chemicals,,507,0.001
VRL Logistics,Logistics,Y,507,0.001
Vaibhav Global,Luxury&jewel Goods,,507,0.001
City Union Bank,Banks,,507,0.001
Vedant Fashions,Textile Mfg,,507,0.001
Chemplast Sanmar,Chemicals,,507,0.001
Cera Sanitaryware,Building Material,,507,0.001
Aarti Drugs,Pharma,Y,507,0.001
APL Apollo Tubes,Metals,,507,0.001
Century Plyboards,Building Material,,507,0.001
Welspun Living,Textile Mfg,,507,0.001
Steel Strips Wheels,Auto,Y,507,0.001
Sunflag Iron & Steel,Metals,Y,507,0.001
Sterlite Tech.,Electrical Equip,,507,0.001
Fineotex Chemical,Spl Chemicals,Y,507,0.001
TV18 Broadcast,Broadcasting,,507,0.001
Fusion Micro Finance,NBFC,Y,507,0.001
TTK Prestige,Consumer Durables,Y,507,0.001
Shivalik Bimetal Controls,Metal Fab,Y,507,0.001
Sona BLW Precision Forgings,Auto,,507,0.001
Shoppers Stop,Retail,Y,507,0.001
Shree Renuka Sugars,Sugar,,507,0.001
Dreamfolks Srvs.,Airline&Serv,Y,507,0.001
Affle,Advert Agencies,,507,0.001
Five-Star Business Finance,NBFC,,507,0.001
EPL,Packaging,,507,0.001
Spandana Sphoorty Financial,NBFC,Y,507,0.001
Syrma SGS Tech.,Electrical Equip,,507,0.001
Syngene Int.,Pharma,,507,0.001
Sun Pharma Advanced Research,Pharma,,507,0.001
Allcargo Logistics,Logistics,,507,0.001
Easy Trip Planners,Airline&Serv,,507,0.001
FSN E-Commerce Vntrs.,Retail,,507,0.001
Sonata Software,IT,,507,0.001
CEAT,Auto,,507,0.001
Sula Vineyards,Alcohol,Y,507,0.001
CCL Prod.,FMCG,,507,0.001
West Coast Paper Mills,Paper,Y,507,0.001
Whirlpool ,Consumer Durables,,507,0.001
Wipro,IT,,507,0.001
GHCL,Chemicals,Y,507,0.001
Datamatics Global Srvs.,IT,Y,507,0.001
Dalmia Bharat,Cement,,507,0.001
Dabur India,FMCG,,507,0.001
DEN Networks,Entertainment,Y,507,0.001
Titan,Luxury&jewel Goods,,507,0.001
DCM Shriram,Spl Chemicals,,507,0.001
DCB Bank,Banks,Y,507,0.001
Accelya Solutions India,IT,Y,507,0.001
Trident,Textile Mfg,,507,0.001
Triveni Eng. & Ind.,Sugar,,507,0.001
Greaves Cotton,Spl Ind Mach,Y,507,0.001
Deepak Fert. & petrochem.,Chemicals,,507,0.001
Share India Securities,Capital Markets,Y,507,0.001
NOCIL,Spl Chemicals,Y,507,0.001
Mastek,IT,,507,0.001
Avalon Tech.,Electrical Equip,Y,507,0.001
MedPlus Health Srvs.,Retail,,507,0.001
Metro Brands,Retail,,507,0.001
JM Financial,Capital Markets,,507,0.001
Motilal Oswal Fin. Srvs.,Capital Markets,,507,0.001
Mphasis,IT,,507,0.001
JK Lakshmi Cement,Cement,,507,0.001
Adani Wilmar,FMCG,,507,0.001
UPL,Agro chemical,,507,0.001
AIA Eng.,Spl Ind Mach,,507,0.001
Tata Chem.,Chemicals,,507,0.001
Capri Global Capital,NBFC,,507,0.001
ZFCVINDIA.NS,Auto,,507,0.001
Zee Entmt. Entp.,Broadcasting,,507,0.001
AGI Greenpac,Packaging,Y,507,0.001
Campus Activewear,Footwear&Accessories,,507,0.001
Camlin Fine Sciences,Spl Chemicals,Y,507,0.001
Confidence Petroleum India,Oil&Gas,Y,507,0.001
Ujjivan Small Finance Bank,Banks,,507,0.001
Uflex,Packaging,Y,507,0.001
Delhivery,Logistics,,507,0.001
Tata Consult. Srvs.,IT,,507,0.001
Deepak Nitrite,Chemicals,,507,0.001
Dr. Reddy's Lab.,Pharma,,507,0.001
Tata Elxsi,IT,,507,0.001
Dr. Lal PathLabs,Healthcare Diag&Resrch,,507,0.001
Aether Ind.,Spl Chemicals,,507,0.001
Dishman Carbogen Amcis,Pharma,Y,507,0.001
Devyani Int.,Retail,,507,0.001
Delta Corp,Hotel&Resort,Y,507,0.001
Tata Teleservices,Telecom,,507,0.001
Sheela Foam,Consumer Durables,Y,507,0.001
Tech Mahindra,IT,,507,0.001
CRISIL,Capital Markets,,507,0.001
