trade_logged_on,trade_updated_on,trade_id,status,date,ticker,signal,BUY Price,talib_date,talib_signal,talib_price,pnl,Company,Industry,Score,Symbol,Latest Price,price,unrealised_pnl_amt,unrealised_pnl_pct,holding_duration_days
2025-09-11,,b7f442b7-a28b-4dbb-862e-fc874f899eea,active,2025-09-11,LOTUSEYE.NS,BUY,119.1,2025-09-11,BUY,119.1,,Lotus Eye Hosp.& Inst. ,Hospital,4.35,LOTUSEYE.NS,118.87,119.1,-0.23,-0.19,154
2025-09-11,,aa052e23-9ea5-4099-9562-bb3627baaa80,active,2025-09-11,ORICONENT.NS,BUY,56.85,2025-09-11,BUY,56.85,,Oricon Ent.,Packaging,2.91,ORICONENT.NS,66.89,56.85,10.04,17.66,154
2025-09-11,,8a8ba90e-a28b-4c6d-b6d2-cf79051cafad,active,2025-09-11,ANANDRATHI.NS,BUY,2932.5,2025-09-11,BUY,2932.5,,An & Rathi Wealth,Capital Markets,3.59,ANANDRATHI.NS,2986.7,2932.5,54.2,1.85,154
2025-09-11,,62435b91-906f-4e73-8971-dd4db538b7ca,active,2025-09-11,BRITANNIA.NS,BUY,6234.75,2025-09-11,BUY,6234.75,,Britannia IND.,FMCG,2.5,BRITANNIA.NS,6102.0,6234.75,-132.75,-2.13,154
2025-09-11,,04a9cc5e-1cf7-4eed-870e-402a10d38b55,active,2025-09-11,EICHERMOT.NS,BUY,6789.25,2025-09-11,BUY,6789.25,,Eicher Motors,Auto,3.76,EICHERMOT.NS,7943.0,6789.25,1153.75,16.99,154
2025-09-11,,6d55ba84-f850-4541-93bc-454ebd242699,active,2025-09-11,LTF.NS,BUY,233.72,2025-09-11,BUY,233.72,,L & T Finance,NBFC,3.21,LTF.NS,292.05,233.72,58.33,24.96,154
2025-09-11,,e8ba99ed-38c7-48b8-abb8-f7a7612b0b5a,active,2025-09-11,RMDRIP.NS,BUY,757.0,2025-09-11,BUY,757.0,,R M Drip & Sprinklers Sys.,Farm&Heavy Constr Mach,5.88,RMDRIP.NS,114.28,74.97,39.31,52.43,154
2025-09-11,,159ccaf9-310b-4669-b43d-31f12ef1a5bb,active,2025-09-11,ASHOKLEY.NS,BUY,133.46,2025-09-11,BUY,133.46,,Ashok Leyl & ,Farm&Heavy Constr Mach,1.93,ASHOKLEY.NS,211.02,133.46,77.56,58.11,154
2025-09-11,,2e904d20-d580-4b5c-8676-74f88caef518,active,2025-09-11,RBLBANK.NS,BUY,272.1,2025-09-11,BUY,272.1,,RBL Bank,Banks,2.43,RBLBANK.NS,317.0,272.1,44.9,16.5,154
2025-09-11,,a21f9371-c92b-492d-a8f7-bce4871bd96e,active,2025-09-11,LUMAXIND.NS,BUY,4189.35,2025-09-11,BUY,4189.35,,Lumax IND.,Auto,3.25,LUMAXIND.NS,6423.5,4189.35,2234.15,53.33,154
2025-09-11,,02f0034f-015c-4708-89a4-993a8d3ee8c3,active,2025-09-11,TATASTEEL.NS,BUY,169.68,2025-09-11,BUY,169.68,,Tata Steel,Metals,1.55,TATASTEEL.NS,208.11,169.68,38.43,22.65,154
2025-09-11,,4d5a980c-ab7a-4f01-b3f0-bc80d407823a,active,2025-09-11,COMSYN.NS,BUY,154.44,2025-09-11,BUY,154.44,, Comm.Syn Bags,Packaging,3.33,COMSYN.NS,182.33,154.44,27.89,18.06,154
2025-09-11,,ac975a9f-a802-451d-b438-b1a72062d304,active,2025-09-11,SUNDARMHLD.NS,BUY,571.62,2025-09-11,BUY,571.62,,Sundaram Finance Hldg.s,Capital Markets,3.63,,571.62,571.62,0.0,0.0,154
2025-09-11,,fc70ef2d-2af7-44be-8f31-42b5b65c36ce,active,2025-09-11,COLAB.BO,BUY,96.8,2025-09-11,BUY,96.8,,Colab Platforms,Capital Markets,14.6,,96.8,96.8,0.0,0.0,154
2025-09-11,,84f5cb8c-3e7e-45e7-85e3-297732301d60,active,2025-09-11,MUTHOOTFIN.NS,BUY,2895.35,2025-09-11,BUY,2895.35,,Muthoot Finance,NBFC,2.39,MUTHOOTFIN.NS,4066.9,2895.35,1171.55,40.46,154
2025-09-11,,761bec8e-1607-4705-825e-46dd3b16a37b,active,2025-09-11,CUMMINSIND.NS,BUY,4027.95,2025-09-11,BUY,4027.95,,Cummins,Spl Ind Mach,2.1,CUMMINSIND.NS,4429.3,4027.95,401.35,9.96,154
2025-09-11,,c3ed0b57-94b9-4ad0-a069-b0baa267e4ac,active,2025-09-11,PFOCUS.NS,BUY,188.94,2025-09-11,BUY,188.94,,Prime Focus,Entertainment,2.7,PFOCUS.NS,261.91,188.94,72.97,38.62,154
2025-09-11,,9e862f85-35e8-4617-ae60-491d0a80886d,active,2025-09-11,NYKAA.NS,BUY,237.35,2025-09-11,BUY,237.35,,FSN E-Commerce Vntrs.,Retail,2.64,NYKAA.NS,280.14,237.35,42.79,18.03,154
2025-09-11,,b9d07927-8625-407e-90cb-1e66abc20987,active,2025-09-11,JAYNECOIND.NS,BUY,65.75,2025-09-11,BUY,65.75,,Jayaswal Neco IND.,Metals,2.61,JAYNECOIND.NS,79.84,65.75,14.09,21.43,154
2025-09-13,,a76dbf3b-51d5-4345-a277-49984d5ccc19,active,2025-09-12,PARIN.NS,BUY,474.98,2025-09-12,BUY,474.98,,PARIN.NS,Blank,2.92,PARIN.NS,474.98,474.98,0.0,0.0,153
2025-09-12,,6cbf1aa5-75e0-41a3-a0a8-c5b0a2f425bf,active,2025-09-12,ABCAPITAL.NS,BUY,291.95,2025-09-12,BUY,291.95,,Aditya Birla Capital,NBFC,2.94,ABCAPITAL.NS,344.65,291.95,52.7,18.05,153
2025-09-12,,59344b65-cc3f-49af-a66f-0994e9e2d416,active,2025-09-12,M&M.NS,BUY,3611.5,2025-09-12,BUY,3611.5,,Mahindra & Mahindra,Auto,2.42,M&M.NS,3593.1,3611.5,-18.4,-0.51,153
2025-09-17,,78649589-e5fc-418f-8812-559fcb25dcfd,active,2025-09-17,SIRCA.NS,BUY,485.18,2025-09-17,BUY,485.18,,Sirca Paints,Spl Chemicals,3.1,SIRCA.NS,478.2,485.18,-6.98,-1.44,148
2025-09-17,,e489da6d-0bfc-4355-8411-62d43adeafc8,active,2025-09-17,NORBTEAEXP.NS,BUY,51.66,2025-09-17,BUY,51.66,,Norben Tea & Exports,Farm Products,5.56,NORBTEAEXP.NS,80.84,51.66,29.18,56.48,148
2025-09-17,,850c1aa3-b826-4b75-a4cc-d9077b6155e0,active,2025-09-17,JINDALSTEL.NS,BUY,1044.38,2025-09-17,BUY,1044.38,,JINDAL STEEL,Metals,1.46,JINDALSTEL.NS,1203.4,1044.38,159.02,15.23,148
2025-09-17,,1b45737a-5075-4fe3-9042-c940727b3d8e,active,2025-09-17,AADHARHFC.NS,BUY,539.08,2025-09-17,BUY,539.08,,AadharHsg. Fin.,NBFC,2.07,AADHARHFC.NS,471.0,539.08,-68.08,-12.63,148
2025-09-17,,62d4a38e-fc9b-4fa1-94d6-622f1f12770f,active,2025-09-17,SJS.NS,BUY,1482.95,2025-09-17,BUY,1482.95,,S.J.S. Ent.,Auto,2.31,SJS.NS,1903.5,1482.95,420.55,28.36,148
2025-09-17,,5ed9aea0-eb77-4c05-91e5-086c46a33f8f,active,2025-09-17,CHOLAFIN.NS,BUY,1579.55,2025-09-17,BUY,1579.55,,Cholam & alam Invest. & Finance,NBFC,1.16,CHOLAFIN.NS,1731.8,1579.55,152.25,9.64,148
2025-09-17,,e79f95ff-db23-4528-913a-b2c58e56dd9c,active,2025-09-17,INDIACEM.NS,BUY,404.55,2025-09-17,BUY,404.55,,India Cements,Cement,2.07,INDIACEM.NS,448.25,404.55,43.7,10.8,148
2025-09-20,,fca0a382-eb65-4bc1-9ad9-50abfd530756,active,2025-09-19,POLYCAB.NS,BUY,7496.0,2025-09-19,BUY,7496.0,,Polycab,Electrical Equip,2.26,POLYCAB.NS,7768.0,7496.0,272.0,3.63,146
2025-09-20,,665977a5-862a-411e-908b-aa7a3e58d63b,active,2025-09-19,CANBK.NS,BUY,116.98,2025-09-19,BUY,116.98,,Canara Bank,Banks,1.96,CANBK.NS,144.81,116.98,27.83,23.79,146
2025-09-20,,8cb35087-878c-4fee-b335-0ab5864362ef,active,2025-09-19,MAHABANK.NS,BUY,57.4,2025-09-19,BUY,57.4,,Bank of Maharashtra,Banks,1.42,MAHABANK.NS,65.59,57.4,8.19,14.27,146
2025-09-20,,8c6cef38-2d21-4903-ba32-dea97a830f03,active,2025-09-19,BANKINDIA.NS,BUY,120.08,2025-09-19,BUY,120.08,,Bank of,Banks,1.55,BANKINDIA.NS,165.28,120.08,45.2,37.64,146
2025-09-20,,97ab8b6d-47f3-4cef-acf8-a81f19d8a8e7,active,2025-09-19,BAJAJCON.NS,BUY,258.72,2025-09-19,BUY,258.72,,Bajaj Consumer Care,FMCG,2.14,BAJAJCON.NS,378.3,258.72,119.58,46.22,146
2025-09-20,,d4f43f5c-9a87-4ea1-b8c5-01073c233ea3,active,2025-09-19,INDIANB.NS,BUY,704.15,2025-09-19,BUY,704.15,,Indian Bank,Banks,2.45,INDIANB.NS,880.7,704.15,176.55,25.07,146
2025-09-20,,36e1acff-95e3-40cf-ab87-0d1459d9761a,active,2025-09-19,ASAHIINDIA.NS,BUY,893.58,2025-09-19,BUY,893.58,,Asahi India Glass,Auto,2.04,ASAHIINDIA.NS,972.9,893.58,79.32,8.88,146
2025-09-20,,8d48f3ea-027e-4030-a38f-5615eec63095,active,2025-09-19,SILGO.NS,BUY,70.18,2025-09-19,BUY,70.18,,Silgo Retail,Luxury&jewel Goods,2.42,SILGO.NS,78.77,70.18,8.59,12.24,146
2025-09-20,,28533a45-69c6-4e26-9068-d62023ec4e4c,active,2025-09-19,PTCIL.NS,BUY,15149.5,2025-09-19,BUY,15149.5,,PTC IND.,Metal Fab,1.35,PTCIL.NS,18677.0,15149.5,3527.5,23.28,146
2025-09-26,,86eebe36-7e6d-4eb7-ba01-54f853c56ec0,active,2025-09-25,MWL.NS,BUY,235.35,2025-09-25,BUY,235.35,,Mangalam Worldwide,Metals,3.02,MWL.NS,271.85,235.35,36.5,15.51,140
2025-09-26,,206443d4-c94d-47aa-8f8e-82923be75a01,active,2025-09-25,UNIONBANK.NS,BUY,139.01,2025-09-25,BUY,139.01,,Union Bank of,Banks,1.44,UNIONBANK.NS,181.0,139.01,41.99,30.21,140
2025-09-26,,91ceb0b4-da57-42b9-9f05-864e93443836,active,2025-09-25,SAIL.NS,BUY,137.14,2025-09-25,BUY,137.14,,Steel Authority of,Metals,1.71,SAIL.NS,160.35,137.14,23.21,16.92,140
2025-09-26,,3f2c7165-d5b9-4be9-8be6-09299ece0269,active,2025-09-25,SAKAR.NS,BUY,368.55,2025-09-25,BUY,368.55,,Sakar Healthcare,Pharma,1.91,SAKAR.NS,474.85,368.55,106.3,28.84,140
2025-09-26,,d80f1c29-6ac4-4982-8498-d74887f69a2a,active,2025-09-25,ADANIPORTS.NS,BUY,1422.0,2025-09-25,BUY,1422.0,,Adani Ports & Spl Eco Zone.,Port&Shipping,1.54,ADANIPORTS.NS,1543.7,1422.0,121.7,8.56,140
2025-09-26,,a39baccd-eb0f-4699-bdb3-2c2810d91014,active,2025-09-25,^CNXAUTO,BUY,26846.75,2025-09-25,BUY,26846.75,,^CNXAUTO,Blank,2.18,^CNXAUTO,28504.05,26846.75,1657.3,6.17,140
2025-09-26,,8c5ff2b8-a29f-4479-8162-8a714369fad1,active,2025-09-25,NRAIL.NS,BUY,404.58,2025-09-25,BUY,404.58,,N R Agarwal IND.,Paper,1.7,NRAIL.NS,467.1,404.58,62.52,15.45,140
2025-09-28,,16b0959e-a795-4abd-b365-5ab23908c828,active,2025-09-26,LEMERITE.NS,BUY,406.0,2025-09-26,BUY,406.0,,LEMERITE.NS,Blank,4.79,LEMERITE.NS,469.55,406.0,63.55,15.65,139
2025-09-28,,c1e912f5-43d4-4446-90cf-007bc2e1cf07,active,2025-09-26,GICL.NS,BUY,160.75,2025-09-26,BUY,160.75,,GICL.NS,Blank,3.44,GICL.NS,160.75,160.75,0.0,0.0,139
2025-10-02,,c1d76d14-6f90-473c-8381-e6176b7c995b,active,2025-10-01,HINDALCO.NS,BUY,762.35,2025-10-01,BUY,762.35,,Hindalco IND.,Metals,2.04,HINDALCO.NS,964.4,762.35,202.05,26.5,134
2025-10-14,,d81a9038-85a1-45ec-81ba-04e813906939,active,2025-10-13,JINDALPHOT.NS,BUY,1490.6,2025-10-13,BUY,1490.6,,Jindal Photo,Capital Markets,3.18,JINDALPHOT.NS,1438.8,1490.6,-51.8,-3.48,122
2025-10-14,,1d192050-54ca-438a-a9b3-610e949df10a,active,2025-10-13,PRECWIRE.NS,BUY,210.71,2025-10-13,BUY,210.71,,Precision Wires,Electrical Equip,1.96,PRECWIRE.NS,278.96,210.71,68.25,32.39,122
2025-10-14,,3e54b5ba-ee51-462b-919c-0b1d20a23133,active,2025-10-13,HINDCOPPER.NS,BUY,342.75,2025-10-13,BUY,342.75,,Hindustan Copper,Metals,2.51,HINDCOPPER.NS,624.7,342.75,281.95,82.26,122
2025-10-15,,58b44efe-62bc-4b04-950f-a2be57ccabde,active,2025-10-15,MTARTECH.NS,BUY,2177.0,2025-10-15,BUY,2177.0,,Mtar Tech.,Spl Ind Mach,2.65,MTARTECH.NS,3560.6,2177.0,1383.6,63.56,120
2025-10-20,,4d3e3cb9-eac9-406a-97cc-3b3c710cfc05,active,2025-10-20,SMSPHARMA.NS,BUY,289.03,2025-10-20,BUY,289.03,,SMS Pharma. ,Pharma,1.68,SMSPHARMA.NS,350.8,289.03,61.77,21.37,115
2025-10-20,,616f9de4-aa9f-402c-8afe-e9f40d83b0e0,active,2025-10-20,TVSHLTD.NS,BUY,14744.0,2025-10-20,BUY,14744.0,,TVS Hldg.s,Auto,2.88,TVSHLTD.NS,15558.0,14744.0,814.0,5.52,115
2025-10-21,,24e704ac-1d55-4fd5-b5b5-1a4cc54c8f47,active,2025-10-21,ACUTAAS.NS,BUY,1802.05,2025-10-21,BUY,1802.05,,Acutaas Chem. ,Spl Chemicals,3.77,,2093.4,1802.05,291.35,16.17,114
2025-10-21,,5331e410-0b6f-4988-87d2-af505bb16296,active,2025-10-21,KARURVYSYA.NS,BUY,244.29,2025-10-21,BUY,244.29,,Karur Vysya Bank,Banks,2.56,KARURVYSYA.NS,318.85,244.29,74.56,30.52,114
2025-10-23,,818931f1-d326-4e3e-8c2c-9b80dc9c3c57,active,2025-10-23,^CNXPSUBANK,BUY,7900.7,2025-10-23,BUY,7900.7,,^CNXPSUBANK,Blank,2.59,^CNXPSUBANK,9229.45,7900.7,1328.75,16.82,112
2025-10-26,,c4044066-f69a-49f6-9146-2cec748414b4,active,2025-10-24,INVPRECQ.BO,BUY,514.6,2025-10-24,BUY,514.6,, Invest. & Precision Castings,Metals,1.59,INVPRECQ.BO,568.8,514.6,54.2,10.53,111
2025-10-29,,d452e903-53a9-4116-8b83-d709e6951b56,active,2025-10-28,SBIN.NS,BUY,926.78,2025-10-28,BUY,926.78,,State Bank of,Banks,2.8,SBIN.NS,1192.4,926.78,265.62,28.66,107
2025-10-30,,3fe229dc-6cf4-4da0-bbe0-f4d7a56775a8,active,2025-10-30,AUBANK.NS,BUY,880.15,2025-10-30,BUY,880.15,,AU Small Finance Bank,Banks,2.56,AUBANK.NS,1000.6,880.15,120.45,13.69,105
2025-10-30,,0de72ee9-1342-4bd1-9886-ebded1ae4623,active,2025-10-30,M&MFIN.NS,BUY,316.3,2025-10-30,BUY,316.3,,Mahindra & Mahindra fin. Serv.,NBFC,2.32,M&MFIN.NS,379.05,316.3,62.75,19.84,105
2025-10-30,,9fe04566-0dba-4071-a101-ad4718574d60,active,2025-10-30,ARFIN.NS,BUY,55.0,2025-10-30,BUY,55.0,,Arfin,Metals,3.71,,75.62,55.0,20.62,37.49,105
2025-10-30,,d6bff33d-0d1c-405d-905f-87f4b629aa4b,active,2025-10-30,BHAGYANGR.NS,BUY,140.75,2025-10-30,BUY,140.75,,Bhagyanagar,Metals,2.9,BHAGYANGR.NS,161.53,140.75,20.78,14.76,105
2025-10-30,,fb017d87-e80a-4f7f-93e1-6f1b8f340a79,active,2025-10-30,VEDL.NS,BUY,509.05,2025-10-30,BUY,509.05,,Vedanta,Metals,2.28,VEDL.NS,702.75,509.05,193.7,38.05,105
2025-10-30,,17b50fa6-ec06-4a6b-8aa3-ec58aef7a56c,active,2025-10-30,CUB.NS,BUY,234.61,2025-10-30,BUY,234.61,,City Union Bank,Banks,2.52,CUB.NS,286.4,234.61,51.79,22.07,105
2025-10-30,,60340450-23cd-4a9e-9ffd-300467924a5d,active,2025-10-30,PSUBNKBEES.NS,BUY,90.2,2025-10-30,BUY,90.2,,PSUBNKBEES.NS,Blank,2.75,PSUBNKBEES.NS,102.58,90.2,12.38,13.73,105
2025-10-30,,26c6c4f4-9319-4271-8b29-df256b38bd97,active,2025-10-30,^CNXMETAL,BUY,10710.9,2025-10-30,BUY,10710.9,,^CNXMETAL,Blank,2.54,^CNXMETAL,12279.2,10710.9,1568.3,14.64,105
2025-10-30,,c57de7dc-d520-40f5-93f2-98cce9cadb59,active,2025-10-30,IOC.NS,BUY,164.62,2025-10-30,BUY,164.62,,Indian Oil Corp.,Oil&Gas,2.17,IOC.NS,178.11,164.62,13.49,8.19,105
2025-10-31,,a7886a9e-d990-474f-915c-9efaca271b8b,active,2025-10-31,JKTYRE.NS,BUY,437.5,2025-10-31,BUY,437.5,,JK Tyre & IND.,Auto,2.43,JKTYRE.NS,582.75,437.5,145.25,33.2,104
2025-11-01,,79556bf9-1850-42af-827d-9150f31dfd5f,active,2025-10-31,WELINV.NS,BUY,1310.5,2025-10-31,BUY,1310.5,,Welspun Invest.& Commercials,Capital Markets,0.74,WELINV.NS,1326.4,1310.5,15.9,1.21,104
2025-11-04,,36f5a909-ca41-4b5b-af7f-3d27b48c2901,active,2025-11-03,TVSSRICHAK.NS,BUY,4138.0,2025-11-03,BUY,4138.0,,TVS Srichakra,Auto,2.27,TVSSRICHAK.NS,4484.8,4138.0,346.8,8.38,101
2025-11-04,,64b96ac9-650a-4b37-9ec0-219dce3802b6,active,2025-11-03,SHRIRAMFIN.NS,BUY,779.2,2025-11-03,BUY,779.2,,Shriram Finance,NBFC,2.58,SHRIRAMFIN.NS,1082.8,779.2,303.6,38.96,101
2025-11-04,,1633ad9a-98bc-443f-9bde-e34629f7208c,active,2025-11-04,BANKBARODA.NS,BUY,289.15,2025-11-04,BUY,289.15,,Bank of Baroda,Banks,2.59,BANKBARODA.NS,289.85,289.15,0.7,0.24,100
2025-11-04,,b093f5b7-294f-4a13-ab12-b3b8ed98e34e,active,2025-11-04,LGBBROSLTD.NS,BUY,1742.25,2025-11-04,BUY,1742.25,,LG Balakrishnan& Bros,Auto,2.9,LGBBROSLTD.NS,2007.8,1742.25,265.55,15.24,100
2025-11-08,,048089e6-f9b7-449d-97ef-61c720b11a4b,active,2025-11-07,VMARCIND.NS,BUY,613.55,2025-11-07,BUY,613.55,,VMARCIND.NS,Blank,1.09,VMARCIND.NS,613.55,613.55,0.0,0.0,97
2025-11-13,,40372233-5f3b-46eb-879a-a4eb08b4e083,active,2025-11-11,NATIONALUM.NS,BUY,261.33,2025-11-11,BUY,261.33,,Nat. Aluminium Co.,Metals,2.95,NATIONALUM.NS,369.7,261.33,108.37,41.47,93
2025-11-13,,8eac50dc-d5a3-4c78-848c-db3aaa21b568,active,2025-11-11,DCBBANK.NS,BUY,167.48,2025-11-11,BUY,167.48,,DCB Bank,Banks,2.5,DCBBANK.NS,190.31,167.48,22.83,13.63,93
2025-11-13,,ba25f694-8395-471d-9c51-f9973d52e8b8,active,2025-11-11,RELIABLE.NS,BUY,153.99,2025-11-11,BUY,153.99,,Reliable Data Serv.,IT,3.54,RELIABLE.NS,155.33,153.99,1.34,0.87,93
2025-11-13,,607e2865-8829-4110-9469-2f46ac1805f6,active,2025-11-11,SBILIFE.NS,BUY,1992.25,2025-11-11,BUY,1992.25,,SBI Life Insur. Co.,Insurance,2.62,SBILIFE.NS,2022.1,1992.25,29.85,1.5,93
2025-11-13,,0fb5c3e1-687b-4147-8646-ef7ab6696ce8,active,2025-11-13,BPCL.NS,BUY,375.42,2025-11-13,BUY,375.42,,Bharat Petro. Corp.,Oil&Gas,2.79,BPCL.NS,377.7,375.42,2.28,0.61,91
2025-11-13,,adcc4aec-601a-43f1-b181-09fb55aef45e,active,2025-11-13,CANFINHOME.NS,BUY,873.5,2025-11-13,BUY,873.5,,Can Fin Homes,NBFC,2.09,CANFINHOME.NS,888.4,873.5,14.9,1.71,91
2025-11-13,,808eebf5-90a5-4e22-9d7d-e0c6fa9fc0a0,active,2025-11-13,BHARATFORG.NS,BUY,1393.95,2025-11-13,BUY,1393.95,,Bharat Forge,Auto,1.91,BHARATFORG.NS,1726.7,1393.95,332.75,23.87,91
2025-11-13,,1a87b150-f239-44d3-9490-1983f992eabf,active,2025-11-13,SANSERA.NS,BUY,1582.5,2025-11-13,BUY,1582.5,,Sansera Engr.,Auto,2.07,SANSERA.NS,2229.4,1582.5,646.9,40.88,91
2025-11-14,,3201e306-ae3d-4ee1-a533-b4b9b01e78ac,active,2025-11-14,THANGAMAYL.NS,BUY,3299.35,2025-11-14,BUY,3299.35,,Thangamayil Jewellery,Luxury&jewel Goods,3.15,THANGAMAYL.NS,3651.6,3299.35,352.25,10.68,90
2025-11-14,,1a4440f2-e050-45a6-800f-60df7c436b26,active,2025-11-14,GESHIP.NS,BUY,1136.5,2025-11-14,BUY,1136.5,,Great Eastern Shipping Co.,Port&Shipping,1.95,GESHIP.NS,1340.3,1136.5,203.8,17.93,90
2025-11-18,,9664901c-4d4b-4c72-b0de-f0bc7e15e56c,active,2025-11-18,GRMOVER.NS,BUY,470.62,2025-11-18,BUY,470.62,,GRM Overseas,FMCG,3.78,GRMOVER.NS,162.83,157.9,4.93,3.12,86
2025-11-19,,9e15f7cd-3b93-4e11-9626-006f348845f1,active,2025-11-19,FEDERALBNK.NS,BUY,246.66,2025-11-19,BUY,246.66,,Federal Bank,Banks,2.86,FEDERALBNK.NS,287.1,246.66,40.44,16.4,85
2025-11-20,,a10616bc-60c1-47fd-86fc-6188a4ff6242,active,2025-11-20,KIRLOSENG.NS,BUY,1177.47,2025-11-20,BUY,1177.47,,Kirloskar Oil Engines,Spl Ind Mach,2.35,KIRLOSENG.NS,1337.0,1177.47,159.53,13.55,84
2025-11-20,,1aa98769-2616-43e0-b2e6-b4bde84e8e2e,active,2025-11-20,BSE.NS,BUY,2923.75,2025-11-20,BUY,2923.75,,BSE,Capital Markets,2.31,BSE.NS,3143.2,2923.75,219.45,7.51,84
2025-11-21,,bb7e9c35-bf1f-4bbc-abc2-8c24a22e6e3b,active,2025-11-21,CNCRD.BO,BUY,2399.48,2025-11-21,BUY,2399.48,,Concord Control Sys.,Railroads,4.8,CNCRD.BO,2537.45,2399.48,137.97,5.75,83
2025-11-21,,4530deb4-6e82-4fde-9d8d-836511a9eac1,active,2025-11-21,VENUSREM.NS,BUY,702.55,2025-11-21,BUY,702.55,,Venus Remedies,Pharma,3.89,VENUSREM.NS,761.85,702.55,59.3,8.44,83
2025-11-21,,aee1d808-1c90-40f4-8d75-484b5a134326,active,2025-11-21,TJI_TeaCof,BUY,1393.0,2025-11-21,BUY,1393.0,,TJI TeaCoffee,Index,2.62,,1393.0,1393.0,0.0,0.0,83
2025-11-21,,cf5925c1-2410-4f12-89f5-363a830523cf,active,2025-11-21,AXISBANK.NS,BUY,1278.75,2025-11-21,BUY,1278.75,,Axis Bank,Banks,2.33,AXISBANK.NS,1340.0,1278.75,61.25,4.79,83
2025-11-22,,0ac988cf-9abc-4ae3-afe2-7faa10d53309,active,2025-11-21,TJI_TELC,BUY,1271.4,2025-11-21,BUY,1271.4,,TJI Telecom,Index,2.66,,1271.4,1271.4,0.0,0.0,83
2025-11-22,,ed3067e0-89c2-415f-817b-5902903ef305,active,2025-11-21,TJI_CapMk,BUY,1803.79,2025-11-21,BUY,1803.79,,TJI Capital Mkt,Index,2.94,,1803.79,1803.79,0.0,0.0,83
2025-11-22,,eedad49e-2261-4cc0-92c9-a303a46ca82f,active,2025-11-21,TJI_psuBK,BUY,1237.92,2025-11-21,BUY,1237.92,,TJI PSU Bank,Index,3.08,,1237.92,1237.92,0.0,0.0,83
2025-11-24,,403fc3fa-2093-45c6-a303-5b9f887964be,active,2025-11-24,GLOBAL.NS,BUY,80.72,2025-11-24,BUY,80.72,,Global Edu.,Edu&Training Serv,2.55,GLOBAL.NS,95.43,80.72,14.71,18.22,80
2025-11-24,,8d0e7014-891a-4811-8018-3a3f29b9403f,active,2025-11-24,APEX.NS,BUY,327.06,2025-11-24,BUY,327.06,,Apex Frozen Foods,Farm Products,2.19,APEX.NS,443.6,327.06,116.54,35.63,80
2025-11-30,,4178ec20-f446-4892-8804-815d8bb0e904,active,2025-11-28,SWARAJ.NS,BUY,270.5,2025-11-28,BUY,270.5,,Blank,,2.19,SWARAJ.NS,270.5,270.5,0.0,0.0,76
2025-11-29,,29194bc7-3128-4ab0-9660-57d4853eddb9,active,2025-11-28,TJI_LFINSR,BUY,1226.17,2025-11-28,BUY,1226.17,,TJI Life Insurance,Index,1.97,,1226.17,1226.17,0.0,0.0,76
2025-11-28,,c717e1ea-a908-4d4f-a0df-62f1b95bd5e5,active,2025-11-28,UJJIVANSFB.NS,BUY,54.6,2025-11-28,BUY,54.6,,Ujjivan Small Fin. Bank,Banks,2.77,UJJIVANSFB.NS,62.7,54.6,8.1,14.84,76
2025-12-01,,e3c4ddf6-589d-4803-bd77-7602e8d8532f,active,2025-12-01,RICOAUTO.NS,BUY,120.12,2025-12-01,BUY,120.12,,Rico Auto IND.,Auto,2.58,RICOAUTO.NS,128.09,120.12,7.97,6.64,73
2025-12-01,,d58e41d7-09be-4f32-bcb4-f65072b690e5,active,2025-12-01,JAMNAAUTO.NS,BUY,115.26,2025-12-01,BUY,115.26,,Jamna Auto IND.,Auto,2.39,JAMNAAUTO.NS,136.98,115.26,21.72,18.84,73
2025-12-04,,b621d0b7-5a84-4f2f-baf5-ce97c3c0acf9,active,2025-12-04,TJI_TYR,BUY,1306.16,2025-12-04,BUY,1306.16,,TJI Tyre,Index,2.65,,1306.16,1306.16,0.0,0.0,70
2025-12-07,,7872e228-73d4-45a0-b6ad-1a52cc573989,active,2025-12-05,LTIM.NS,BUY,6310.25,2025-12-05,BUY,6310.25,,LTIMindtree,IT,2.5,LTIM.NS,5211.5,6310.25,-1098.75,-17.41,69
2025-12-10,,4cef9203-fde3-4995-9e7b-9a30c8327799,active,2025-12-10,DREDGECORP.NS,BUY,1021.15,2025-12-10,BUY,1021.15,,Dredging Corp. of,Eng&Const,2.48,DREDGECORP.NS,1009.0,1021.15,-12.15,-1.19,64
2025-12-10,,d04138e5-572f-4160-9bdd-e15f9f58e5c0,active,2025-12-10,ANURAS.NS,BUY,1312.0,2025-12-10,BUY,1312.0,,Anupam Rasayan,Spl Chemicals,3.42,ANURAS.NS,1368.2,1312.0,56.2,4.28,64
2025-12-12,,914eb32b-8167-4520-8141-f7241ed4592b,active,2025-12-12,ESABINDIA.NS,BUY,6273.0,2025-12-12,BUY,6273.0,,Esab,Tools&Accessories,2.62,ESABINDIA.NS,5593.5,6273.0,-679.5,-10.83,62
2025-12-15,,9dd364c0-d0c1-45dd-b165-5c4332b0f275,active,2025-12-15,MOTHERSON.NS,BUY,120.17,2025-12-15,BUY,120.17,,Samvardhana Motherson int'l.,Auto,2.28,MOTHERSON.NS,132.74,120.17,12.57,10.46,59
2025-12-16,,89838528-3dee-4311-9e33-63e3b9b2ecd4,active,2025-12-16,DSPGOLDETF.NS,BUY,128.89,2025-12-16,BUY,128.89,,DSPGOLDETF.NS,Blank,4.18,DSPGOLDETF.NS,128.89,128.89,0.0,0.0,58
2025-12-16,,2231aa1c-5a54-4ec2-83f4-08c62222f65c,active,2025-12-16,SHUKRAPHAR.BO,BUY,56.39,2025-12-16,BUY,56.39,,Blank,,10.39,SHUKRAPHAR.BO,42.24,56.39,-14.15,-25.09,58
2025-12-18,,a5f630c9-5ac8-4636-a8e5-4eaa7bf0e594,active,2025-12-18,ZFCVINDIA.NS,BUY,14873.0,2025-12-18,BUY,14873.0,,ZF Comm. Vehicle Control Sys.,Auto,2.25,ZFCVINDIA.NS,15816.0,14873.0,943.0,6.34,56
2025-12-22,,059b6b40-9fa2-42e1-aa1e-c223d1b3d50f,active,2025-12-22,RRKABEL.NS,BUY,1530.8,2025-12-22,BUY,1530.8,,R R Kabel,Electrical Equip,2.55,RRKABEL.NS,1428.2,1530.8,-102.6,-6.7,52
2025-12-23,,17f05d91-2316-4e81-8d64-710c4fc1285a,active,2025-12-23,INFOBEAN.NS,BUY,802.45,2025-12-23,BUY,802.45,,InfoBeans Tech.,IT,3.47,INFOBEAN.NS,895.55,802.45,93.1,11.6,51
2025-12-23,,e33872e5-d764-46be-b7bf-e65a72a188d6,active,2025-12-23,SHRIPISTON.NS,BUY,3181.15,2025-12-23,BUY,3181.15,,Shriram Pistons& Rings,Auto,3.05,SHRIPISTON.NS,3156.0,3181.15,-25.15,-0.79,51
2025-12-23,,67567f6d-b257-4ff5-b5a1-cb3aec714918,active,2025-12-23,HINDZINC.NS,BUY,611.0,2025-12-23,BUY,611.0,,Hindustan Zinc,Metals,3.08,HINDZINC.NS,623.7,611.0,12.7,2.08,51
2025-12-24,,8ab5e81b-b249-403a-a25e-c85ab8237ff8,active,2025-12-24,GLD,BUY,410.73,2025-12-24,BUY,410.73,,GLD,Blank,4.02,GLD,451.39,410.73,40.66,9.9,50
2025-12-24,,a0423aef-c0af-41b5-83e0-e5d0e0a35e2e,active,2025-12-24,KMEW.NS,BUY,1781.3,2025-12-24,BUY,1781.3,,Knowledge Marine& Engr. Works,Port&Shipping,3.37,KMEW.NS,1724.1,1781.3,-57.2,-3.21,50
2025-12-28,,a8ce769f-9321-4025-bc6f-465269032268,active,2025-12-26,KANDARP.NS,BUY,142.25,2025-12-26,BUY,142.25,,Blank,,4.39,KANDARP.NS,142.25,142.25,0.0,0.0,48
2025-12-26,,4e972308-7fec-4f23-9571-c172edd5e673,active,2025-12-26,RPTECH.NS,BUY,353.8,2025-12-26,BUY,353.8,,Rashi Peripherals,Electronics Distri,1.96,RPTECH.NS,371.8,353.8,18.0,5.09,48
2026-01-01,,dc0a5e74-9356-4e96-821e-364fc57df664,active,2026-01-01,SILVERTUC.NS,BUY,1089.0,2026-01-01,BUY,1089.0,,Silver Touch Tech.,IT,3.34,SILVERTUC.NS,1337.2,1089.0,248.2,22.79,42
2026-01-01,,6d283aa2-6171-46a4-9a49-2391772abfb7,active,2026-01-01,GAEL.NS,BUY,135.91,2026-01-01,BUY,135.91,,Guj. Ambuja Exports,FMCG,2.21,GAEL.NS,138.32,135.91,2.41,1.77,42
2026-01-01,,c6521aab-1887-44ff-8caf-ba97335bb321,active,2026-01-01,SEAMECLTD.NS,BUY,1090.85,2026-01-01,BUY,1090.85,,Seamec,Port&Shipping,1.9,SEAMECLTD.NS,1367.0,1090.85,276.15,25.32,42
2026-01-04,,e66f210c-d987-4b4b-be54-299fbf66945e,active,2026-01-02,RAPICUT.BO,BUY,135.45,2026-01-02,BUY,135.45,,Blank,,2.56,RAPICUT.BO,146.5,135.45,11.05,8.16,41
2026-01-04,,3b457e75-a35b-4577-ade4-9140cd2eb1f0,active,2026-01-02,TRANSCHEM.BO,BUY,190.45,2026-01-02,BUY,190.45,,Blank,,10.2,TRANSCHEM.BO,151.35,190.45,-39.1,-20.53,41
2026-01-05,,a4382e44-64d9-46e6-8daa-f23eebfc4770,active,2026-01-05,KINETICENG.BO,BUY,349.75,2026-01-05,BUY,349.75,,Blank,,2.49,KINETICENG.BO,285.45,349.75,-64.3,-18.38,38
2026-01-05,,97a4e627-4f68-4615-82c1-08b4f1c7637a,active,2026-01-05,TJI_Metal,BUY,1746.11,2026-01-05,BUY,1746.11,,TJI Metal,Index,3.68,,1746.11,1746.11,0.0,0.0,38
2026-01-05,,159e86a1-558c-4fc3-a7cd-4c86f7edc18b,active,2026-01-05,APLAPOLLO.NS,BUY,1937.2,2026-01-05,BUY,1937.2,,APL Apollo Tubes,Metals,2.51,APLAPOLLO.NS,2272.9,1937.2,335.7,17.33,38
2026-01-07,,302e7bf3-bea9-4d0e-af11-80dc26d0c28b,active,2026-01-07,JSTL.BO,BUY,73.94,2026-01-07,BUY,73.94,,Blank,,3.48,JSTL.BO,68.61,73.94,-5.33,-7.21,36
2026-01-07,,b72d0e31-67bd-46d0-aecc-47981ff869e2,active,2026-01-07,AIAENG.NS,BUY,4031.45,2026-01-07,BUY,4031.45,,AIA Engr.,Spl Ind Mach,2.27,AIAENG.NS,3951.1,4031.45,-80.35,-1.99,36
2026-01-07,,6b340bab-72da-4a1d-8c73-e7649a7a21d7,active,2026-01-07,AETHER.NS,BUY,998.6,2026-01-07,BUY,998.6,,Aether IND.,Spl Chemicals,2.33,AETHER.NS,966.4,998.6,-32.2,-3.22,36
2026-01-07,,6d4fb593-ae2b-4e25-97c5-f679b70d3bf6,active,2026-01-07,LUMAXTECH.NS,BUY,1664.3,2026-01-07,BUY,1664.3,,Lumax Auto Tech.,Auto,3.44,LUMAXTECH.NS,1784.2,1664.3,119.9,7.2,36
2026-01-07,,6f9da676-15eb-4bb4-b835-23ea8c6460f0,active,2026-01-07,ONIXSOLAR.BO,BUY,660.35,2026-01-07,BUY,660.35,,Blank,,1159.13,,660.35,660.35,0.0,0.0,36
2026-01-08,,2bce0a57-6888-4254-80c9-8885e27a5f71,active,2026-01-08,PURPLEFIN.BO,BUY,55.5,2026-01-08,BUY,55.5,,Purple Fin.,NBFC,2.1,PURPLEFIN.BO,66.61,55.5,11.11,20.02,35
2026-01-08,,71845c0e-1700-48f9-94df-7de023cd7bab,active,2026-01-08,MCX.NS,BUY,2281.0,2026-01-08,BUY,2281.0,,Multi Commodity Exch. of,Capital Markets,3.63,MCX.NS,2441.9,2281.0,160.9,7.05,35
2026-01-21,,1963ff55-3db6-4c53-a471-465054a59fe1,active,2026-01-21,MANAKALUCO.NS,BUY,58.56,2026-01-21,BUY,58.56,,Manaksia Aluminium Co.,Blank,4.07,MANAKALUCO.NS,31.64,58.56,-26.92,-45.97,22
2026-01-21,,d02a7b06-218a-47df-9045-e32e96dc0ba4,active,2026-01-21,GOLDBEES.NS,BUY,131.45,2026-01-21,BUY,131.45,,GOLDBEES.NS,Blank,5.6,GOLDBEES.NS,128.52,131.45,-2.93,-2.23,22
2026-01-21,,7a14aff7-b45a-4289-a05c-e33e29cafce0,active,2026-01-21,MCL.NS,BUY,92.09,2026-01-21,BUY,92.09,,Madhav Copper,Metals,4.09,MCL.NS,70.26,92.09,-21.83,-23.71,22
2026-01-21,,8fd79b8e-794d-424d-9252-f051a99c8e19,active,2026-01-21,RNBDENIMS.NS,BUY,138.38,2026-01-21,BUY,138.38,,R& B Denims,Textile Mfg,2.91,,176.3,138.38,37.92,27.4,22
2026-01-22,,ad710c8a-592a-46ea-ab4f-a92c066ac401,active,2026-01-22,KAPSTON.NS,BUY,380.08,2026-01-22,BUY,380.08,,Kapston Serv.,Blank,3.68,KAPSTON.NS,393.15,380.08,13.07,3.44,21
2026-01-22,,27cef7b6-50aa-4e77-8e02-264ee28b3868,active,2026-01-22,AAYUSHBULL.BO,BUY,1104.55,2026-01-22,BUY,1104.55,,Aayush Art& Bullion,Luxury&jewel Goods,4.94,AAYUSHBULL.BO,1115.2,1104.55,10.65,0.96,21
2026-01-28,,81f99d0a-6e41-4279-b0b5-b244abb7ee3a,active,2026-01-27,EQUITASBNK.NS,BUY,70.62,2026-01-27,BUY,70.62,,Equitas Small Fin. Bank,Blank,0.0,EQUITASBNK.NS,68.88,70.62,-1.74,-2.46,16
2026-01-28,,700c4fd7-d2d3-4782-aae6-9bb3ba49a5b8,active,2026-01-27,TECHM.NS,BUY,1724.5,2026-01-27,BUY,1724.5,,Tech Mahindra,IT,0.0,TECHM.NS,1536.6,1724.5,-187.9,-10.9,16
2026-01-30,,0306baa1-8006-449e-8b7b-536e688b1ba2,active,2026-01-30,CUBEXTUB.NS,BUY,133.27,2026-01-30,BUY,133.27,,Cubex Tubings,Metals,0.0,CUBEXTUB.NS,119.37,133.27,-13.9,-10.43,13
2026-01-30,,3d853095-a813-4dd2-b6da-8f6b74fd3773,active,2026-01-30,TMB.NS,BUY,604.62,2026-01-30,BUY,604.62,,Tamilnad Mercantile Bank,Banks,0.0,TMB.NS,657.95,604.62,53.33,8.82,13
2026-02-04,,52482b5d-5e60-4673-a9e7-0d141bebe4c2,active,2026-02-04,GNA.NS,BUY,414.18,2026-02-04,BUY,414.18,,GNA Axles,Auto,0.59,GNA.NS,442.6,414.18,28.42,6.86,8
2026-02-05,,afa14016-b945-4d48-b072-7946c79199e5,active,2026-02-05,CANTABIL.NS,BUY,307.65,2026-02-05,BUY,307.65,,Cantabil Retail,Textile Mfg,0.6,CANTABIL.NS,311.0,307.65,3.35,1.09,7
2026-02-05,,65235fe6-9370-48f1-8d84-7c876f430f9c,active,2026-02-05,NGLFINE.NS,BUY,2398.05,2026-02-05,BUY,2398.05,,NGL Fine-Chem,Pharma,1.06,NGLFINE.NS,2240.9,2398.05,-157.15,-6.55,7
2026-02-05,,c0f7748f-20f1-42f7-ba72-3d21f122b313,active,2026-02-05,INDSWFTLAB.NS,BUY,121.5,2026-02-05,BUY,121.5,,Ind-Swift Lab.,Pharma,0.52,INDSWFTLAB.NS,135.61,121.5,14.11,11.61,7
