trade_logged_on,trade_updated_on,trade_id,status,date,ticker,signal,BUY Price,talib_date,talib_signal,talib_price,pnl,Company,Industry,Score,Symbol,Latest Price,unrealised_pnl_amt,unrealised_pnl_pct,holding_duration_days
2026-02-19,,efde0350-10a3-4658-9192-ebbd2c99748a,active,2026-02-19,SHARDACROP.NS,BUY,1195.0,2026-02-19,BUY,1195.0,,Sharda Cropchem,Agro chemical,3.31,SHARDACROP.NS,1202.9,7.9,0.66,1
2026-02-19,,a03ad5e9-807a-4205-a826-568aa5c8cf32,active,2026-02-19,BHARATFORG.NS,BUY,1776.55,2026-02-19,BUY,1776.55,,Bharat Forge,Auto,3.69,BHARATFORG.NS,1780.0,3.45,0.19,1
2026-02-19,,82cd8785-9afa-4ba3-97ef-1637bcb2937e,active,2026-02-19,TATASTEEL.NS,BUY,207.82,2026-02-19,BUY,207.82,,Tata Steel,Metals,3.05,TATASTEEL.NS,208.36,0.54,0.26,1
2026-02-19,,6d8ae006-225f-4c07-8ea7-ad5652bcf9b9,active,2026-02-19,AAYUSHBULL.BO,BUY,1110.5,2026-02-19,BUY,1110.5,,Aayush Art& Bullion,Luxury&jewel Goods,4.53,AAYUSHBULL.BO,1116.0,5.5,0.5,1
2026-02-19,,5e83f409-a4f8-419c-a35d-ae69f151bf87,active,2026-02-19,ACUTAAS.NS,BUY,2122.5,2026-02-19,BUY,2122.5,,Acutaas Chem.,Spl Chemicals,3.51,,2106.5,-16.0,-0.75,1
2026-02-19,,751aabb3-192f-4992-a50a-a915e1c92de9,active,2026-02-19,APLAPOLLO.NS,BUY,2222.55,2026-02-19,BUY,2222.55,,APL Apollo Tubes,Metals,3.87,APLAPOLLO.NS,2187.5,-35.05,-1.58,1
2026-02-19,,baed84b7-b423-4920-ac70-9413d7ed10a4,active,2026-02-19,GVT&D.NS,BUY,3632.5,2026-02-19,BUY,3632.5,,GE Vernova T& D,Spl Ind Mach,3.42,GVT&D.NS,3648.6,16.1,0.44,1
2026-02-19,,d632d881-12d1-4f34-85d5-63bc2e3e5ea9,active,2026-02-19,GVTD.NS,BUY,3659.78,2026-02-19,BUY,3659.78,,Blank,,3.41,,3659.78,0.0,0.0,1
2026-02-19,,74b37992-6230-44e6-9b8d-c910db716759,active,2026-02-19,RNBDENIMS.NS,BUY,189.85,2026-02-19,BUY,189.85,,R& B Denims,Textile Mfg,4.15,,193.13,3.28,1.73,1
2026-02-19,,3fd33136-c5e0-4116-8180-487c76ef46c5,active,2026-02-19,AGRIBIO.BO,BUY,250.5,2026-02-19,BUY,250.5,,Agribio Spirits,Textile Mfg,3.48,AGRIBIO.BO,254.45,3.95,1.58,1
2026-02-19,,e184a218-a432-4e62-977a-79fe525a7f7f,active,2026-02-19,SANSERA.NS,BUY,2279.9,2026-02-19,BUY,2279.9,,Sansera Engr.,Auto,4.3,SANSERA.NS,2285.4,5.5,0.24,1
2026-02-19,,01f609ab-90c6-455c-a4b0-54a61542fa25,active,2026-02-19,STLTECH.NS,BUY,158.69,2026-02-19,BUY,158.69,,Sterlite Tech.,Telecom,2.82,STLTECH.NS,159.94,1.25,0.79,1
2026-02-19,,9a12340f-c614-45d3-90ba-3f4988c02860,active,2026-02-19,TDPOWERSYS.NS,BUY,893.2,2026-02-19,BUY,893.2,,TD Power Sys.,Spl Ind Mach,3.67,TDPOWERSYS.NS,882.55,-10.65,-1.19,1
2026-02-19,,99ee4abb-fb47-44df-a84f-450dfc448280,active,2026-02-19,GARNET.BO,BUY,111.78,2026-02-19,BUY,111.78,,Garnet Constr.,Real Est,5.61,GARNET.BO,102.96,-8.82,-7.89,1
2026-02-19,,5ddad6b5-0ae0-4599-ad2f-a81f4155e293,active,2026-02-19,COMSYN.NS,BUY,188.07,2026-02-19,BUY,188.07,,Comm. Syn Bags,Packaging,4.63,COMSYN.NS,191.46,3.39,1.8,1
2026-02-19,,1fe4f8d4-d8e1-43d8-8f56-0af0b1e8e9f0,active,2026-02-19,SEAMECLTD.NS,BUY,1332.9,2026-02-19,BUY,1332.9,,Seamec,Port&Shipping,3.68,SEAMECLTD.NS,1339.3,6.4,0.48,1
2026-02-19,,3fc776ae-302c-485d-98bc-8c190b009098,active,2026-02-19,GUJINJEC.BO,BUY,61.11,2026-02-19,BUY,61.11,,Guj. Inject Kerala,Pharma,9.58,GUJINJEC.BO,62.0,0.89,1.46,1
2026-02-19,,6f541ac1-d4af-4b40-a1d2-72e73ec67437,active,2026-02-19,NGLFINE.NS,BUY,2314.85,2026-02-19,BUY,2314.85,,NGL Fine-Chem,Pharma,3.74,NGLFINE.NS,2346.4,31.55,1.36,1
2026-02-19,,363376fe-dc28-49b7-8b56-4d52ad037268,active,2026-02-19,INDSWFTLAB.NS,BUY,139.43,2026-02-19,BUY,139.43,,Ind-Swift Lab.,Pharma,3.04,INDSWFTLAB.NS,141.89,2.46,1.76,1
2026-02-19,,975f9ed3-e024-4c90-b6e1-8330d3338ce4,active,2026-02-19,SMSPHARMA.NS,BUY,362.4,2026-02-19,BUY,362.4,,SMS Pharma.,Pharma,2.76,SMSPHARMA.NS,372.45,10.05,2.77,1
2026-02-19,,8150d632-0d91-4ae2-a3bf-4db8c26db0ce,active,2026-02-19,SOMAPPR.BO,BUY,279.52,2026-02-19,BUY,279.52,,Soma Papers& IND.,Paper,10.54,SOMAPPR.BO,266.6,-12.92,-4.62,1
2026-02-19,,79c898f2-2980-4758-b457-9e31a39c70c8,active,2026-02-19,MTARTECH.NS,BUY,3700.1,2026-02-19,BUY,3700.1,,Mtar Tech.,Spl Ind Mach,4.79,MTARTECH.NS,3657.6,-42.5,-1.15,1
2026-02-19,,bf22f007-8630-43b6-9e00-0d46ad7c6b88,active,2026-02-19,UNIONBANK.NS,BUY,192.1,2026-02-19,BUY,192.1,,Union Bank of,Banks,3.33,UNIONBANK.NS,193.98,1.88,0.98,1
2026-02-19,,b68ac574-30be-49eb-b7db-a1a031ccc69d,active,2026-02-19,KARURVYSYA.NS,BUY,321.65,2026-02-19,BUY,321.65,,Karur Vysya Bank,Banks,3.67,KARURVYSYA.NS,322.6,0.95,0.3,1
2026-02-19,,440134e4-ac98-4114-9a0e-da091f59c210,active,2026-02-19,TMB.NS,BUY,693.6,2026-02-19,BUY,693.6,,Tamilnad Mercantile Bank,Banks,4.1,TMB.NS,689.55,-4.05,-0.58,1
2026-02-19,,94ff1ab3-5b68-45a5-9a89-747467d0f33e,active,2026-02-19,TJI_MSF,BUY,1290.8,2026-02-19,BUY,1290.8,,TJI Meat&Sea Food,Index,2.84,,1290.8,0.0,0.0,1
2026-02-19,,845356e1-5edd-49f5-947b-07e9299459cb,active,2026-02-19,PHCAP.BO,BUY,574.78,2026-02-19,BUY,574.78,,PH Capital,Capital Markets,5.48,PHCAP.BO,579.0,4.22,0.73,1
2026-02-19,,ae382e34-33aa-4839-8ecf-fde17efe9ee8,active,2026-02-19,RMDRIP.NS,BUY,119.15,2026-02-19,BUY,119.15,,R M Drip& Sprinklers Sys.,Farm&Heavy Constr Mach,8.58,RMDRIP.NS,120.33,1.18,0.99,1
2026-02-19,,c55d8889-60a8-4b93-9d73-14720572c2cc,active,2026-02-19,ASHOKLEY.NS,BUY,205.44,2026-02-19,BUY,205.44,,Ashok Leyland,Farm&Heavy Constr Mach,4.49,ASHOKLEY.NS,208.85,3.41,1.66,1
2026-02-19,,a4b30b89-5b30-4a30-8bb5-4526189bcb55,active,2026-02-19,APEX.NS,BUY,444.12,2026-02-19,BUY,444.12,,Apex Frozen Foods,Farm Products,3.18,APEX.NS,437.55,-6.57,-1.48,1
2026-02-19,,11bb3c1d-55fd-4fb0-9ca5-48ff686e92a8,active,2026-02-19,AVANTIFEED.NS,BUY,1341.18,2026-02-19,BUY,1341.18,,Avanti Feeds,FMCG,3.51,AVANTIFEED.NS,1350.7,9.52,0.71,1
2026-02-19,,5060d74f-cdff-4aee-a715-a03ef3c3984c,active,2026-02-19,PFOCUS.NS,BUY,282.1,2026-02-19,BUY,282.1,,Prime Focus,Entertainment,4.07,PFOCUS.NS,259.22,-22.88,-8.11,1
2026-02-19,,70b11cdc-d600-4d5b-a874-6f5122ff36bd,active,2026-02-19,GLOBAL.NS,BUY,101.02,2026-02-19,BUY,101.02,,Global Edu.,Edu&Training Serv,3.56,GLOBAL.NS,107.0,5.98,5.92,1
2026-02-19,,5d9e63ef-1b1d-4daa-ad27-5821bba642f9,active,2026-02-19,SBIN.NS,BUY,1212.05,2026-02-19,BUY,1212.05,,State Bank of,Banks,4.5,SBIN.NS,1216.1,4.05,0.33,1
2026-02-19,,fec6f4a5-9560-4426-be64-1073a6081e59,active,2026-02-19,JPOLYINVST.NS,BUY,1277.72,2026-02-19,BUY,1277.72,,Jindal Poly Invest.& Fin. Co.,Capital Markets,3.17,JPOLYINVST.NS,1278.5,0.78,0.06,1
