﻿"Company name","SME Exchange","BSE Scirp Code","NSE Symbol","Listing Date","Migration Date","Issue Price (Rs)","Listing Day Close Price (Rs)","CMP (Rs)"
"Knowledge Marine & Engineering Works Limited","BSE","543273","KMEW","Mar 22, 2021","Nov 14, 2024","37","38.25","2250.65"
"A B Infrabuild Limited","NSE","","ABINFRA","Jul 12, 2019","Nov 08, 2024","29","29.15",""
"Affordable Robotic & Automation Limited","BSE","541402","AFFORDABLE","Jun 04, 2018","Oct 23, 2024","85","99.25","646.55"
"Taylormade Renewables Limited","BSE","541228","","Apr 06, 2018","Oct 03, 2024","35","37.80","351.60"
"Alacrity Securities Ltd","BSE","535916","","Aug 14, 2013","Oct 03, 2024","15","12.05","168.75"
"Indo US Bio-Tech Limited","BSE","541304","INDOUS","May 11, 2018","Sep 27, 2024","51","57.80","362.80"
"Reliable Data Services Limited","NSE","","RELIABLE","Oct 11, 2017","Jul 10, 2024","57","68.40","77.34"
"Money Masters Leasing & Finance Ltd","BSE","535910","","Aug 12, 2013","May 06, 2024","15","17.05","8.38"
"Rhetan TMT Limited","BSE","543590","","Sep 05, 2022","May 06, 2024","70","66.50","22.12"
"Tara Chand Logistic Solutions Ltd","NSE","","TARACHAND","Mar 23, 2018","Apr 16, 2024","11","49.05","76.25"
"V R Films & Studios Limited","BSE","542654","","Apr 30, 2019","Jan 25, 2024","61","60.00","28.03"
"Samor Reality Limited","BSE","543376","","Oct 13, 2021","Jan 05, 2024","62","62.45","79.42"
"VMV Holidays Ltd","BSE","539222","","Jul 14, 2015","Nov 21, 2023","10","10.50","3.88"
"Laxmi Goldorna House Ltd","NSE","","LGHL","Apr 16, 2020","Nov 10, 2023","15","15.00","507.55"
"SecMark Consultancy Limited","BSE","543234","SECMARK","Oct 01, 2020","Oct 16, 2023","135","127.30","124.75"
"Thejo Engineering Ltd","NSE","","THEJO","Sep 18, 2012","Oct 10, 2023","402","403.00","2202.85"
"Relicab Cable Manufacturing Ltd","BSE","539760","","Mar 22, 2016","Aug 24, 2023","20","20.35","91.40"
"Advait Infratech Limited","BSE","543230","","Sep 28, 2020","Jul 17, 2023","51","51.55","1675.80"
"Aartech Solonics Limited","BSE","542580","AARTECH","Mar 27, 2019","Jul 10, 2023","17","34.60","79.56"
"Uravi T and Wedge Lamps Ltd","NSE","","URAVI","Mar 28, 2018","Jul 05, 2023","100","102.25",""
"Gensol Engineering Limited","BSE","542851","GENSOL","Oct 15, 2019","Jul 03, 2023","83","86.25","773.00"
"Ashoka Metcast Limited","BSE","540923","ASHOKAMET","Feb 05, 2018","Jun 27, 2023","20","16.00","23.93"
"M K Proteins Limited","NSE","","MKPL","Apr 18, 2017","Jun 13, 2023","7","72.00",""
"Captain Pipes Ltd","BSE","538817","","Dec 11, 2014","Jun 12, 2023","40","39.85","15.99"
"Sprayking Agro Equipment Ltd","BSE","540079","","Sep 14, 2016","Jun 12, 2023","21","21.80","11.68"
"Sigma Solve Limited","NSE","","SIGMA","Oct 19, 2020","Jun 09, 2023","45","45.10","361.10"
"Pavna Industries Limited","NSE","","PAVNAIND","Mar 09, 2021","Jun 01, 2023","165","165.50",""
"Latteys Industries Limited","NSE","","LATTEYS","Jun 05, 2018","May 23, 2023","13","66.20",""
"Deccan Health Care Limited","BSE","542248","","Dec 31, 2018","May 18, 2023","100","113.40","30.07"
"Power & Instrumentation (Gujarat) Limited","NSE","","PIGL","Apr 23, 2018","May 17, 2023","33","34.90",""
"AVG Logistics Limited","NSE","","AVG","Apr 11, 2018","May 12, 2023","107","118.55","407.20"
"Atal Realtech Ltd","NSE","","ATALREAL","Oct 15, 2020","May 12, 2023","14","66.70",""
"Atam Valves Ltd","BSE","543236","ATAM","Oct 06, 2020","May 10, 2023","40","39.05","140.68"
"Anisha Impex Ltd","BSE","537785","RACE","Mar 18, 2014","May 09, 2023","10","14.35","356.65"
"U. H. Zaveri Limited","BSE","541338","","May 22, 2018","May 04, 2023","36","25.65","16.90"
"Shree Vasu Logistics Limited","NSE","","SVLL","Jun 04, 2018","Apr 21, 2023","45","48.50",""
"Naysaa Securities Ltd","BSE","538668","","Sep 25, 2014","Apr 11, 2023","15","14.65","739.60"
"Anuroop Packaging Ltd","BSE","542865","","Nov 21, 2019","Apr 11, 2023","13","13.91","31.74"
"Lorenzini Apparels Limited","BSE","540952","LAL","Feb 15, 2018","Apr 10, 2023","1","9.25","24.38"
"AKI India Limited","BSE","542020","AKI","Oct 12, 2018","Apr 06, 2023","2","11.55","15.30"
"Lexus Granito (India) Ltd","NSE","","LEXUS","Aug 23, 2017","Mar 13, 2023","45","54.00","43.17"
"ShreeOswal Seeds & Chemicals Limited","NSE","","OSWALSEEDS","Jun 20, 2018","Feb 28, 2023","5","27.00",""
"Nintec Systems Ltd","BSE","539843","NINSYS","Apr 18, 2016","Feb 21, 2023","10","11.40","604.05"
"Bodhi Tree Multimedia Ltd","NSE","","BTML","Oct 21, 2020","Feb 15, 2023","10","95.80","11.37"
"Suratwwala Business Group Ltd","BSE","543218","","Aug 13, 2020","Feb 10, 2023","15","16.22","135.25"
"MRC Exim Limited","BSE","540809","","Dec 18, 2017","Jan 18, 2023","15","12.50","15.77"
"Manomay Tex India Ltd","BSE","540396","MANOMAY","Mar 28, 2017","Jan 18, 2023","30","31.95","196.79"
"Nupur Recyclers Limited","NSE","","NRL","Dec 23, 2021","Jan 12, 2023","60","77.70",""
"Gian Life Care Limited","BSE","542918","","Jan 13, 2020","Jan 10, 2023","22","22.00","19.66"
"Sky Gold Limited","BSE","541967","SKYGOLD","Oct 04, 2018","Jan 06, 2023","180","180.45","4435.30"
"Sarveshwar Foods Ltd","NSE","","SARVESHWAR","Mar 15, 2018","Dec 08, 2022","8","70.55","10.59"
"RO Jewels Ltd","BSE","543171","","Mar 25, 2020","Dec 08, 2022","36","36.00","3.46"
"DJ Mediaprint & Logistics Ltd","BSE","543193","DJML","Apr 13, 2020","Dec 05, 2022","20","20.80","179.79"
"Osia Hyper Retail Limited","NSE","","OSIAHYPER","Apr 05, 2019","Dec 01, 2022","25","267.60",""
"AAA Technologies Limited","NSE","","AAATECH","Oct 13, 2020","Nov 28, 2022","42","43.60","113.56"
"GCM Securities Ltd","BSE","535431","","Apr 05, 2013","Nov 28, 2022","2","68.25","1.16"
"Vinny Overseas Limited","NSE","","VINNY","Oct 11, 2018","Nov 28, 2022","4","42.40",""
"B&B Triplewall Containers Limited","NSE","","BBTCL","Oct 15, 2018","Nov 23, 2022","36","39.50","216.08"
"Sheetal Cool Products Ltd","BSE","540757","SCPL","Oct 30, 2017","Nov 22, 2022","80","86.60","335.95"
"IFL Enterprises Ltd","BSE","540377","","Mar 21, 2017","Nov 22, 2022","20","20.05","1.00"
"HindPrakash Industries Ltd","NSE","","HPIL","Jan 27, 2020","Nov 07, 2022","40","41.30","152.12"
"Advitiya Trade India Limited","BSE","541152","GOYALALUM","Mar 26, 2018","Nov 04, 2022","2","15.76","10.72"
"Ace Integrated Solutions Ltd","NSE","","ACEINTEG","Jul 13, 2017","Nov 04, 2022","40","39.55","32.52"
"Bohra Industries Limited","NSE","","BOHRA","Apr 05, 2017","Oct 27, 2022","55","57.85",""
"Narmada Agrobase Limited","NSE","","NARMADA","Apr 19, 2018","Oct 27, 2022","32","31.90","15.81"
"DC Infotech and Communication Ltd","NSE","","DCI","Dec 27, 2019","Oct 19, 2022","45","45.20","342.05"
"SecUR Credentials Ltd","NSE","","SECURCRED","Nov 13, 2017","Oct 17, 2022","205","198.60",""
"Bonlon Industries Ltd","BSE","543211","","Jul 13, 2020","Sep 23, 2022","28","21.50","34.52"
"Ksolves India Ltd","NSE","","KSOLVES","Jul 06, 2020","Sep 23, 2022","100","106.90","1033.30"
"Fourth Dimension Solutions Ltd","NSE","","FOURTHDIM","Jan 22, 2016","Sep 22, 2022","30","36.00",""
"Universal Autofoundry Limited","BSE","539314","","Sep 04, 2015","Sep 09, 2022","15","16.00","131.10"
"Vidli Restaurants Ltd","BSE","539659","","Feb 15, 2016","Aug 23, 2022","10","12.00","75.98"
"Kshitij Polyline Limited","NSE","","KSHITIJPOL","Oct 08, 2018","Jul 27, 2022","7","35.95","4.91"
"Kenvi Jewels Limited","BSE","540953","","Feb 16, 2018","Jul 25, 2022","36","39.10","4.86"
"Active Clothing Co Ltd","BSE","541144","","Mar 26, 2018","Jul 15, 2022","65","65.65","109.25"
"A-1 Acid Limited","BSE","542012","","Oct 10, 2018","Jul 07, 2022","60","61.25","383.90"
"EKI Energy Services Limited","BSE","543284","","Apr 07, 2021","Jul 04, 2022","102","147.00","300.20"
"Dolfin Rubbers Limited","BSE","542013","","Oct 10, 2018","Jul 01, 2022","26","27.05","224.50"
"Axita Cotton Limited","BSE","542285","","Jan 10, 2019","Jun 21, 2022","60","62.10","11.93"
"Surevin BPO Services Ltd","NSE","","WEWIN","Aug 09, 2017","Jun 15, 2022","40","40.20","90.22"
"Kwality Pharmaceuticals Ltd","BSE","539997","","Jul 18, 2016","Jun 13, 2022","45","44.50","838.60"
"Medico Remedies Ltd","BSE","540937","MEDICO","Feb 08, 2018","May 26, 2022","20","97.15","50.15"
"Rajnish Wellness Limited","BSE","541601","","Jul 09, 2018","May 25, 2022","95","100.15","1.69"
"Akshar Spintex Limited","BSE","541303","AKSHAR","May 11, 2018","May 23, 2022","4","38.00","0.75"
"Veeram Infra Engineering Limited Limited (VIEL)","BSE","542046","","Oct 23, 2018","May 20, 2022","51","51.25","6.32"
"Silver Touch Technologies Ltd","NSE","","SILVERTUC","Dec 01, 2017","May 12, 2022","121","122.00","676.55"
"Chemcrux Enterprises Ltd","BSE","540395","","Mar 28, 2017","May 05, 2022","18","21.60","178.60"
"Parshva Enterprises Limited","BSE","542694","","Jul 01, 2019","May 04, 2022","45","46.00","180.25"
"Kritika Wires Limited","NSE","","KRITIKA","Oct 10, 2018","May 04, 2022","6","33.70",""
"Yogya Enterprises Ltd","BSE","539097","","Apr 15, 2015","Apr 26, 2022","3","14.25","10.32"
"Vaxtex Cotfab Limited","NSE","","VCL","Jan 13, 2020","Apr 19, 2022","2","24.80",""
"Ritco Logistics Limited","BSE","542383","RITCO","Feb 07, 2019","Apr 12, 2022","73","73.55","418.75"
"E2E Networks Limited","NSE","","E2E","May 15, 2018","Apr 12, 2022","57","89.00",""
"Garv Industries Limited","BSE","541276","HARDWYN","Apr 25, 2018","Apr 12, 2022","1","10.00","31.44"
"Avon Moldplast Limited","NSE","","AVROIND","Jul 26, 2018","Apr 07, 2022","51","51.65",""
"Sonam Clock Limited","NSE","","SONAMLTD","Jun 14, 2018","Apr 07, 2022","18","36.95",""
"Orissa Bengal Carrier Limited","BSE","541206","OBCL","Apr 05, 2018","Apr 07, 2022","30","33.45","57.51"
"Galactico Corporate Services Ltd","BSE","542802","","Oct 09, 2019","Apr 07, 2022","23","23.05","3.56"
"Debock Sales and Marketing Ltd","NSE","","DIL","Jun 05, 2018","Mar 31, 2022","20","20.35",""
"MITCON Consultancy & Engineering Services Ltd","NSE","","MITCON","Nov 01, 2013","Mar 17, 2022","61","51.10","117.81"
"1 of 4 Next Last"