Symbol,Company,YFindustry,Industry
TJI_BK,TJI Bank,Index,Index
TJI_psuBK,TJI PSU Bank,Index,Index
TJI_pvtBK,TJI Pvt Bank,Index,Index
TJI_Hsg Fn,TJI HSG FN,Index,Index
TJI_INSR,TJI Insurance,Index,Index
TJI_LFINSR,TJI Life Insurance,Index,Index
TJI_GenINSR,TJI Gen Insurance,Index,Index
TJI_ASMGMT,TJI Asset Mgmt,Index,Index
TJI_CapMk,TJI Capital Mkt,Index,Index
TJI_RTGAGY,TJI Rating Agency,Index,Index
TJI_Jewl,TJI Jewellery,Index,Index
TJI_BVRG,TJI Beverages,Index,Index
TJI_Tobac,TJI Tobacco,Index,Index
TJI_Alcoh,TJI Alcohol,Index,Index
TJI_FMCG,TJI FMCG,Index,Index
TJI_Pkg,TJI Pakag,Index,Index
TJI_MSF,TJI Meat&Sea Food,Index,Index
TJI_QSR,TJI QSR,Index,Index
TJI_RTLCH,TJI Retail Chains,Index,Index
TJI_INNWR,TJI Innerwear,Index,Index
TJI_Lethr,TJI leather,Index,Index
TJI_MDENT,TJI Media&Enter,Index,Index
TJI_HOTL,TJI Hotels,Index,Index
TJI_AVTN,TJI Aviation,Index,Index
TJI_IT,TJI IT,Index,Index
TJI_LGTS,TJI Logistic,Index,Index
TJI_comEQP,TJI Comm Equip,Index,Index
TJI_TELC,TJI Telecom,Index,Index
TJI_ELAPP,TJI Electric App,Index,Index
TJI_CMNT,TJI Cement,Index,Index
TJI_RLEST,TJI Real Estate,Index,Index
TJI_PLY,TJI Plywood,Index,Index
TJI_TLS,TJI Tiles,Index,Index
TJI_PWR,TJI Power,Index,Index
TJI_INFRA,TJI INFRA,Index,Index
TJI_Transf,TJI Transformer,Index,Index
TJI_PNT,TJI Paint,Index,Index
TJI_cOIL,TJI Crude Oil,Index,Index
TJI_oREF,TJI Oil Refiners,Index,Index
TJI_FERT,TJI Fertilizer,Index,Index
TJI_cGAS,TJI City Gas,Index,Index
TJI_agCHE,TJI AgroChemical,Index,Index
TJI_alkCHE,TJI Alkali Chemicals,Index,Index
TJI_DyesPig,TJI Dyes&Pigments,Index,Index
TJI_Spl_CHEM,TJI Spl Chemicals,Index,Index
TJI_HOSP,TJI Hospitals,Index,Index
TJI_DIAGC,TJI Diagno Chains,Index,Index
TJI_PHARM,TJI Pharma,Index,Index
TJI_ApiCram,TJI Api Crams,Index,Index
TJI_Metal,TJI Metal,Index,Index
TJI_Refac,TJI Refract,Index,Index
TJI_Pipe,TJI Pipes,Index,Index
TJI_mPIP,TJI Metal Pipes,Index,Index
TJI_pPIP,TJI Plastic Pipes,Index,Index
TJI_Railw,TJI Railways,Index,Index
TJI_Cable,TJI Cables,Index,Index
TJI_autoOem,TJI Auto OEM,Index,Index
TJI_AutoAnc,TJI AutoAnc,Index,Index
TJI_BRG,TJI Bearing,Index,Index
TJI_Abars,TJI Abrasives,Index,Index
TJI_Pumps,TJI Pumps,Index,Index
TJI_TYR,TJI Tyre,Index,Index
TJI_DryC,TJI Dry Cell,Index,Index
TJI_Defence,TJI Defence,Index,Index
TJI_shipB,TJI Ship Building,Index,Index
TJI_ports,TJI Ports,Index,Index
TJI_PAer,TJI Paper&Board,Index,Index
TJI_SUG,TJI Sugar,Index,Index
TJI_TEX,TJI Textile,Index,Index
TJI_DATAC,TJI DATACTR,Index,Index
TJI_EThNOL,TJI Ethanol,Index,Index
TJI_TeaCof,TJI TeaCoffee,Index,Index
TJI_Solar,TJI Solar,Index,Index
TJI_SemiCond,TJI SemiConductor,Index,Index
TJI_Wastemgmt,TJI Waste Mgmt,Index,Index
TJI_Prefab,TJI Prefab,Index,Index