Scrip Code,COMPANY,ISIN No.,Close Price
542772,360 ONE WAM Ltd,INE466L01038,708
523395,3M India Ltd,INE470A01017,35096.6
524348,Aarti Drugs Ltd,INE767A01016,493.7
524208,Aarti Industries Ltd.,INE769A01020,639.15
541988,AAVAS Financiers Ltd,INE216P01012,1502.35
500002,ABB India Ltd,INE117A01022,4645.1
500488,Abbott India Ltd,INE358A01014,22619.9
500410,ACC Ltd,INE012A01025,2170.75
539254,Adani Energy Solutions Ltd,INE931S01010,1024.55
512599,Adani Enterprises Ltd,INE423A01024,2812.5
541450,Adani Green Energy Ltd,INE364U01010,1561.5
532921,Adani Ports and Special Economic Zone,INE742F01042,1017.05
533096,Adani Power Ltd,INE814H01011,521.25
542066,Adani Total Gas Limited,INE399L01023,980.05
543458,Adani Wilmar Ltd,INE699H01024,354.25
540691,Aditya Birla Capital Ltd,INE674K01013,161.7
535755,Aditya Birla Fashion and Retail Ltd,INE647O01011,220
543374,Aditya Birla Sun Life AMC LTd,INE404A01024,471.75
500003,Aegis Logistics Ltd,INE208C01025,351
543534,Aether Industries Ltd,INE0BWX01014,878.55
542752,Affle (India) Ltd,INE00WC01027,1252.45
532683,AIA Engineering Ltd,INE212H01026,3681.6
532331,Ajanta Pharma Ltd,INE031B01049,1992.4
500710,Akzo Nobel India Ltd,INE133A01011,2581.4
533573,Alembic Pharmaceuticals Ltd,INE901L01018,756.85
539523,Alkem Laboratories Ltd,INE540L01014,5126.05
506767,Alkyl Amines Chemicals Ltd,INE150B01039,2440.35
521070,Alok Industries Ltd,INE270A01029,21.24
500008,Amara Raja Energy & Mobility Ltd,INE885A01032,819.9
540902,Amber Enterprises India Ltd,INE371P01015,3104.55
500425,Ambuja Cements Ltd,INE079A01024,514.25
543235,Angel One Limited,INE732I01013,3418.65
543275,Anupam Rasayan India Ltd,INE930P01018,1018.9
532259,Apar Industries Ltd,INE372A01015,6004.6
533758,APL Apollo Tubes Ltd,INE702C01027,1543.5
508869,Apollo Hospitals Enterprise Ltd,INE437A01024,5759.95
500877,Apollo Tyres Ltd,INE438A01022,439.25
543335,Aptus Value Housing Finance India Ltd,INE852O01025,320.05
543657,Archean Chemical Industries Ltd,INE128X01021,650.95
515030,Asahi India Glass Ltd,INE439A01020,567.7
500477,Ashok Leyland Ltd,INE208A01029,175.2
500820,Asian Paints Ltd,INE021A01026,3395.15
540975,Aster DM Healthcare Ltd,INE914M01019,404.2
532830,ASTRAL LIMITED,INE006I01046,1890.4
506820,AstraZeneca Pharm India,INE203A01020,5598.45
500027,Atul Ltd.,INE100A01010,7071.5
540611,AU Small Finance Bank Ltd,INE949L01017,789
524804,Aurobindo Pharma Ltd,INE406A01037,1089.4
512573,Avanti Feeds Ltd,INE871C01038,401.65
540376,Avenue Supermarts Ltd,INE192R01011,4045.15
532215,Axis Bank Ltd,INE238A01034,1108
532977,Bajaj Auto Ltd,INE917I01010,6699.9
500034,Bajaj Finance Ltd,INE296A01024,7257.7
532978,Bajaj Finserv Ltd,INE918I01026,1680.15
500490,Bajaj Holdings and Investment Ltd,INE118A01012,7721.7
530999,Balaji Amines Ltd,INE050E01027,2606.65
502355,Balkrishna Industries Ltd,INE787D01026,2521.5
500038,Balrampur Chini Mills Ltd,INE119A01028,401.2
541153,Bandhan Bank Ltd,INE545U01014,239.25
532134,Bank of Baroda,INE028A01039,233
532149,Bank of India,INE084A01016,113.4
532525,Bank Of Maharashtra,INE457A01014,45.37
500042,BASF India Limited,INE373A01013,3074
500043,Bata India Ltimited,INE176A01028,1638.8
506285,Bayer CropScience Ltd/India,INE462A01022,5557.5
509480,Berger Paints India Ltd,INE463A01038,595.8
541143,Bharat Dynamics Ltd,INE171Z01018,1698.6
500049,Bharat Electronics Ltd,INE263A01024,182.7
500493,Bharat Forge Ltd,INE465A01025,1245.25
500103,Bharat Heavy Electricals Ltd,INE257A01026,192.6
500547,Bharat Petroleum Corp Ltd,INE029A01011,466.05
532454,Bharti Airtel Ltd,INE397D01024,1037.4
543653,Bikaji Foods International Ltd,INE00E101023,558.25
532523,Biocon Ltd,INE376G01013,247.35
500335,Birla Corp Ltd,INE340A01012,1439.75
532400,Birlasoft Ltd,INE836A01035,720.55
540073,BLS International Services Ltd,INE153T01027,330.75
526612,Blue Dart Express Ltd,INE233B01017,7268.5
500067,Blue Star Ltd,INE472A01039,948
501425,Bombay Burmah Trading Corp Ltd.,INE050A01025,1511.15
502219,Borosil Renewables Ltd,INE666D01022,433.65
500530,Bosch Ltd,INE323A01026,22065.25
532929,Brigade Enterprises Ltd,INE791I01019,898.55
500825,Britannia Industries Ltd.,INE216A01030,5261.1
543425,C.E. Info Systems Ltd,INE0BV301023,1964.85
543523,Campus Activewear Ltd,INE278Y01022,277.8
511196,Can Fin Homes Ltd,INE477A01020,776.45
532483,Canara Bank,INE476A01014,440.9
524742,Caplin Point Laboratories Ltd,INE475E01026,1374.6
531595,Capri Global Capital  LTD,INE180C01026,772.3
513375,Carborundum Universal Ltd,INE120A01034,1096.75
500870,Castrol India Ltd,INE172A01027,179.95
519600,CCL Products (India) Ltd.,INE421D01022,626.15
500878,CEAT Ltd,INE482A01020,2387.05
532885,Central Bank of India,INE483A01010,50.19
532548,Century Plyboards India Ltd,INE348B01021,770.95
500040,Century Textile & Industries Ltd,INE055A01016,1222.1
532443,Cera Sanitaryware Ltd,INE739E01017,7927.3
500084,CESC Ltd,INE486A01021,129.84
500093,CG Power and Industrial Solutions Ltd,INE067A01029,452.55
542399,Chalet Hotels Ltd,INE427F01016,678.15
500085,Chambal Fertilizers & Chemicals Ltd,INE085A01013,381.6
543336,Chemplast Sanmar Ltd,INE488A01050,505.65
504973,Cholamandalam Financial Holdings Ltd,INE149A01033,1010.4
511243,Cholamandalam Investment & Finance Co. Ltd.,INE121A01024,1236.9
532756,CIE Automotive India Ltd,INE536H01010,476.4
500087,Cipla Ltd/India,INE059A01026,1260.4
532210,City Union Bank Ltd.,INE491A01021,148.85
543318,Clean Science and Technology Ltd,INE227W01023,1534.5
533278,Coal India Ltd,INE522F01014,380.85
540678,Cochin Shipyard Ltd,INE704P01017,1344.85
532541,Coforge Ltd,INE591G01017,6267.45
500830,Colgate-Palmolive India Ltd,INE259A01022,2530.15
543232,Computer Age Management Services Ltd,INE596I01012,2662.35
531344,Container Corp Of India,INE111A01025,856.7
506395,Coromandel International Ltd,INE169A01031,1239.3
543276,Craftsman Automation Ltd,INE00LO01017,5330.4
541770,CreditAccess Grameen Ltd,INE741K01010,1586.2
500092,CRISIL Ltd,INE007A01025,4269.95
539876,Crompton Greaves Consumer Electricals Ltd,INE299U01018,297.45
542867,CSB Bank Ltd,INE679A01013,400
500480,Cummins India Ltd,INE298A01020,1945.6
532175,Cyient Ltd,INE136B01020,2269.05
500096,Dabur India Ltd,INE016A01026,543.2
542216,Dalmia Bharat Ltd,INE00R701025,2291.75
543428,Data Patterns (India) Ltd,INE0IX101010,1881.85
523367,DCM Shriram Ltd,INE499A01024,1042.3
500645,Deepak Fertilisers & Petrochemicals Corp. Ltd.,INE501A01019,676.05
506401,Deepak Nitrite Limited,INE288B01029,2433.4
543529,Delhivery Limited,INE148O01028,384.6
532848,Delta Corp. Ltd.,INE124G01033,143.9
543330,Devyani International Ltd,INE872J01023,193.4
532488,Divi's Laboratories Ltd,INE361B01024,3938.55
540699,Dixon Technologies (India) Ltd,INE935N01020,6462.55
532868,DLF Ltd,INE271C01023,728.45
500124,Dr Reddy's Laboratories Ltd,INE089A01023,5848.2
539524,Dr. Lal PathLabs Ltd,INE600L01024,2562.35
543272,Easy Trip Planners Ltd,INE07O001026,38.79
532927,eClerx Services Ltd,INE738I01010,2636.55
505200,Eicher Motors Ltd,INE066A01021,4091.05
500125,EID Parry India Ltd,INE126A01031,569.35
500840,EIH Ltd,INE230A01023,243.1
522074,Elgi Equipments Ltd.,INE285A01027,529
531162,Emami Ltd,INE548C01032,531.8
540153,Endurance Technologies Ltd,INE913H01037,1868.65
532178,Engineers India Ltd,INE510A01028,172.7
500135,EPL Ltd,INE255A01020,197.3
543243,Equitas Small Finance Bank Ltd,INE063P01018,106.68
540596,Eris Lifesciences Ltd,INE406M01024,905.9
500133,Esab India Ltd,INE284A01012,5868.25
500495,Escorts Ltd,INE042A01014,2961.6
543482,Eureka Forbes Limited,INE0KCE01017,513.9
500086,Exide Industries Ltd,INE302A01020,308
531599,FDC Ltd,INE258B01022,393.5
500469,Federal Bank Ltd,INE171A01029,155.45
541557,Fine Organic Industries Ltd,INE686Y01026,5055.85
500144,Finolex Cables Ltd,INE235A01022,1058.5
500940,Finolex Industries Ltd,INE183A01024,208.05
532809,Firstsource Solutions Ltd,INE684F01012,184.95
543663,Five-Star Business Finance Ltd,INE128S01021,727.35
532843,Fortis Healthcare Ltd.,INE061F01013,405.35
543384,FSN E-Commerce Ventures Ltd,INE388Y01029,172.85
543317,G R Infraprojects Ltd,INE201P01022,1152.9
532155,Gail India Ltd,INE129A01019,157.1
540935,Galaxy Surfactants Ltd,INE600K01018,2721.55
509557,Garware Technical Fibres Ltd,INE276A01018,3380.05
540755,General Insurance Corporation of India,INE481Y01014,313.85
507815,Gillette India Ltd,INE322A01010,6546.3
543245,Gland Pharma Ltd,INE068V01023,1934.2
500660,GlaxoSmithKline Pharmaceuticals Ltd,INE159A01016,1848.65
532296,Glenmark Pharmaceuticals Ltd,INE935A01035,856.25
543654,Global Health Ltd,INE474Q01031,965.6
505255,GMM Pfaudler Limited,INE541A01023,1637.5
532754,GMR Airports Infrastructure Ltd,INE776C01039,76.3
500163,Godfrey Phillips India Ltd,INE260B01028,2089
540743,Godrej Agrovet Ltd,INE850D01014,544.9
532424,Godrej Consumer Products Ltd,INE102D01028,1113.8
500164,Godrej Industries Ltd,INE233A01035,704.9
533150,Godrej Properties Ltd,INE484J01027,1995.65
532482,Granules India Ltd,INE101D01020,394.85
509488,Graphite India Ltd.,INE371A01025,552.75
500300,Grasim Industries Ltd,INE047A01021,2138.55
500620,Great Eastern Shipping Co Ltd/The,INE017A01032,975.05
506076,Grindwell Norton Ltd,INE536A01023,2269
530001,Gujarat Alkalies & Chemicals Ltd.,INE186A01019,775.85
524226,Gujarat Ambuja Exports Ltd,INE036B01030,360.7
542812,Gujarat Fluorochemicals Ltd,INE09N301011,3639.65
539336,Gujarat Gas Ltd,INE844O01030,452.35
500670,Gujarat Narmada Valley Fertilizers and Chemicals Limited,INE113A01013,748.3
533248,Gujarat Pipavav Port Ltd,INE517F01014,150.5
500690,Gujarat State Fertilisers & Chemicals Ltd,INE026A01025,245.35
532702,Gujarat State Petronet Ltd,INE246F01010,308.9
543227,Happiest Minds Technologies Ltd,INE419U01012,897.2
531531,Hatsun Agro Products Ltd,INE473B01035,1098.8
517354,Havells India Ltd,INE176B01034,1366.35
532281,HCL Technologies Ltd,INE860A01027,1472.5
541729,HDFC Asset Management Company Ltd,INE127D01025,3215.9
500180,HDFC Bank Ltd,INE040A01034,1705.2
540777,HDFC Life Insurance Company Ltd,INE795G01014,648.05
509631,HEG Ltd,INE545A01016,1925.35
500182,Hero MotoCorp Ltd,INE158A01026,4174.1
500183,HFCL Ltd,INE548A01028,82.91
500440,Hindalco Industries Ltd,INE038A01020,614.55
541154,Hindustan Aeronautics Ltd,INE066F01020,2806.7
513599,Hindustan Copper,INE531E01026,270.4
500104,Hindustan Petroleum Corp Ltd,INE094A01015,417.8
500696,Hindustan Unilever Ltd,INE030A01027,2633.85
500188,Hindustan Zinc Ltd,INE267A01025,312.75
543187,Hitachi Energy India Ltd,INE07Y701011,5240.4
522215,HLE Glascoat Ltd,INE461D01028,541.4
543259,Home First Finance Company India Ltd,INE481N01025,942.1
517174,Honeywell Automation India Ltd,INE671A01010,36931.75
540530,Housing and Urban Development Corporation Ltd,INE031A01017,128.04
532174,ICICI Bank Ltd,INE090A01021,1005.4
540716,ICICI Lombard General Insurance Company Ltd,INE765G01017,1436.45
540133,ICICI Prudential Life Insurance Company Ltd,INE726G01019,529.7
541179,ICICI Securities Ltd,INE763G01038,720.4
500116,IDBI Bank Ltd,INE008A01015,66.25
539437,IDFC First Bank Ltd,INE092T01019,88.75
532659,IDFC Limited,INE043D01016,125.15
532636,IIFL Finance Ltd,INE530B01024,597.1
530005,India Cements Ltd,INE383A01012,257.55
535789,Indiabulls Housing Finance Limited,INE148I01020,220.35
542726,Indiamart Intermesh Limited,INE933S01016,2795.6
532814,Indian Bank,INE562A01011,422.3
540750,Indian Energy Exchange Ltd,INE022Q01020,161.5
500850,Indian Hotels Co Ltd,INE053A01029,434.25
530965,Indian Oil Corp Ltd,INE242A01010,133.3
532388,Indian Overseas Bank,INE565A01014,43.28
542830,Indian Railway Catering and Tourism Corporation Ltd,INE335Y01020,863.75
543257,Indian Railway Finance Corporation Limited,INE053F01010,96.45
543258,Indigo Paints Ltd,INE09VQ01012,1488.8
532514,Indraprastha Gas Ltd,INE203G01027,413.85
534816,Indus Towers Ltd,INE121J01017,185.85
532187,IndusInd Bank Ltd,INE095A01012,1610.2
539807,Infibeam Avenues Ltd,INE483S01020,21.64
532777,Info Edge (India) Ltd.,INE663F01024,5149.85
500209,Infosys Ltd,INE009A01021,1563
500210,Ingersoll-Rand (India) Ltd,INE177A01018,3108.4
538835,Intellect Design Arena Ltd.,INE306R01017,834.1
539448,InterGlobe Aviation Ltd,INE646L01027,2927.15
524494,Ipca Laboratories Ltd,INE571A01038,1096.9
532947,IRB Infrastructure Developers Ltd,INE821I01022,41.4
541956,IRCON International Ltd,INE962Y01021,169.15
500875,ITC Ltd,INE154A01025,464.2
523610,ITI Ltd,INE248A01017,301.1
506943,J.B.Chemicals & Pharmaceuticals Ltd.,INE572A01036,1600.4
532644,J.K. Cement Ltd.,INE823G01014,3773.45
520051,Jamna Auto Industries Ltd,INE039C01032,111
532605,JBM Auto Components Ltd,INE927D01044,1396.1
500378,Jindal SAW Ltd,INE324A01024,408.8
532508,Jindal Stainless Ltd.,INE220G01021,572.35
532286,Jindal Steel & Power Ltd,INE749A01030,736.65
531543,Jindal Worldwide Ltd.,INE247D01039,296.5
500380,JK Lakshmi Cement Ltd,INE786A01032,903
532162,JK Paper Ltd.,INE789E01012,410.2
523405,JM Financial Ltd,INE780C01023,97.94
533148,JSW Energy Ltd,INE121E01018,408
500228,JSW Steel Ltd,INE019A01038,880.4
533155,Jubilant FoodWorks Ltd,INE797F01020,570.05
543271,Jubilant Ingrevia Limited,INE0BY001018,507.7
530019,Jubilant Pharmova Sciences Ltd,INE700A01033,540.9
533272,Jupiter Wagons Ltd,INE209L01016,316.9
535648,Just Dial Ltd,INE599M01018,790.7
532926,Jyothy Labs Ltd,INE668F01031,479.4
500233,Kajaria Ceramics Ltd.,INE217B01036,1324.85
522287,Kalpataru Projects International Ltd,INE220B01022,658.7
543278,Kalyan Jewellers India Ltd,INE303R01014,345.4
532468,Kama Holdings Ltd.,INE411F01010,2759.4
500165,Kansai Nerolac Paints Ltd.,INE531A01024,333.5
543664,Kaynes Technology India Ltd,INE918Z01012,2597.2
532714,KEC International Ltd/India,INE389H01022,590.95
517569,KEI Industries Ltd,INE878B01027,3288.45
540680,KIOCL Ltd,INE880L01014,374.75
532942,KNR Constructions Ltd,INE634I01029,257.8
500247,Kotak Mahindra Bank Ltd,INE237A01028,1919.9
542651,KPIT Technologies Ltd,INE04I401011,1505.9
532889,KPR Mill Ltd,INE930H01031,824.9
530813,KRBL Ltd,INE001B01026,360.3
543308,Krishna Institute of Medical Sciences Ltd,INE967H01017,1999.3
500249,KSB Ltd,INE999A01015,3488
533519,L&T Finance Holdings Ltd,INE498L01015,162.15
540115,L&T Technology Services Ltd,INE010V01017,5177.7
526947,La Opala Rg Ltd.,INE059D01020,376.6
500252,Lakshmi Machine Works Ltd,INE269B01029,13266.1
500510,Larsen & Toubro Ltd,INE018A01030,3518.05
543398,Latent View Analytics Ltd,INE0I7C01011,451.9
540222,Laurus Labs Ltd,INE947Q01028,426.65
543277,Laxmi Organic Industries Ltd,INE576O01020,290.9
541233,Lemon Tree Hotels Ltd,INE970X01018,119.5
500253,LIC Housing Finance Ltd,INE115A01026,527.05
543526,Life Insurance Corporation of India,INE0J1Y01017,826.8
523457,Linde India Ltd,INE473A01011,5720.45
512455,Lloyds Metals & Energy Ltd.,INE281B01032,602.2
540005,LTIMindtree Ltd,INE214T01019,6251.4
500257,Lupin Ltd,INE326A01037,1339.3
543287,Macrotech Developers Ltd,INE670K01029,987.7
539957,Mahanagar Gas Ltd,INE002S01010,1197.25
500266,Maharashtra Scooters Ltd.,INE288A01013,7443.8
532720,Mahindra & Mahindra Financial Services Ltd,INE774D01024,273.95
500520,Mahindra & Mahindra Ltd,INE101A01026,1734.6
533088,Mahindra Holidays & Resorts India Ltd,INE998I01010,375.05
532313,Mahindra Lifespace Developers Ltd,INE813A01018,539.95
531213,Manappuram Finance Ltd,INE522D01027,172.5
500109,Mangalore Refinery & Petrochemicals Ltd,INE103A01014,133.15
543904,Mankind Pharma Ltd,INE634S01028,1994.7
531642,Marico Ltd,INE196A01026,546.15
532500,Maruti Suzuki India Ltd,INE585B01010,10273.15
540749,MAS Financial Services Ltd,INE348L01012,840.15
523704,Mastek Ltd,INE759A01021,2795.1
500271,Max Financial Services Ltd,INE180A01020,949.9
543220,Max Healthcare Institute Ltd,INE027H01010,685.3
543237,Mazagon Dock Shipbuilders Ltd,INE249Z01012,2284.6
543427,Medplus Health Services Ltd,INE804L01022,744.8
543426,Metro Brands Ltd,INE317I01021,1251.45
542650,Metropolis Healthcare Ltd,INE112L01020,1667.25
538962,Minda Corporation Ltd,INE842C01021,378.65
541195,Mishra Dhatu Nigam Ltd,INE099Z01011,423.7
513377,MMTC LTD,INE123F01029,59.39
543498,Motherson Sumi Wiring India Ltd,INE0FS801015,61.12
532892,Motilal Oswal Financial Services Ltd,INE338I01027,1216.45
526299,MphasiS Ltd,INE356A01018,2726.65
500290,MRF Ltd,INE883A01011,125781.7
534091,Multi Commodity Exchange of India Limited,INE745G01035,3183.95
533398,Muthoot Finance Ltd,INE414G01012,1491.1
539551,Narayana Hrudayalaya Ltd,INE410P01011,1198.75
524816,Natco Pharma Ltd,INE987B01026,802.75
532234,National Aluminium Co Ltd,INE139A01034,128.96
532504,Navin Fluorine International Ltd.,INE048G01026,3837.55
534309,NBCC (India) Ltd,INE095N01031,82.85
500294,NCC Ltd/India,INE868B01028,167
505355,Nesco Ltd.,INE317F01035,892.85
500790,Nestle India Ltd,INE239A01016,26240.65
532798,Network 18 Media & Investments Ltd,INE870H01013,88.13
533098,NHPC Ltd,INE848E01016,64.99
540767,Nippon Life India Asset Management Ltd,INE298J01013,434.3
513683,NLC India Ltd,INE589A01014,251.35
526371,NMDC Ltd,INE584A01023,207.2
543768,NMDC Steel Ltd,INE0NNS01018,50.62
532555,NTPC Ltd,INE733E01010,314.15
543334,Nuvoco Vistas Corporation Ltd,INE118D01016,383.9
533273,Oberoi Realty Ltd,INE093I01010,1441.9
500312,Oil & Natural Gas Corp Ltd,INE213A01029,208.3
533106,Oil India Ltd,INE274J01014,382.7
543396,One 97 Communications Ltd,INE982J01020,633.95
532466,Oracle Financial Services Software Ltd,INE881D01027,4197.75
541301,Orient Electric Ltd,INE142Z01019,225.35
532827,Page Industries Ltd,INE761H01022,38541.55
500368,Patanjali Foods Limited,INE619A01035,1555.65
543390,PB Fintech Ltd,INE417T01026,784.5
506590,PCBL Ltd,INE602A01031,252.95
533179,Persistent Systems Ltd,INE262H01013,7520.5
532522,Petronet LNG Ltd,INE347G01014,222.35
500680,Pfizer Ltd (India),INE182A01018,4265
503100,Phoenix Mills Ltd,INE211B01039,2245.7
523642,PI Industries Ltd,INE603J01030,3482.95
500331,Pidilite Industries Ltd,INE318A01026,2708.55
500302,Piramal Enterprises Ltd,INE140A01024,915.5
543635,Piramal Pharma Ltd,INE0DK501011,138.2
540173,PNB Housing Finance Ltd,INE572E01012,777.35
539150,PNC Infratech Ltd,INE195J01029,347.75
531768,Poly Medicure Ltd,INE205C01021,1499.7
542652,Polycab India Ltd,INE455K01017,5456.85
524000,Poonawalla Fincorp Ltd,INE511C01022,430.15
532810,Power Finance Corp Ltd,INE134E01011,385.1
532898,Power Grid Corp of India Ltd,INE752E01010,238.7
522205,Praj Industries Ltd,INE074A01025,552.55
533274,Prestige Estates Projects Ltd,INE811K01011,1150.55
542907,Prince Pipes and Fittings Ltd,INE689W01016,739.4
500338,Prism Johnson Ltd,INE010A01011,181.15
530117,Privi Speciality Chemicals Ltd,INE959A01019,1231.65
500126,Procter & Gamble Health Limited,INE199A01012,4935.15
500459,Procter & Gamble Hygiene & Health Care Ltd,INE179A01014,17135.1
533295,Punjab & Sind Bank,INE608A01012,43.25
532461,Punjab National Bank,INE160A01022,95.63
532689,PVR INOX Ltd,INE191H01014,1654.45
539978,Quess Corp Ltd,INE615P01015,523.15
532497,Radico Khaitan Ltd,INE944F01028,1651.75
542649,Rail Vikas Nigam Ltd,INE415G01027,177.45
500339,Rain Industries Limited,INE855B01025,151.2
543524,Rainbow Children's Medicare Ltd,INE961O01016,1194.2
531500,Rajesh Exports Ltd,INE343B01030,364.25
500260,Ramco Cements Ltd,INE331A01037,1016.05
524230,Rashtriya Chemicals & Fertilizers Ltd.,INE027A01015,159.3
520111,Ratnamani Metals & Tubes Ltd,INE703B01027,3382.2
500330,Raymond Ltd.,INE301A01014,1703.35
540065,RBL Bank Ltd,INE976G01028,268.95
532955,REC Ltd,INE020B01018,410.3
532805,Redington Ltd,INE891D01026,177.9
530517,Relaxo Footwears Ltd,INE131B01039,895.25
500325,Reliance Industries Ltd,INE002A01018,2605.8
543248,Restaurant Brands Asia Ltd,INE07T201019,111.25
534076,Rhi Magnesita India Ltd,INE743M01012,785.65
541556,RITES Ltd,INE320J01015,495.95
543213,Rossari Biotech Ltd,INE02A801020,802.4
543228,Route Mobile Ltd,INE450U01017,1587.15
517334,Samvardhana Motherson International Ltd,INE775A01035,97.6
500674,Sanofi India Ltd,INE058A01010,7999.8
543397,Sapphire Food India Ltd,INE806T01012,1409.8
543066,SBI Cards and Payment Services Limited,INE018E01016,760.65
540719,SBI Life Insurance Company Ltd,INE123W01016,1435.2
505790,Schaeffler India Ltd,INE513A01022,3207.55
540203,Sheela Foam Ltd,INE916U01025,1249.35
532638,Shoppers Stop Ltd,INE498B01024,680.35
500387,Shree Cement Ltd,INE070A01015,28581.1
532670,Shree Renuka Sugars Ltd,INE087H01022,46.35
511218,Shriram Finance Ltd,INE721A01013,2046.1
543299,Shyam Metalics and Energy Ltd,INE810G01011,625.8
500550,Siemens India Ltd,INE003A01024,3965.8
540673,SIS Limited,INE285J01028,456.05
533206,SJVN Ltd,INE002L01015,91.32
500472,SKF India Ltd,INE640A01023,4558.45
532784,Sobha Limited,INE671H01015,1002.75
532725,Solar Industries India Ltd,INE343H01029,6796.05
543300,Sona BLW Precision Forgings Ltd,INE073K01018,632.8
532221,Sonata Software Ltd,INE269A01021,728.05
503806,SRF Ltd,INE647A01010,2465.5
540575,Star Cement Ltd,INE460H01021,174.35
543412,Star Health and Allied Insurance Company Ltd,INE575P01011,540.7
500112,State Bank of India,INE062A01020,651.1
500113,Steel Authority of India Ltd,INE114A01011,122.92
542760,Sterling and Wilson Renewable Energy Ltd,INE00M201021,433.45
532374,Sterlite Technologies Ltd.,INE089C01029,143.05
542920,Sumitomo Chemical India Ltd,INE258G01013,404.85
532872,Sun Pharma Advanced Research Co Ltd,INE232I01014,271
524715,Sun Pharmaceutical Industries Ltd,INE044A01036,1262
532733,Sun TV Network Ltd,INE424H01027,715.25
500403,Sundaram Fastners,INE387A01021,1238.95
512179,Sunteck Realty Ltd,INE805D01034,438
509930,Supreme Industries,INE195A01028,4495.9
500405,Supreme Petrochem Ltd.,INE663A01033,558.2
543064,Suven Pharmaceuticals Limited,INE03QK01018,696.95
532667,Suzlon Energy Ltd,INE040H01021,38.19
503310,Swan Energy Ltd.,INE665A01038,513.45
517385,Symphony Ltd,INE225D01027,876.15
539268,Syngene International Ltd,INE398R01022,700.05
543596,Tamilnad Mercantile Bank Ltd,INE668A01016,505.3
532790,Tanla Platforms Ltd,INE483C01032,1098.85
500770,Tata Chemicals Ltd,INE092A01019,1086.35
532301,Tata Coffee Ltd.,INE493A01027,308.15
500483,Tata Communications Ltd,INE151A01013,1809.4
532540,Tata Consultancy Services Ltd,INE467B01029,3801.05
500800,Tata Consumer Products Ltd,INE192A01025,1042.1
500408,Tata Elxsi Ltd,INE670A01012,8754.85
501301,Tata Investment Corp Ltd,INE672A01018,4244.6
500570,Tata Motors Ltd,INE155A01022,754.2
570001,Tata Motors Ltd DVR,IN9155A01020,506.1
500400,Tata Power Co Ltd,INE245A01021,329.6
500470,Tata Steel Ltd,INE081A01020,138.15
532371,Tata Teleservices Maharashtra Ltd,INE517B01013,91.08
540212,TCI Express Ltd,INE586V01016,1359.1
532755,Tech Mahindra Ltd,INE669C01036,1286.15
540595,Tejas Networks Ltd,INE010J01012,862.4
540769,The New India Assurance Company Ltd,INE470Y01017,213.35
500411,Thermax Ltd,INE152A01029,3091.05
522113,Timken India Ltd.,INE325A01013,3240.2
500114,Titan Co Ltd,INE280A01028,3716.45
500420,Torrent Pharmaceuticals Ltd,INE685A01028,2257.85
532779,Torrent Power Ltd,INE813H01021,919.5
500251,Trent Ltd.,INE849A01020,3023.7
521064,Trident Ltd.,INE064C01022,35.9
533655,Triveni Turbine Limited,INE152M01016,422.25
517506,TTK Prestige Ltd,INE690A01028,741
540762,Tube Investments Of India,INE974X01010,3539.7
532800,TV18 Broadcast Ltd,INE886H01027,50.69
532343,TVS Motor Co Ltd,INE494B01023,2004.5
532505,UCO Bank,INE691A01018,39.76
542904,Ujjivan Small Finance Bank Ltd,INE551W01018,56.72
532538,UltraTech Cement Ltd,INE481G01011,10415.35
532477,Union Bank of India,INE692A01016,117.95
532478,United Breweries Ltd,INE686F01025,1752.3
532432,United Spirits Ltd,INE854D01024,1092.65
532539,UNO Minda Ltd,INE405E01023,667.1
512070,UPL Ltd,INE628A01036,589.3
517146,Usha Martin Ltd,INE228A01035,297.3
543238,UTI Asset Management Company Ltd,INE094J01016,860.25
532953,V-Guard Industries Ltd,INE951I01027,284.2
534976,V-Mart Retail Limited,INE665J01013,2020.55
532156,Vaibhav Global Ltd,INE884A01027,398.2
502986,Vardhman Textiles Ltd.,INE825A01020,376.75
541578,Varroc Engineering Ltd,INE665L01035,554.1
540180,Varun Beverages Ltd,INE200M01021,1237.15
543463,Vedant Fashions Ltd,INE825V01034,1261.85
500295,Vedanta Ltd,INE205A01025,257.5
524200,Vinati Organics Ltd,INE410B01037,1754.25
507880,VIP Industries Ltd,INE054A01027,597.35
532822,Vodafone Idea Ltd,INE669E01016,13.24
500575,Voltas Ltd,INE226A01021,971.85
509966,VST Industries Ltd.,INE710A01016,3372.25
532144,Welspun Corp Ltd,INE191B01025,543.65
514162,Welspun Living Ltd.,INE192B01031,142.1
505533,Westlife Development Ltd,INE274F01020,816.55
500238,Whirlpool of India Ltd,INE716A01013,1360.4
507685,Wipro Ltd,INE075A01022,469.2
532648,Yes Bank Ltd,INE528G01035,20.88
505537,Zee Entertainment Enterprises Ltd,INE256A01028,271.05
504067,Zensar Technologies Ltd,INE520A01027,620
533023,ZF Commercial Vehicle Control Systems India Ltd,INE342J01019,15424.65
543320,Zomato Ltd,INE758T01015,123.2
532321,Zydus Lifesciences Ltd,INE010B01027,686.2
531335,Zydus Wellness Ltd,INE768C01010,1643.6
