old,new
 Company Limited,
 Corporation Limited,
 (India) Limited,
 India Limited, India
 Pharmaceuticals Limited, Pharma
 (Delhi) Limited,
 (Maharashtra) Limited,
 Ltd.,
 Co. Ltd.,
 (India) Ltd.,
 Ltd,
 Co.,
 Commercial , Comm.
 Advanced , Adv.
 Solutions , Solu.
 Appliances , App.
 Logistics , Logis.
 Insurance , Insur.
 Accessories , Accs.
 Specialities , Spcl.
 National , Nat.
 Software , Soft.
 Instrumental , Instr.
 System , Sys.
 Transformers , Transfor.
ICICI Prudential ,ICICI Pru
Special Economic Zone,Spl Eco Zone.
 Limited,
 and , &
 (India),
 Company, Co.
 Infrastructure, Infra.
 & , &
 Corporation ,Corp.
 (Gujarat),
 (S.A.),
 And , &
Engineers,Engrs.
 (Chennai),
 Infrastructures , Infra.
 limited,
Technologies,Tech.
 Infrastructure, Infra.
 Infrastructures, Infra.
 (Kalamandir),
 (Madras),
Nippon India Mutual Fund ,Nippon India
Nippon India ,
 Financial , Fin.
 Engineering , Eng.
 Industries, Ind.
 Industries , Ind.
 International, Intl.
 Engineering, Eng.
(International),
 Development , Dev.
 Development, Dev.
 International , Intl.
 Technology, Tech.
 Technology , Tech.
 Services, Srvs.
 Holding, Hldg.
 E-Governance, e-Gov.
 Agricultural , Agri.
 Management , Mgmt.
 Investment , Invest.
 Consolidated , Consol.
 Chemicals , Chem.
 Chemicals, Chem.
 Fertilizers , Fert.
 Fertilizers, Fert.
 Biochemicals, Biochem.
 Associated , Assoc.
 Associated, Assoc.
 Hospital, Hosp.
 Hospital , Hosp.
 Manufacturing, Mfg.
 Manufacturing , Mfg.
The ,
General , Gen.
 Ventures, Vntrs.
 Enterprises, Entp.
 Industrial , Ind.
 Industrial, Ind.
 International, Int.
(International),
 Technologies, Tech.
 (Coimbatore),
 Petrochemicals, petrochem.
Petrochemical,Petrochem.
 Petrochemicals , Petrochem.
 Fertilisers , Fert.
 -$ ,
 MARKET, MKT.
 Laboratory, Lab.
 Automobile, Auto.
 Infrastructure, Infra.
 Technologies, Tech.
 Pharmaceuticals, Pharma.
 Industries , Ind.
 Immunologicals , Immunog.
 Biologicals , Bio.
 Petroleum , Petro.
 Electronics , Electro.
 Telecommunications , Telec.
 Systems , Sys.
 Petroleum , Petro.
 Institute , Inst.
Electricals,Elect.
Construction,Constr.
Systems,Sys.
Investments,Invest.
Management,Mgmt.
Exchange,Exch.
 Fertilisers, Fert.
Housing Finance,Hsg. Fin.
Procter & Gamble,P&G
Housing,Hsg.
Motilal Oswal S&P,Motilal Oswal
Developers,Develp.
 Corporation,
 Standard, Std.
 Manufactures, Mfg..
 Laboratories, Lab.
 Industry, Ind.
 Estates, Est.
 Communications, comm.
 Infrastructure, Infra.
 Pharmaceutical, Pharma.
 Development, Develp.
 Equipment, Equip.
 Specialty, Spl.
 Education, Edu.
 Chemicals, Chem.
Indian Railway Catering & Tourism,IRCTC
Renewable,Renew
Corporate,Corp.
Products,Prod.
Investment,Invest.
Consultancy,Consult.
Electrical,Elect.
Performance,Perf.
Consolidated,Consol.
Intermediaries,intermeds.
Automotive,Auto.
Entertainment,Entmt.
Institute,Inst.
Limited,
Company,Compy.
of India,
Exploration,Explor
Real Estate,Real Est.
Marketing,Marktg
Diagnostics,Diagn
Conditioning,Conditng
India Hospitals& Medical Research,Hospitals& Medical
Finance& Commodity Brokers,Fin&Commo Broker
Television Network,Telv Network
Multispeciality,Multisplty
Finance,Fin.
 Consultants,Consult.
Gujarat,Guj.
Research,Resrch.
Academy,Acad.
 (India),
(India),
Refrigeration,Refrig.
Innovations,Innovatn.
Consumer,Consum.
Speciality,Spclity
Governance,Govern.
Distilleries,Distil.
Projects,Projt.
Consulting,Consultg
Distributors,Distrib.
 Manufacturers,Manufac.
Equipments,Equip.
Exploration,Explora.
 (Maharashtra),
Teleservices,Telesev.
Portfolio,Portf.
Managers,Mangr
 (India),
Transportation,Transp.
 Passenger Vehicles,PVehicles
 Chemical,Chemcl.
 Constructions,Contsr.