,Symbol,Latest_DDWN,YFindustry,MYindustry,Count
360,TATASTEEL.NS,0.0,Steel,Metals,12
140,SONACOMS.NS,0.0,Auto Parts,Auto,9
452,HEIDELBERG.NS,0.0,Building Materials,Cement,5
445,TEGA.NS,0.0,Specialty Industrial Machinery,Spl Ind Mach,19
442,MRPL.NS,0.0,Oil & Gas Refining & Marketing,Oil&Gas,9
435,PTC.NS,0.0,Utilities—Independent Power Producers,Utilities-Power,10
424,QUESS.NS,0.0,Staffing & Employment Services,Staffing Serv,2
420,VIJAYA.NS,0.0,Diagnostics & Research,Healthcare Diag&Resrch,4
418,DIXON.NS,0.0,Consumer Electronics,Consumer Electro,1
150,COALINDIA.NS,0.0,Thermal Coal,Coal,1
417,CHENNPETRO.NS,0.0,Oil & Gas Refining & Marketing,Oil&Gas,8
152,SUVENPHAR.NS,0.0,Drug Manufacturers - Specialty & Generic,Pharma,12
153,MPHASIS.NS,0.0,Information Technology Services,IT,8
415,APARINDS.NS,0.0,Electrical Equipment & Parts,Electrical Equip,11
410,AUBANK.NS,0.0,Banks—Regional,Banks,17
406,NMDC.NS,0.0,Steel,Metals,16
405,INDUSINDBK.NS,0.0,Banks—Regional,Banks,16
160,ENGINERSIN.NS,0.0,Engineering & Construction,Eng&Const,4
398,HEG.NS,0.0,Electrical Equipment & Parts,Electrical Equip,10
163,HINDPETRO.NS,0.0,Oil & Gas Refining & Marketing,Oil&Gas,3
387,MINDACORP.NS,0.0,Auto Parts,Auto,25
374,CASTROLIND.NS,0.0,Oil & Gas Refining & Marketing,Oil&Gas,6
166,TATAMOTORS.NS,0.0,Auto Manufacturers,Auto,11
373,TRENT.NS,0.0,Apparel Retail,Retail,7
139,ARVIND.NS,0.0,Textile Manufacturing,Textile,9
370,L&TFH.NS,0.0,Credit Services,NBFC,18
455,LT.NS,0.0,Engineering & Construction,Eng&Const,14
459,ZYDUSLIFE.NS,0.0,Drug Manufacturers—Specialty & Generic,Pharma,34
500,TINPLATE.NS,0.0,Steel,Metals,20
499,GLAXO.NS,0.0,Drug Manufacturers—General,Pharma,38
497,ULTRACEMCO.NS,0.0,Building Materials,Cement,9
494,JKLAKSHMI.NS,0.0,Building Materials,Cement,8
493,RADICO.NS,0.0,Beverages—Wineries & Distilleries,Alcohol,3
492,INDIGO.NS,0.0,Airlines,Airline&Serv,5
491,EICHERMOT.NS,0.0,Auto Manufacturers,Auto,28
237,JSWSTEEL.NS,0.0,Steel,Metals,9
120,ITI.NS,0.0,Communication Equipment,Telecom,3
484,NFL.NS,0.0,Agricultural Inputs,Agro chemical,11
479,SHAREINDIA.NS,0.0,Capital Markets,Capital Markets,17
123,COCHINSHIP.NS,0.0,Aerospace & Defense,Defense,2
477,CHAMBLFERT.NS,0.0,Agricultural Inputs,Agro chemical,10
125,LICI.NS,0.0,Insurance - Life,Insurance,3
476,GODREJIND.NS,0.0,Conglomerates,Conglomerates,8
474,CHALET.NS,0.0,Lodging,Hotel&Resort,5
128,SIEMENS.NS,0.0,Specialty Industrial Machinery,Spl Ind Mach,5
129,TORNTPHARM.NS,0.0,Drug Manufacturers - Specialty & Generic,Pharma,10
469,AFFLE.NS,0.0,Advertising Agencies,Advert Agencies,2
464,WOCKPHARMA.NS,0.0,Drug Manufacturers—Specialty & Generic,Pharma,35
132,HAL.NS,0.0,Aerospace & Defense,Defense,3
462,JSL.NS,0.0,Steel,Metals,17
135,MOTHERSON.NS,0.0,Auto Parts,Auto,8
137,CHOICEIN.NS,0.0,Capital Markets,Capital Markets,7
169,BHARTIARTL.NS,0.0,Telecom Services,Telecom,4
363,UBL.NS,0.0,Beverages—Brewers,Alcohol,2
719,BBTC.NS,0.0,Packaged Foods,FMCG,26
293,JBCHEPHARM.NS,0.0,Drug Manufacturers—Specialty & Generic,Pharma,21
283,ZYDUSWELL.NS,0.0,Packaged Foods,FMCG,16
282,AARTIIND.NS,0.0,Specialty Chemicals,Spl Chemicals,13
213,HSCL.NS,0.0,Specialty Chemicals,Spl Chemicals,7
215,ROLEXRINGS.NS,0.0,Metal Fabrication,Metal Fab,1
280,CONCOR.NS,0.0,Railroads,Railroads,1
275,SUNPHARMA.NS,0.0,Drug Manufacturers—Specialty & Generic,Pharma,19
273,APOLLOHOSP.NS,0.0,Medical Care Facilities,Hospital,7
270,GLAND.NS,0.0,Drug Manufacturers—General,Pharma,18
265,FIEMIND.NS,0.0,Auto Parts,Auto,19
263,EMAMILTD.NS,0.0,Household & Personal Products,FMCG,15
260,GMRINFRA.NS,0.0,Airports & Air Services,Airline&Serv,3
225,BEL.NS,0.0,Aerospace & Defense,Defense,4
226,GRASIM.NS,0.0,Building Materials,Cement,2
259,SYRMA.NS,0.0,Electronic Components,Electrical Equip,7
258,INDIAGLYCO.NS,0.0,Chemicals,Chemicals,3
229,PIDILITIND.NS,0.0,Specialty Chemicals,Spl Chemicals,8
252,HUDCO.NS,0.0,Credit Services,NBFC,12
248,BEML.NS,0.0,Conglomerates,Conglomerates,4
232,TATACONSUM.NS,0.0,Packaged Foods,FMCG,12
247,ONGC.NS,0.0,Oil & Gas Integrated,Oil&Gas,4
234,JAICORPLTD.NS,0.0,Specialty Chemicals,Spl Chemicals,10
246,AJANTPHARM.NS,0.0,Drug Manufacturers - Specialty & Generic,Pharma,17
206,NRBBEARING.NS,0.0,Auto Parts,Auto,15
294,IEX.NS,0.0,Capital Markets,Capital Markets,10
298,CLEAN.NS,0.0,Specialty Chemicals,Spl Chemicals,15
299,GRANULES.NS,0.0,Drug Manufacturers—Specialty & Generic,Pharma,22
356,GRAPHITE.NS,0.0,Electrical Equipment & Parts,Electrical Equip,9
355,HINDCOPPER.NS,0.0,Copper,Metals,11
348,SAIL.NS,0.0,Steel,Metals,10
338,NESTLEIND.NS,0.0,Packaged Foods,FMCG,18
337,BLS.NS,0.0,Specialty Business Services,Spl Business Serv,2
334,GNFC.NS,0.0,Chemicals,Chemicals,7
182,IFCI.NS,0.0,Credit Services,NBFC,10
329,ALKEM.NS,0.0,Drug Manufacturers—Specialty & Generic,Pharma,24
325,GET&D.NS,0.0,Specialty Industrial Machinery,Spl Ind Mach,15
324,LUPIN.NS,0.0,Drug Manufacturers—Specialty & Generic,Pharma,23
323,IDEA.NS,0.0,Telecom Services,Telecom,6
502,POWERINDIA.NS,0.0,Electronic Components,Electrical Equip,13
322,TATACHEM.NS,0.0,Chemicals,Chemicals,6
315,DLF.NS,0.0,Real Estate—Development,Real Est,5
190,EXIDEIND.NS,0.0,Auto Parts,Auto,14
314,KALYANKJIL.NS,0.0,Luxury Goods,Luxury&jewel Goods,3
313,MAZDOCK.NS,0.0,Aerospace & Defense,Defense,5
310,SUDARSCHEM.NS,0.0,Specialty Chemicals,Spl Chemicals,16
195,CESC.NS,0.0,Utilities - Regulated Electric,Utilities-Power,6
306,COROMANDEL.NS,0.0,Agricultural Inputs,Agro chemical,7
303,WIPRO.NS,0.0,Information Technology Services,IT,17
301,360ONE.NS,0.0,Asset Management,Capital Markets,11
201,NESCO.NS,0.0,Conglomerates,Conglomerates,2
300,ICIL.NS,0.0,Textile Manufacturing,Textile,12
316,ENDURANCE.NS,0.0,Auto Parts,Auto,22
503,JINDALSTEL.NS,0.0,Steel,Metals,21
485,GSPL.NS,0.0,Utilities—Regulated Gas,Utilities—Reg  Gas,4
610,HDFCBANK.NS,0.0,Banks—Regional,Banks,29
663,FACT.NS,0.0,Agricultural Inputs,Agro chemical,17
660,GREENPLY.NS,0.0,Lumber & Wood Production,Building Material,12
657,INOXWIND.NS,0.0,Specialty Industrial Machinery,Spl Ind Mach,27
656,DEEPAKNTR.NS,0.0,Chemicals,Chemicals,13
35,VOLTAS.NS,0.0,Specialty Industrial Machinery,Spl Ind Mach,2
646,MRF.NS,0.0,Auto Parts,Auto,39
641,MANINFRA.NS,0.0,Engineering & Construction,Eng&Const,22
40,BRITANNIA.NS,0.0,Packaged Foods,FMCG,4
632,HFCL.NS,0.0,Communication Equipment,Telecom,10
42,BANKBARODA.NS,0.0,Banks - Regional,Banks,4
626,IRFC.NS,0.0,Credit Services,NBFC,31
617,SANSERA.NS,0.0,Metal Fabrication,Metal Fab,5
614,IRCTC.NS,0.0,Railroads,Railroads,3
49,ANGELONE.NS,0.0,Capital Markets,Capital Markets,3
611,PNB.NS,0.0,Banks—Regional,Banks,30
506,STAR.NS,0.0,Drug Manufacturers—Specialty & Generic,Pharma,39
607,SHANTIGEAR.NS,0.0,Specialty Industrial Machinery,Spl Ind Mach,25
606,SURYAROSNI.NS,0.0,Steel,Metals,25
603,DCBBANK.NS,0.0,Banks—Regional,Banks,28
595,GRINDWELL.NS,0.0,Building Products & Equipment,Building Material,11
589,SHYAMMETL.NS,0.0,Steel,Metals,23
586,ISGEC.NS,0.0,Specialty Industrial Machinery,Spl Ind Mach,24
59,RAILTEL.NS,0.0,Telecom Services,Telecom,2
670,GPIL.NS,0.0,Steel,Metals,29
584,UNOMINDA.NS,0.0,Auto Parts,Auto,36
29,GREENPANEL.NS,0.0,Lumber & Wood Production,Building Material,2
26,NLCINDIA.NS,0.0,Utilities - Regulated Electric,Utilities-Power,2
1,ASTERDM.NS,0.0,Medical Care Facilities,Hospital,1
718,TIDEWATER.NS,0.0,Specialty Chemicals,Spl Chemicals,43
715,COLPAL.NS,0.0,Household & Personal Products,FMCG,25
713,WELCORP.NS,0.0,Steel,Metals,31
709,LAURUSLABS.NS,0.0,Drug Manufacturers—Specialty & Generic,Pharma,48
6,NATIONALUM.NS,0.0,Aluminum,Metals,1
7,SPARC.NS,0.0,Drug Manufacturers - Specialty & Generic,Pharma,2
706,MSTCLTD.NS,0.0,Conglomerates,Conglomerates,12
10,MASTEK.NS,0.0,Information Technology Services,IT,1
705,GAIL.NS,0.0,Utilities—Regulated Gas,Utilities—Reg  Gas,6
12,SUPRIYA.NS,0.0,Biotechnology,Pharma,3
697,TECHNOE.NS,0.0,Engineering & Construction,Eng&Const,25
695,MAITHANALL.NS,0.0,Steel,Metals,30
15,UTIAMC.NS,0.0,Asset Management,Capital Markets,1
16,RAINBOW.NS,0.0,Medical Care Facilities,Hospital,2
694,BRIGADE.NS,0.0,Real Estate—Development,Real Est,14
692,DIVISLAB.NS,0.0,Drug Manufacturers—Specialty & Generic,Pharma,46
686,MGL.NS,0.0,Utilities—Regulated Gas,Utilities—Reg  Gas,5
21,BHEL.NS,0.0,Specialty Industrial Machinery,Spl Ind Mach,1
685,BOSCHLTD.NS,0.0,Auto Parts,Auto,40
680,PRINCEPIPE.NS,0.0,Building Products & Equipment,Building Material,13
678,DCAL.NS,0.0,Biotechnology,Pharma,45
676,MCDOWELL-N.NS,0.0,Beverages—Wineries & Distilleries,Alcohol,4
27,DEN.NS,0.0,Entertainment,Entertainment,1
583,LODHA.NS,0.0,Real Estate—Development,Real Est,11
240,GODREJCP.NS,0.0,Household & Personal Products,FMCG,14
582,GLS.NS,0.0,Drug Manufacturers—Specialty & Generic,Pharma,42
556,3MINDIA.NS,0.0,Conglomerates,Conglomerates,9
554,CSBBANK.NS,0.0,Banks—Regional,Banks,22
552,IOC.NS,0.0,Oil & Gas Refining & Marketing,Oil&Gas,11
549,PRSMJOHNSN.NS,0.0,Building Materials,Cement,12
84,TATAMTRDVR.NS,0.0,Auto Manufacturers,Auto,6
548,BHARATFORG.NS,0.0,Auto Parts,Auto,32
86,DODLA.NS,0.0,Food Distribution,Retail,2
537,NOCIL.NS,0.0,Specialty Chemicals,Spl Chemicals,35
533,NEWGEN.NS,0.0,Software—Application,IT,26
90,JUBLPHARMA.NS,0.0,Drug Manufacturers - Specialty & Generic,Pharma,5
91,ASTRAZEN.NS,0.0,Drug Manufacturers - Specialty & Generic,Pharma,6
524,M&M.NS,0.0,Auto Manufacturers,Auto,31
521,PRICOLLTD.NS,0.0,Auto Parts,Auto,30
94,BAJAJ-AUTO.NS,0.0,Auto Manufacturers,Auto,7
95,HINDALCO.NS,0.0,Aluminum,Metals,5
519,HEMIPROP.NS,0.0,Real Estate—Diversified,Real Est,10
517,INDUSTOWER.NS,0.0,Telecom Services,Telecom,9
98,BPCL.NS,0.0,Oil & Gas Refining & Marketing,Oil&Gas,2
516,BDL.NS,0.0,Aerospace & Defense,Defense,9
515,SPANDANA.NS,0.0,Credit Services,NBFC,22
514,JTEKTINDIA.NS,0.0,Auto Parts,Auto,29
513,CHOLAFIN.NS,0.0,Credit Services,NBFC,21
511,JKIL.NS,0.0,Engineering & Construction,Eng&Const,17
508,LTIM.NS,0.0,Information Technology Services,IT,25
105,GILLETTE.NS,0.0,Household & Personal Products,FMCG,6
557,HEROMOTOCO.NS,0.0,Auto Manufacturers,Auto,33
77,TATAMETALI.NS,0.0,Steel,Metals,3
82,GSFC.NS,0.0,Agricultural Inputs,Agro chemical,2
572,INTELLECT.NS,0.0,Software—Application,IT,28
67,TITAN.NS,0.0,Luxury Goods,Luxury&jewel Goods,1
561,KEI.NS,0.0,Electrical Equipment & Parts,Electrical Equip,15
75,RCF.NS,0.0,Agricultural Inputs,Agro chemical,1
566,FLUOROCHEM.NS,0.0,Specialty Chemicals,Spl Chemicals,38
563,JKTYRE.NS,0.0,Auto Parts,Auto,35
574,BIRLACORPN.NS,0.0,Building Materials,Cement,15
71,TEAMLEASE.NS,0.0,Staffing & Employment Services,Staffing Serv,1
564,FORTIS.NS,0.0,Medical Care Facilities,Hospital,8
579,AUROPHARMA.NS,0.0,Drug Manufacturers—Specialty & Generic,Pharma,41
72,NTPC.NS,0.0,Utilities - Regulated Electric,Utilities-Power,4
64,TVSMOTOR.NS,0.0,Auto Manufacturers,Auto,5
178,JYOTHYLAB.NS,0.1,Household & Personal Products,FMCG,8
148,KSB.NS,0.1,Specialty Industrial Machinery,Spl Ind Mach,6
210,ADVENZYMES.NS,0.1,Specialty Chemicals,Spl Chemicals,5
687,CARERATING.NS,0.1,Financial Data & Stock Exchanges,Capital Markets,21
622,DMART.NS,0.1,Discount Stores,Retail,11
673,POWERGRID.NS,0.1,Utilities—Regulated Electric,Utilities-Power,11
106,ANANDRATHI.NS,0.1,Asset Management,Capital Markets,4
193,VBL.NS,0.1,Beverages - Non-Alcoholic,FMCG,9
460,ETHOSLTD.NS,0.2,Luxury Goods,Luxury&jewel Goods,5
107,GLENMARK.NS,0.2,Drug Manufacturers - Specialty & Generic,Pharma,8
266,LTTS.NS,0.2,Information Technology Services,IT,15
408,IRB.NS,0.2,Infrastructure Operations,Eng&Const,13
597,MAXHEALTH.NS,0.3,Medical Care Facilities,Hospital,9
708,OIL.NS,0.3,Oil & Gas E&P,Oil&Gas,13
281,INDHOTEL.NS,0.3,Lodging,Hotel&Resort,2
432,CIPLA.NS,0.3,Drug Manufacturers—General,Pharma,31
346,GODREJAGRO.NS,0.3,Farm Products,Farm Products,1
242,IRCON.NS,0.3,Engineering & Construction,Eng&Const,10
219,TATAPOWER.NS,0.3,Utilities - Independent Power Producers,Utilities-Power,7
648,CRISIL.NS,0.4,Financial Data & Stock Exchanges,Capital Markets,19
649,NETWORK18.NS,0.4,Broadcasting,Broadcasting,4
536,SHREECEM.NS,0.4,Building Materials,Cement,11
161,CRAFTSMAN.NS,0.4,Auto Parts,Auto,10
307,EDELWEISS.NS,0.4,Capital Markets,Capital Markets,12
619,HINDUNILVR.NS,0.5,Household & Personal Products,FMCG,22
407,TATAINVEST.NS,0.5,Capital Markets,Capital Markets,16
569,HDFCAMC.NS,0.5,Asset Management,Capital Markets,18
175,PERSISTENT.NS,0.6,Information Technology Services,IT,12
209,KIRLOSENG.NS,0.6,Specialty Industrial Machinery,Spl Ind Mach,12
286,FEDERALBNK.NS,0.6,Banks—Regional,Banks,12
45,SWANENERGY.NS,0.6,Textile Manufacturing,Textile,5
580,KARURVYSYA.NS,0.6,Banks—Regional,Banks,25
196,RAMKY.NS,0.6,Engineering & Construction,Eng&Const,8
504,PRESTIGE.NS,0.6,Real Estate—Diversified,Real Est,9
365,MAYURUNIQ.NS,0.7,Textile Manufacturing,Textile,14
0,GARFIBRES.NS,0.7,Textile Manufacturing,Textile,1
62,NBCC.NS,0.7,Engineering & Construction,Eng&Const,2
23,SCI.NS,0.7,Marine Shipping,Port&Shipping,1
489,WABAG.NS,0.8,Waste Management,Waste Mgmt,1
585,MUTHOOTFIN.NS,0.8,Credit Services,NBFC,29
624,LICHSGFIN.NS,0.8,Mortgage Finance,NBFC,30
231,GREAVESCOT.NS,0.8,Specialty Industrial Machinery,Spl Ind Mach,13
364,ORIENTCEM.NS,0.8,Building Materials,Cement,3
382,FCL.NS,0.9,Specialty Chemicals,Spl Chemicals,21
433,ASTRAMICRO.NS,0.9,Communication Equipment,Telecom,8
664,RVNL.NS,0.9,Engineering & Construction,Eng&Const,23
203,BAYERCROP.NS,0.9,Agricultural Inputs,Agro chemical,4
555,STARCEMENT.NS,1.0,Building Materials,Cement,13
505,SBIN.NS,1.0,Banks—Regional,Banks,21
104,TV18BRDCST.NS,1.0,Broadcasting,Broadcasting,1
168,APOLLOTYRE.NS,1.0,Auto Parts,Auto,12
339,ROUTE.NS,1.1,Telecom Services,Telecom,7
110,GUJALKALI.NS,1.1,Chemicals,Chemicals,2
453,PPLPHARMA.NS,1.2,Drug Manufacturers—Specialty & Generic,Pharma,33
254,SHRIRAMFIN.NS,1.2,Credit Services,NBFC,13
496,POWERMECH.NS,1.2,Engineering & Construction,Eng&Const,16
48,GRSE.NS,1.3,Aerospace & Defense,Defense,1
344,DRREDDY.NS,1.3,Drug Manufacturers—Specialty & Generic,Pharma,25
634,RAMCOCEM.NS,1.4,Building Materials,Cement,16
691,BIKAJI.NS,1.4,Packaged Foods,FMCG,23
222,LEMONTREE.NS,1.4,Lodging,Hotel&Resort,1
720,CEATLTD.NS,1.4,Auto Parts,Auto,41
371,ZENSARTECH.NS,1.5,Information Technology Services,IT,20
100,POONAWALLA.NS,1.5,Credit Services,NBFC,8
681,BANKINDIA.NS,1.5,Banks—Regional,Banks,33
124,MEDANTA.NS,1.5,Medical Care Facilities,Hospital,4
296,ZEEL.NS,1.5,Broadcasting,Broadcasting,2
216,VRLLOG.NS,1.6,Trucking,Trucking,1
446,NYKAA.NS,1.6,Internet Retail,Retail,9
594,JKPAPER.NS,1.6,Paper & Paper Products,Paper,2
651,FSL.NS,1.6,Information Technology Services,IT,34
359,ECLERX.NS,1.6,Information Technology Services,IT,18
662,NAUKRI.NS,1.6,Internet Content & Information,Internet&Info,3
717,NAM-INDIA.NS,1.6,Asset Management,Capital Markets,22
543,RATEGAIN.NS,1.7,Software—Application,IT,27
640,RALLIS.NS,1.7,Agricultural Inputs,Agro chemical,15
645,KPITTECH.NS,1.7,Information Technology Services,IT,33
173,HCLTECH.NS,1.7,Information Technology Services,IT,11
480,SOUTHBANK.NS,1.7,Banks—Regional,Banks,20
199,SANOFI.NS,1.8,Drug Manufacturers - General,Pharma,15
369,DOLLAR.NS,1.8,Apparel Manufacturing,Textile,15
115,TCS.NS,1.8,Information Technology Services,IT,6
599,SUNTV.NS,1.8,Broadcasting,Broadcasting,3
698,SWSOLAR.NS,1.8,Solar,Solar,1
650,IDFC.NS,1.9,Asset Management,Capital Markets,20
354,NEULANDLAB.NS,1.9,Drug Manufacturers—Specialty & Generic,Pharma,26
167,GODREJPROP.NS,1.9,Real Estate - Development,Real Est,4
186,SPLPETRO.NS,1.9,Specialty Chemicals,Spl Chemicals,4
103,OLECTRA.NS,1.9,Farm & Heavy Construction Machinery,Farm&Heavy Constr Mach,2
341,ACI.NS,2.0,Chemicals,Chemicals,8
529,AIAENG.NS,2.0,Specialty Industrial Machinery,Spl Ind Mach,22
19,ISEC.NS,2.0,Capital Markets,Capital Markets,2
172,MOTILALOFS.NS,2.0,Capital Markets,Capital Markets,8
568,THERMAX.NS,2.0,Specialty Industrial Machinery,Spl Ind Mach,23
427,KANSAINER.NS,2.0,Specialty Chemicals,Spl Chemicals,26
672,TITAGARH.NS,2.1,Railroads,Railroads,4
592,METROPOLIS.NS,2.1,Diagnostics & Research,Healthcare Diag&Resrch,5
96,IBULHSGFIN.NS,2.1,Mortgage Finance,NBFC,7
336,MCX.NS,2.2,Financial Data & Stock Exchanges,Capital Markets,13
679,SBILIFE.NS,2.2,Insurance—Life,Insurance,9
111,NUVOCO.NS,2.2,Building Materials,Cement,1
158,INDOCO.NS,2.2,Drug Manufacturers - Specialty & Generic,Pharma,13
183,INFY.NS,2.2,Information Technology Services,IT,13
372,NAZARA.NS,2.3,Electronic Gaming & Multimedia,Gaming&Multi,1
600,YESBANK.NS,2.3,Banks—Regional,Banks,27
174,ZFCVINDIA.NS,2.3,Auto Parts,Auto,13
665,CENTRALBK.NS,2.3,Banks—Regional,Banks,31
126,OBEROIRLTY.NS,2.3,Real Estate - Development,Real Est,3
20,EQUITASBNK.NS,2.4,Banks - Regional,Banks,2
587,GMDCLTD.NS,2.4,Thermal Coal,Coal,3
422,CUMMINSIND.NS,2.4,Specialty Industrial Machinery,Spl Ind Mach,18
471,ERIS.NS,2.5,Drug Manufacturers—Specialty & Generic,Pharma,36
24,ADANIPOWER.NS,2.5,Utilities - Independent Power Producers,Utilities-Power,1
331,CGPOWER.NS,2.6,Electrical Equipment & Parts,Electrical Equip,8
577,AXISBANK.NS,2.6,Banks—Regional,Banks,24
437,FDC.NS,2.6,Drug Manufacturers—Specialty & Generic,Pharma,32
53,COFORGE.NS,2.6,Information Technology Services,IT,2
512,MANAPPURAM.NS,2.6,Credit Services,NBFC,20
376,MOIL.NS,2.6,Other Industrial Metals & Mining,Metals,13
392,TECHM.NS,2.6,Information Technology Services,IT,21
191,CANBK.NS,2.6,Banks - Regional,Banks,7
318,ICICIGI.NS,2.6,Insurance—Diversified,Insurance,5
458,BALMLAWRIE.NS,2.7,Conglomerates,Conglomerates,7
31,BAJAJFINSV.NS,2.7,Financial Conglomerates,NBFC,1
696,BSOFT.NS,2.7,Information Technology Services,IT,35
236,SRF.NS,2.7,Specialty Chemicals,Spl Chemicals,11
377,ANANTRAJ.NS,2.7,Real Estate—Development,Real Est,6
142,HINDZINC.NS,2.8,Other Industrial Metals & Mining,Metals,7
32,MARKSANS.NS,2.8,Drug Manufacturers - General,Pharma,4
181,JMFINANCIL.NS,2.8,Capital Markets,Capital Markets,9
411,JUBLFOOD.NS,2.8,Restaurants,Eatery&Restuarant Chain,4
197,HCG.NS,2.8,Medical Care Facilities,Hospital,5
223,BALKRISIND.NS,2.8,Auto Parts,Auto,16
220,KRSNAA.NS,2.9,Diagnostics & Research,Healthcare Diag&Resrch,2
58,NH.NS,2.9,Medical Care Facilities,Hospital,3
14,PATANJALI.NS,2.9,Packaged Foods,FMCG,1
630,APTUS.NS,2.9,Mortgage Finance,NBFC,32
379,ASHOKLEY.NS,3.0,Farm & Heavy Construction Machinery,Farm&Heavy Constr Mach,4
278,VARROC.NS,3.0,Auto Parts,Auto,21
117,INGERRAND.NS,3.0,Specialty Industrial Machinery,Spl Ind Mach,3
588,REDINGTON.NS,3.0,Information Technology Services,IT,29
716,TEJASNET.NS,3.0,Communication Equipment,Telecom,11
596,KOTAKBANK.NS,3.1,Banks—Regional,Banks,26
509,ASIANPAINT.NS,3.1,Specialty Chemicals,Spl Chemicals,33
284,ELECON.NS,3.1,Specialty Industrial Machinery,Spl Ind Mach,14
683,TIINDIA.NS,3.1,Conglomerates,Conglomerates,10
702,IBREALEST.NS,3.1,Real Estate—Development,Real Est,15
144,IPCALAB.NS,3.2,Drug Manufacturers - Specialty & Generic,Pharma,11
200,GICRE.NS,3.2,Insurance - Reinsurance,Insurance,4
321,KKCL.NS,3.2,Apparel Manufacturing,Textile,13
620,PGEL.NS,3.2,Electronic Components,Electrical Equip,17
677,ITDCEM.NS,3.2,Engineering & Construction,Eng&Const,24
490,TRITURBINE.NS,3.2,Specialty Industrial Machinery,Spl Ind Mach,20
85,POLYCAB.NS,3.3,Electrical Equipment & Parts,Electrical Equip,4
653,ABB.NS,3.3,Specialty Industrial Machinery,Spl Ind Mach,26
401,TATAELXSI.NS,3.3,Software—Application,IT,23
255,SUPREMEIND.NS,3.4,Building Products & Equipment,Building Material,7
530,JKCEMENT.NS,3.4,Building Materials,Cement,10
154,SONATSOFTW.NS,3.4,Information Technology Services,IT,9
249,TORNTPOWER.NS,3.4,Utilities - Independent Power Producers,Utilities-Power,9
573,PNBHOUSING.NS,3.4,Mortgage Finance,NBFC,28
277,OFSS.NS,3.4,Software—Infrastructure,IT,16
701,CENTURYPLY.NS,3.5,Lumber & Wood Production,Building Material,14
185,CAPLIPOINT.NS,3.5,Drug Manufacturers - Specialty & Generic,Pharma,14
52,SUNDRMFAST.NS,3.6,Auto Parts,Auto,3
483,JTLIND.NS,3.6,Steel,Metals,18
233,KSCL.NS,3.6,Agricultural Inputs,Agro chemical,5
428,GUFICBIO.NS,3.6,Drug Manufacturers—Specialty & Generic,Pharma,30
593,JUSTDIAL.NS,3.7,Internet Content & Information,Internet&Info,2
416,GRAVITA.NS,3.7,Metal Fabrication,Metal Fab,3
712,ZOMATO.NS,3.7,Internet Retail,Retail,12
475,PFIZER.NS,3.7,Drug Manufacturers—General,Pharma,37
50,ELECTCAST.NS,3.7,Steel,Metals,2
523,SCHNEIDER.NS,3.7,Electrical Equipment & Parts,Electrical Equip,14
604,DATAMATICS.NS,3.8,Information Technology Services,IT,30
394,J&KBANK.NS,3.8,Banks—Regional,Banks,15
526,HATHWAY.NS,3.8,Entertainment,Entertainment,3
238,GATEWAY.NS,3.8,Integrated Freight & Logistics,Logistics,3
287,ICICIBANK.NS,3.9,Banks—Regional,Banks,13
187,NAVA.NS,3.9,Conglomerates,Conglomerates,1
122,CDSL.NS,3.9,Capital Markets,Capital Markets,6
386,GESHIP.NS,3.9,Marine Shipping,Port&Shipping,2
109,BAJAJHLDNG.NS,3.9,Asset Management,Capital Markets,5
353,JBMA.NS,4.0,Auto Parts,Auto,23
441,CYIENT.NS,4.0,Conglomerates,Conglomerates,6
444,ACE.NS,4.0,Farm & Heavy Construction Machinery,Farm&Heavy Constr Mach,5
271,MARUTI.NS,4.0,Auto Manufacturers,Auto,20
700,DABUR.NS,4.1,Household & Personal Products,FMCG,24
507,BLUEDART.NS,4.1,Integrated Freight & Logistics,Logistics,7
349,WSTCSTPAPR.NS,4.2,Paper & Paper Products,Paper,1
262,CMSINFO.NS,4.3,Specialty Business Services,Spl Business Serv,1
633,RECLTD.NS,4.4,Credit Services,NBFC,33
88,IMFA.NS,4.4,Steel,Metals,4
544,UJJIVAN.NS,4.4,Credit Services,NBFC,25
448,RBLBANK.NS,4.5,Banks—Regional,Banks,18
546,SUNDARMFIN.NS,4.5,Credit Services,NBFC,26
438,SOBHA.NS,4.5,Real Estate—Development,Real Est,8
666,MIDHANI.NS,4.5,Steel,Metals,28
447,INDIACEM.NS,4.5,Building Materials,Cement,4
384,ELGIEQUIP.NS,4.6,Specialty Industrial Machinery,Spl Ind Mach,17
707,NCC.NS,4.6,Engineering & Construction,Eng&Const,26
164,SFL.NS,4.6,"Furnishings, Fixtures & Appliances",Consumer Durables,5
205,PGHH.NS,4.7,Household & Personal Products,FMCG,10
616,WELENT.NS,4.7,Engineering & Construction,Eng&Const,20
669,KAYNES.NS,4.8,Specialty Industrial Machinery,Spl Ind Mach,28
118,THYROCARE.NS,4.8,Diagnostics & Research,Healthcare Diag&Resrch,1
198,ASHOKA.NS,4.8,Engineering & Construction,Eng&Const,9
451,SUPRAJIT.NS,5.0,Auto Parts,Auto,26
431,ZENTEC.NS,5.0,Aerospace & Defense,Defense,6
162,SOMANYCERA.NS,5.0,Building Products & Equipment,Building Material,6
207,TIIL.NS,5.0,Tools & Accessories,Tools&Accessories,3
581,ADANIPORTS.NS,5.0,Marine Shipping,Port&Shipping,3
383,CGCL.NS,5.0,Credit Services,NBFC,19
421,PHOENIXLTD.NS,5.0,Real Estate—Diversified,Real Est,7
358,ABBOTINDIA.NS,5.0,Drug Manufacturers—General,Pharma,27
99,PGHL.NS,5.1,Drug Manufacturers - Specialty & Generic,Pharma,7
608,FINCABLES.NS,5.1,Electrical Equipment & Parts,Electrical Equip,16
559,DALBHARAT.NS,5.2,Building Materials,Cement,14
291,APLLTD.NS,5.2,Drug Manufacturers—Specialty & Generic,Pharma,20
156,VEDL.NS,5.2,Other Industrial Metals & Mining,Metals,8
488,AMBUJACEM.NS,5.2,Building Materials,Cement,7
28,HDFCLIFE.NS,5.2,Insurance - Life,Insurance,1
97,KPRMILL.NS,5.2,Textile Manufacturing,Textile,6
224,RELAXO.NS,5.3,Footwear & Accessories,Footwear,1
361,PNCINFRA.NS,5.3,Engineering & Construction,Eng&Const,12
159,MASFIN.NS,5.3,Credit Services,NBFC,9
180,VESUVIUS.NS,5.3,Specialty Industrial Machinery,Spl Ind Mach,9
467,UJJIVANSFB.NS,5.3,Banks—Regional,Banks,19
627,LGBBROSLTD.NS,5.4,Auto Parts,Auto,38
449,GODFRYPHLP.NS,5.4,Tobacco,Tobacco,2
631,BATAINDIA.NS,5.4,Footwear & Accessories,Footwear,4
623,RELIANCE.NS,5.4,Oil & Gas Refining & Marketing,Oil&Gas,12
192,IDBI.NS,5.4,Banks - Regional,Banks,8
558,GABRIEL.NS,5.4,Auto Parts,Auto,34
288,CHEMPLASTS.NS,5.4,Chemicals,Chemicals,4
591,EIDPARRY.NS,5.4,Agricultural Inputs,Agro chemical,13
362,PCBL.NS,5.5,Specialty Chemicals,Spl Chemicals,20
69,ASTRAL.NS,5.6,Building Products & Equipment,Building Material,3
539,DCMSHRIRAM.NS,5.6,Specialty Chemicals,Spl Chemicals,36
244,SJVN.NS,5.6,Utilities - Renewable,Utilities-Power,8
112,AMBER.NS,5.6,"Furnishings, Fixtures & Appliances",Consumer Durables,2
684,PAISALO.NS,5.7,Credit Services,NBFC,35
136,HAVELLS.NS,5.7,Electrical Equipment & Parts,Electrical Equip,5
38,TIRUMALCHM.NS,5.8,Specialty Chemicals,Spl Chemicals,2
290,STYRENIX.NS,5.8,Chemicals,Chemicals,5
389,PARADEEP.NS,5.8,Agricultural Inputs,Agro chemical,8
241,LXCHEM.NS,5.8,Specialty Chemicals,Spl Chemicals,12
11,ITC.NS,5.8,Tobacco,Tobacco,1
545,INDIGOPNTS.NS,5.9,Specialty Chemicals,Spl Chemicals,37
551,SIS.NS,6.0,Security & Protection Services,Secur&Protect Serv,1
70,KTKBANK.NS,6.0,Banks - Regional,Banks,6
381,MARICO.NS,6.0,Household & Personal Products,FMCG,20
423,GALAXYSURF.NS,6.0,Specialty Chemicals,Spl Chemicals,24
357,LALPATHLAB.NS,6.0,Diagnostics & Research,Healthcare Diag&Resrch,3
367,CAMS.NS,6.1,Information Technology Services,IT,19
703,MAHLIFE.NS,6.1,Real Estate—Development,Real Est,16
79,SUBEXLTD.NS,6.2,Software - Application,IT,4
155,BLUESTARCO.NS,6.2,Building Products & Equipment,Building Material,5
93,RITES.NS,6.3,Engineering & Construction,Eng&Const,3
682,SAPPHIRE.NS,6.3,Restaurants,Eatery&Restuarant Chain,6
710,CENTURYTEX.NS,6.3,Paper & Paper Products,Paper,3
547,PSPPROJECT.NS,6.4,Engineering & Construction,Eng&Const,18
391,JUBLINGREA.NS,6.4,Specialty Chemicals,Spl Chemicals,23
550,CREDITACC.NS,6.4,Credit Services,NBFC,27
443,POLYMED.NS,6.5,Medical Instruments & Supplies,Medical Devices&Sup,1
570,BALAMINES.NS,6.5,Specialty Chemicals,Spl Chemicals,39
654,ARVINDFASN.NS,6.6,Apparel Manufacturing,Textile,22
450,HBLPOWER.NS,6.6,Electrical Equipment & Parts,Electrical Equip,12
565,BOMDYEING.NS,6.6,Textile Manufacturing,Textile,19
319,RHIM.NS,6.8,Metal Fabrication,Metal Fab,2
429,RTNINDIA.NS,6.8,Internet Retail,Retail,8
470,BEPL.NS,6.8,Chemicals,Chemicals,11
147,EMIL.NS,6.9,Internet Retail,Retail,5
22,IDFCFIRSTB.NS,6.9,Banks - Regional,Banks,3
535,CANFINHOME.NS,6.9,Mortgage Finance,NBFC,23
119,VSTTILLERS.NS,7.0,Farm & Heavy Construction Machinery,Farm&Heavy Constr Mach,3
267,LATENTVIEW.NS,7.0,Consulting Services,Consulting Serv,1
575,MAHABANK.NS,7.0,Banks—Regional,Banks,23
602,TIMKEN.NS,7.0,Tools & Accessories,Tools&Accessories,5
711,UNIONBANK.NS,7.2,Banks—Regional,Banks,34
285,PFC.NS,7.2,Credit Services,NBFC,15
343,INDIANB.NS,7.3,Banks—Regional,Banks,14
674,IOB.NS,7.4,Banks—Regional,Banks,32
253,MSUMI.NS,7.4,Auto Parts,Auto,17
57,VGUARD.NS,7.5,Electrical Equipment & Parts,Electrical Equip,3
130,METROBRAND.NS,7.5,Apparel Retail,Retail,4
689,JPASSOCIAT.NS,7.5,Conglomerates,Conglomerates,11
396,INFIBEAM.NS,7.5,Software—Infrastructure,IT,22
312,TCI.NS,7.6,Integrated Freight & Logistics,Logistics,4
436,DCXINDIA.NS,7.6,Aerospace & Defense,Defense,7
639,ESABINDIA.NS,7.7,Tools & Accessories,Tools&Accessories,6
228,AVANTIFEED.NS,7.7,Packaged Foods,FMCG,11
37,POLICYBZR.NS,7.7,Insurance Brokers,Insurance,2
659,KOLTEPATIL.NS,7.7,Real Estate—Development,Real Est,13
101,IFBIND.NS,7.7,"Furnishings, Fixtures & Appliances",Consumer Durables,1
289,IIFL.NS,7.8,Credit Services,NBFC,16
540,PETRONET.NS,7.8,Oil & Gas Refining & Marketing,Oil&Gas,10
30,TIMETECHNO.NS,7.9,Packaging & Containers,Packaging,1
714,MFSL.NS,7.9,Insurance—Life,Insurance,10
211,KIMS.NS,7.9,Medical Care Facilities,Hospital,6
403,IOLCP.NS,8.0,Drug Manufacturers—Specialty & Generic,Pharma,28
116,ALKYLAMINE.NS,8.0,Specialty Chemicals,Spl Chemicals,3
250,HAPPSTMNDS.NS,8.1,Information Technology Services,IT,14
2,ASAHIINDIA.NS,8.2,Auto Parts,Auto,1
380,JAMNAAUTO.NS,8.2,Auto Parts,Auto,24
13,RUPA.NS,8.2,Apparel Manufacturing,Textile,3
578,UNICHEMLAB.NS,8.3,Drug Manufacturers—Specialty & Generic,Pharma,40
25,CONFIPET.NS,8.3,Oil & Gas Refining & Marketing,Oil&Gas,1
218,BANDHANBNK.NS,8.4,Banks - Regional,Banks,9
108,ALOKINDS.NS,8.4,Textile Manufacturing,Textile,7
5,VTL.NS,8.4,Textile Manufacturing,Textile,2
434,EIHOTEL.NS,8.4,Lodging,Hotel&Resort,4
56,TATACOMM.NS,8.4,Telecom Services,Telecom,1
83,GANESHHOUC.NS,8.4,Real Estate - Development,Real Est,2
342,ROSSARI.NS,8.6,Specialty Chemicals,Spl Chemicals,18
65,UCOBANK.NS,8.7,Banks - Regional,Banks,5
628,MAHSEAMLES.NS,8.8,Steel,Metals,26
92,RKFORGE.NS,8.8,Tools & Accessories,Tools&Accessories,1
637,AHLUCONT.NS,8.9,Engineering & Construction,Eng&Const,21
39,GAEL.NS,8.9,Packaged Foods,FMCG,3
466,DBL.NS,8.9,Engineering & Construction,Eng&Const,15
385,NIACL.NS,9.0,Insurance—Diversified,Insurance,6
227,NAVNETEDUL.NS,9.0,Publishing,Publishing,1
390,SOLARINDS.NS,9.0,Specialty Chemicals,Spl Chemicals,22
675,SEQUENT.NS,9.2,Drug Manufacturers—Specialty & Generic,Pharma,44
256,EPL.NS,9.2,Packaging & Containers,Packaging,3
457,PRIVISCL.NS,9.3,Specialty Chemicals,Spl Chemicals,29
51,FIVESTAR.NS,9.3,Credit Services,NBFC,3
473,CROMPTON.NS,9.4,"Furnishings, Fixtures & Appliances",Consumer Durables,12
352,LAXMIMACH.NS,9.4,Specialty Industrial Machinery,Spl Ind Mach,16
66,CIGNITITEC.NS,9.5,Information Technology Services,IT,3
34,JSWENERGY.NS,9.5,Utilities - Independent Power Producers,Utilities-Power,3
204,SUZLON.NS,9.7,Specialty Industrial Machinery,Spl Ind Mach,11
638,BERGEPAINT.NS,9.7,Specialty Chemicals,Spl Chemicals,41
541,STYLAMIND.NS,9.7,"Furnishings, Fixtures & Appliances",Consumer Durables,14
647,BIOCON.NS,9.8,Biotechnology,Pharma,43
81,GOCOLORS.NS,9.8,Apparel Retail,Retail,1
276,APOLLOPIPE.NS,9.9,Building Products & Equipment,Building Material,8
146,PAGEIND.NS,9.9,Apparel Manufacturing,Textile,10
590,TIPSINDLTD.NS,9.9,Entertainment,Entertainment,4
239,NATCOPHARM.NS,10.0,Drug Manufacturers - Specialty & Generic,Pharma,16
33,GUJGASLTD.NS,10.1,Utilities - Regulated Gas,Utilities—Reg  Gas,1
571,ICICIPRULI.NS,10.1,Insurance—Life,Insurance,8
652,PIIND.NS,10.2,Agricultural Inputs,Agro chemical,16
658,PVRINOX.NS,10.3,Entertainment,Entertainment,5
430,GHCL.NS,10.3,Chemicals,Chemicals,10
615,SSWL.NS,10.3,Auto Parts,Auto,37
643,HOMEFIRST.NS,10.3,Mortgage Finance,NBFC,34
302,BAJFINANCE.NS,10.3,Credit Services,NBFC,17
3,KAJARIACER.NS,10.4,Building Products & Equipment,Building Material,1
47,SCHAEFFLER.NS,10.4,Auto Parts,Auto,2
151,TDPOWERSYS.NS,10.5,Specialty Industrial Machinery,Spl Ind Mach,7
133,TRIDENT.NS,10.5,Textile Manufacturing,Textile,8
527,HIL.NS,10.6,Building Products & Equipment,Building Material,10
345,AEGISCHEM.NS,10.6,Oil & Gas Refining & Marketing,Oil&Gas,5
562,HCC.NS,10.9,Engineering & Construction,Eng&Const,19
601,APLAPOLLO.NS,10.9,Steel,Metals,24
327,GREENLAM.NS,11.0,"Furnishings, Fixtures & Appliances",Consumer Durables,8
8,KNRCON.NS,11.0,Engineering & Construction,Eng&Const,1
297,DALMIASUG.NS,11.1,Confectioners,Sugar,4
399,BSE.NS,11.1,Financial Data & Stock Exchanges,Capital Markets,15
208,TRIVENI.NS,11.2,Confectioners,Sugar,2
311,APCOTEXIND.NS,11.2,Specialty Chemicals,Spl Chemicals,17
655,SUNTECK.NS,11.3,Real Estate—Development,Real Est,12
245,TTKPRESTIG.NS,11.4,"Furnishings, Fixtures & Appliances",Consumer Durables,7
295,VAIBHAVGBL.NS,11.4,Luxury Goods,Luxury&jewel Goods,2
305,TI.NS,11.4,Beverages—Wineries & Distilleries,Alcohol,1
395,PRUDENT.NS,11.4,Asset Management,Capital Markets,14
89,DELHIVERY.NS,11.4,Integrated Freight & Logistics,Logistics,1
36,CCL.NS,11.4,Packaged Foods,FMCG,2
214,CARBORUNIV.NS,11.6,Conglomerates,Conglomerates,3
495,KIRLOSBROS.NS,11.6,Specialty Industrial Machinery,Spl Ind Mach,21
184,WELSPUNLIV.NS,11.6,Textile Manufacturing,Textile,11
74,ESCORTS.NS,11.7,Farm & Heavy Construction Machinery,Farm&Heavy Constr Mach,1
188,PRAJIND.NS,11.8,Engineering & Construction,Eng&Const,7
693,PDSL.NS,11.9,Specialty Business Services,Spl Business Serv,4
560,PARAS.NS,11.9,Aerospace & Defense,Defense,10
141,RATNAMANI.NS,12.0,Steel,Metals,6
426,SHILPAMED.NS,12.1,Drug Manufacturers—Specialty & Generic,Pharma,29
522,SIYSIL.NS,12.2,Textile Manufacturing,Textile,17
542,FUSION.NS,12.4,Credit Services,NBFC,24
625,WONDERLA.NS,12.6,Leisure,Hotel&Resort,7
347,RESPONIND.NS,12.7,Specialty Chemicals,Spl Chemicals,19
440,ATUL.NS,12.7,Specialty Chemicals,Spl Chemicals,27
73,DBREALTY.NS,12.7,Real Estate - Development,Real Est,1
487,RAJRATAN.NS,12.8,Steel,Metals,19
251,RBA.NS,12.9,Restaurants,Eatery&Restuarant Chain,2
605,DEVYANI.NS,12.9,Restaurants,Eatery&Restuarant Chain,5
78,CHOLAHLDNG.NS,12.9,Credit Services,NBFC,5
179,BALRAMCHIN.NS,13.0,Confectioners,Sugar,1
402,MANYAVAR.NS,13.1,Apparel Manufacturing,Textile,16
667,SAFARI.NS,13.1,Footwear & Accessories,Footwear,5
170,MAPMYINDIA.NS,13.2,Software - Application,IT,10
481,CIEINDIA.NS,13.2,Auto Parts,Auto,27
87,TANLA.NS,13.2,Software - Application,IT,5
478,CARYSIL.NS,13.2,"Furnishings, Fixtures & Appliances",Consumer Durables,13
510,VENKEYS.NS,13.4,Farm Products,Farm Products,2
177,GMMPFAUDLR.NS,13.4,Specialty Industrial Machinery,Spl Ind Mach,8
171,GRINFRA.NS,13.5,Engineering & Construction,Eng&Const,6
532,SUNFLAG.NS,13.6,Steel,Metals,22
425,ANURAS.NS,13.7,Specialty Chemicals,Spl Chemicals,25
43,GOKEX.NS,13.7,Apparel Manufacturing,Textile,4
468,VINATIORGA.NS,13.7,Specialty Chemicals,Spl Chemicals,30
326,OPTIEMUS.NS,13.8,Electronics & Computer Distribution,Electronics Distri,1
317,SKFINDIA.NS,13.8,Tools & Accessories,Tools&Accessories,4
230,FINEORG.NS,13.9,Specialty Chemicals,Spl Chemicals,9
609,LINDEINDIA.NS,13.9,Specialty Chemicals,Spl Chemicals,40
165,HGINFRA.NS,14.0,Engineering & Construction,Eng&Const,5
217,IONEXCHANG.NS,14.1,Pollution & Treatment Controls,Pollution&Treat Controls,1
332,KEC.NS,14.1,Engineering & Construction,Eng&Const,11
328,UFLEX.NS,14.1,Packaging & Containers,Packaging,4
68,THOMASCOOK.NS,14.3,Travel Services,Airline&Serv,1
688,PEL.NS,14.5,Financial Conglomerates,NBFC,36
461,ACC.NS,14.6,Building Materials,Cement,6
80,M&MFIN.NS,14.6,Credit Services,NBFC,6
143,EMUDHRA.NS,14.6,Software - Application,IT,7
41,HONAUT.NS,14.6,Electrical Equipment & Parts,Electrical Equip,2
60,BAJAJCON.NS,14.7,Household & Personal Products,FMCG,5
368,IGL.NS,14.7,Utilities—Regulated Gas,Utilities—Reg  Gas,2
134,JCHAC.NS,14.8,"Furnishings, Fixtures & Appliances",Consumer Durables,3
553,UNIPARTS.NS,14.8,Farm & Heavy Construction Machinery,Farm&Heavy Constr Mach,6
114,FINPIPE.NS,14.9,Building Products & Equipment,Building Material,4
257,TMB.NS,15.0,Banks—Regional,Banks,10
272,TTML.NS,15.1,Telecom Services,Telecom,5
54,ABCAPITAL.NS,15.2,Financial Conglomerates,NBFC,4
520,AMIORG.NS,15.4,Specialty Chemicals,Spl Chemicals,34
518,RAIN.NS,15.4,Chemicals,Chemicals,12
221,INDIAMART.NS,15.4,Internet Content & Information,Internet&Info,1
304,SHOPERSTOP.NS,15.4,Department Stores,Retail,6
333,JWL.NS,15.4,Railroads,Railroads,2
113,MOLDTKPAC.NS,15.5,Packaging & Containers,Packaging,2
388,JINDALSAW.NS,15.5,Steel,Metals,14
671,BAJAJHIND.NS,15.6,Confectioners,Sugar,6
414,DEEPAKFERT.NS,15.7,Chemicals,Chemicals,9
567,BECTORFOOD.NS,15.8,Packaged Foods,FMCG,21
61,SAREGAMA.NS,15.9,Entertainment,Entertainment,2
528,DBCORP.NS,16.0,Publishing,Publishing,2
340,VIPIND.NS,16.0,Footwear & Accessories,Footwear,3
189,HARSHA.NS,16.0,Tools & Accessories,Tools&Accessories,2
501,ACCELYA.NS,16.1,Information Technology Services,IT,24
636,SAKSOFT.NS,16.1,Information Technology Services,IT,32
472,NEOGEN.NS,16.2,Specialty Chemicals,Spl Chemicals,31
261,AUTOAXLES.NS,16.2,Auto Parts,Auto,18
4,SYNGENE.NS,16.4,Biotechnology,Pharma,1
366,HERITGFOOD.NS,16.6,Packaged Foods,FMCG,19
235,KRBL.NS,16.6,Packaged Foods,FMCG,13
629,DWARKESH.NS,16.8,Confectioners,Sugar,5
635,RAYMOND.NS,17.0,Textile Manufacturing,Textile,21
44,WESTLIFE.NS,17.1,Restaurants,Eatery&Restuarant Chain,1
393,USHAMART.NS,17.2,Steel,Metals,15
534,MHRIL.NS,17.3,Resorts & Casinos,Hotel&Resort,6
55,CARTRADE.NS,17.4,Auto & Truck Dealerships,Auto,4
138,EVEREADY.NS,17.6,Electrical Equipment & Parts,Electrical Equip,6
400,CERA.NS,17.8,Building Products & Equipment,Building Material,9
46,DHANI.NS,17.8,Credit Services,NBFC,2
498,SUMICHEM.NS,17.9,Agricultural Inputs,Agro chemical,12
274,SBICARD.NS,18.0,Credit Services,NBFC,14
397,BORORENEW.NS,18.2,Packaging & Containers,Packaging,5
465,SHARDACROP.NS,18.5,Agricultural Inputs,Agro chemical,9
375,HINDWAREAP.NS,19.2,"Furnishings, Fixtures & Appliances",Consumer Durables,10
243,ORIENTELEC.NS,19.4,"Furnishings, Fixtures & Appliances",Consumer Durables,6
413,STARHEALTH.NS,19.6,Insurance—Diversified,Insurance,7
598,COSMOFIRST.NS,19.6,Packaging & Containers,Packaging,6
320,MMTC.NS,19.8,Conglomerates,Conglomerates,5
149,LAOPALA.NS,20.0,"Furnishings, Fixtures & Appliances",Consumer Durables,4
127,HLEGLAS.NS,20.1,Specialty Industrial Machinery,Spl Ind Mach,4
378,WHIRLPOOL.NS,20.3,"Furnishings, Fixtures & Appliances",Consumer Durables,11
63,NAVINFLUOR.NS,20.4,Chemicals,Chemicals,1
194,MTARTECH.NS,20.7,Specialty Industrial Machinery,Spl Ind Mach,10
279,RENUKA.NS,20.8,Confectioners,Sugar,3
704,AARTIDRUGS.NS,21.0,Drug Manufacturers—Specialty & Generic,Pharma,47
264,CUB.NS,21.1,Banks—Regional,Banks,11
486,KIRIINDUS.NS,21.1,Specialty Chemicals,Spl Chemicals,32
621,MEDPLUS.NS,21.2,Pharmaceutical Retailers,Retail,10
18,AETHER.NS,21.4,Specialty Chemicals,Spl Chemicals,1
531,MAHLOG.NS,21.7,Integrated Freight & Logistics,Logistics,8
157,ADANIGREEN.NS,21.9,Utilities - Renewable,Utilities-Power,5
176,HNDFDS.NS,22.0,Packaged Foods,FMCG,7
131,UPL.NS,22.5,Agricultural Inputs,Agro chemical,3
642,AGI.NS,22.6,Packaging & Containers,Packaging,7
463,SBCL.NS,22.8,Metal Fabrication,Metal Fab,4
668,LUXIND.NS,22.8,Apparel Manufacturing,Textile,23
9,STLTECH.NS,23.0,Electrical Equipment & Parts,Electrical Equip,1
212,CAMLINFINE.NS,23.2,Specialty Chemicals,Spl Chemicals,6
350,SYMPHONY.NS,23.7,"Furnishings, Fixtures & Appliances",Consumer Durables,9
644,JINDALPOLY.NS,24.2,Specialty Chemicals,Spl Chemicals,42
202,AAVAS.NS,24.3,Mortgage Finance,NBFC,11
439,DATAPATTNS.NS,24.6,Aerospace & Defense,Defense,8
121,HIKAL.NS,25.6,Drug Manufacturers - Specialty & Generic,Pharma,9
409,ACLGATI.NS,25.9,Integrated Freight & Logistics,Logistics,6
145,TCIEXP.NS,26.1,Integrated Freight & Logistics,Logistics,2
576,ABFRL.NS,26.3,Apparel Manufacturing,Textile,20
335,ALLCARGO.NS,26.4,Integrated Freight & Logistics,Logistics,5
292,TATVA.NS,26.5,Specialty Chemicals,Spl Chemicals,14
309,EASEMYTRIP.NS,27.1,Travel Services,Airline&Serv,4
454,TARSONS.NS,27.8,Medical Instruments & Supplies,Medical Devices&Sup,2
412,HINDOILEXP.NS,28.0,Oil & Gas E&P,Oil&Gas,7
525,ADANIENT.NS,28.4,Thermal Coal,Coal,2
612,HGS.NS,29.0,Specialty Business Services,Spl Business Serv,3
17,FINOPB.NS,29.0,Banks - Regional,Banks,1
102,VMART.NS,30.5,Department Stores,Retail,3
76,DREAMFOLKS.NS,30.7,Airports & Air Services,Airline&Serv,2
690,GLOBUSSPR.NS,31.0,Beverages—Wineries & Distilleries,Alcohol,5
618,MOL.NS,31.4,Agricultural Inputs,Agro chemical,14
538,JINDWORLD.NS,32.7,Textile Manufacturing,Textile,18
699,TCNSBRANDS.NS,33.8,Apparel Manufacturing,Textile,24
308,CAMPUS.NS,34.3,Footwear & Accessories,Footwear,2
268,BARBEQUE.NS,34.7,Restaurants,Eatery&Restuarant Chain,3
456,POLYPLEX.NS,34.8,Specialty Chemicals,Spl Chemicals,28
613,PAYTM.NS,35.7,Software—Infrastructure,IT,31
269,ASTEC.NS,38.0,Agricultural Inputs,Agro chemical,6
419,BCG.NS,41.0,Advertising Agencies,Advert Agencies,1
351,DELTACORP.NS,42.2,Resorts & Casinos,Hotel&Resort,3
330,AWL.NS,44.2,Packaged Foods,FMCG,17
404,RAJESHEXPO.NS,61.2,Luxury Goods,Luxury&jewel Goods,4
482,ATGL.NS,74.8,Utilities—Regulated Gas,Utilities—Reg  Gas,3
661,SARDAEN.NS,75.5,Steel,Metals,27
