old,new
Corporation of India,Corp. of India
Drug Manufacturers—General,Pharma-General
Engineering & Construction,Engr./Constr
Agricultural,Agri.
Chemicals,Chem.
Financial,Fin.
Estate,Est.
 - Regional,
Drug Manufacturers—Specialty & Generic,Pharma-Specialty/Generic
Regional,
Drug Manufacturers - Specialty & Generic,Pharma-Specialty/Generic
Drug Manufacturers - General,Pharma-General
Farm & Heavy Construction Machinery,Farm/Heavy Mach.
Information Technology ,IT 
 Equipment , Equip 
 Equipment, Equip
Other Industrial Metals & Mining,Other Metals/Mining
Pharmaceutical ,Pharma 
 Infrastructure, Infra
Independent,
Infrastructure ,Infra 
Lodging,Hotel
Medical Care Facilities,Hospital
Integrated Freight & Logistics,Freight/Logistics
 & ,/
 - ,-
 — ,-
 and ,/
Manufacturing,Mfg.
Development,Develp.
Industrial,Ind.
Services,Serv.
Manufacturers,Mfg.
Electrical,Elect.
Products,prod.
Machinery,Mach.
Communication,Comm.
Specialty,Spl.
Biotechnology,Biotech
Fabrication,Fab.
Production,Prod.
Conglomerates,Conglo.
Finance,Fin.
Management,Mgmt.
Packaged,Pkg.
Advertising,Advert.
Education,Edu.
