Symbol,symbol
^NSEI,
^NSEMDCP50,
NIFTYSMLCAP250.NS,
NIFTY_MICROCAP250.NS,
BSE-500.BO,
^CRSLDX,
BSE-IPO.BO,
BTC-USD,
GOLDBEES.NS,
SBIGETS.BO,
^NSEBANK,
PSUBNKBEES.BO,
^CNXPSUBANK,
NIFTYPVTBANK.NS,
NIFTY_FIN_SERVICE.NS,
^CNXAUTO,
^CNXCMDT,
^CNXMETAL,
^CNXINFRA,
ICICIINFRA.NS,
^CNXENERGY,
^CNXREALTY,
PHARMABEES.NS,
^CNXPHARMA,
^CNXFMCG,
^CNXCONSUM,
AXISCETF.NS,
^CNXIT,
MON100.NS,
MAFANG.NS,
HNGSNGBEES.NS,
MAHKTECH.NS,
CPSEETF.NS,
SILVERBEES.NS,
DSPPSBKETF.NS,
ESILVER.NS,
HDFCMID150.NS,
HDFCPVTBAN.NS,
HDFCSML250.NS,
HDFCBSE500.NS,
ICICICOMMO.NS,
PSUBANKICI.NS,
KOTAKCONS.NS,
KOTAKMNC.NS,
ITETF.NS,
MOHEALTH.NS,
ICICIAUTO.NS,
ICICIFMCG.NS,
ICICIPHARM.NS,
HEALTHY.NS,
ITBEES.NS,
MID150BEES.NS,
ICICIBANKP.NS,
PSUBNKBEES.NS,
MASPTOP50.NS,
DSPGOLDETF.NS,
DSPPVBKETF.NS,
ICICINF100.NS,
SBIETFCON.NS,
360ONE.NS,
3MINDIA.NS,
ABB.NS,
ACC.NS,
AIAENG.NS,
APLAPOLLO.NS,
AUBANK.NS,
AARTIIND.NS,
AAVAS.NS,
ABBOTINDIA.NS,
ACE.NS,
ADANIENSOL.NS,
ADANIENT.NS,
ADANIGREEN.NS,
ADANIPORTS.NS,
ADANIPOWER.NS,
ATGL.NS,
AWL.NS,
ABCAPITAL.NS,
ABFRL.NS,
AEGISCHEM.NS,
AETHER.NS,
AFFLE.NS,
AJANTPHARM.NS,
APLLTD.NS,
ALKEM.NS,
ALKYLAMINE.NS,
STANLEY.NS,
AVONMORE.NS,
AUTOIND.NS,
ALLCARGO.NS,
ALOKINDS.NS,
ARE&M.NS,
AMBER.NS,
AMBUJACEM.NS,
ANANDRATHI.NS,
ANGELONE.NS,
ANURAS.NS,
APARINDS.NS,
APOLLOHOSP.NS,
APOLLOTYRE.NS,
APTUS.NS,
ACI.NS,
ASAHIINDIA.NS,
ASHOKLEY.NS,
ASIANPAINT.NS,
ASTERDM.NS,
ASTRAZEN.NS,
ASTRAL.NS,
ATUL.NS,
AUROPHARMA.NS,
AVANTIFEED.NS,
DMART.NS,
AXISBANK.NS,
BEML.NS,
BLS.NS,
BSE.NS,
BAJAJ-AUTO.NS,
BAJFINANCE.NS,
BAJAJFINSV.NS,
BAJAJHLDNG.NS,
BALAMINES.NS,
BALKRISIND.NS,
BALRAMCHIN.NS,
BANDHANBNK.NS,
BANKBARODA.NS,
BANKINDIA.NS,
MAHABANK.NS,
BATAINDIA.NS,
BAYERCROP.NS,
BERGEPAINT.NS,
BDL.NS,
BEL.NS,
BHARATFORG.NS,
BHEL.NS,
BPCL.NS,
BHARTIARTL.NS,
BIKAJI.NS,
BIOCON.NS,
BIRLACORPN.NS,
BSOFT.NS,
BLUEDART.NS,
BLUESTARCO.NS,
BBTC.NS,
BORORENEW.NS,
BOSCHLTD.NS,
BRIGADE.NS,
BRITANNIA.NS,
MAPMYINDIA.NS,
CCL.NS,
CESC.NS,
CGPOWER.NS,
CIEINDIA.NS,
CRISIL.NS,
CSBBANK.NS,
CAMPUS.NS,
CANFINHOME.NS,
CANBK.NS,
CAPLIPOINT.NS,
CGCL.NS,
CARBORUNIV.NS,
CASTROLIND.NS,
CEATLTD.NS,
CELLO.NS,
CENTRALBK.NS,
CDSL.NS,
CENTURYPLY.NS,
CENTURYTEX.NS,
CERA.NS,
CHALET.NS,
CHAMBLFERT.NS,
CHEMPLASTS.NS,
CHENNPETRO.NS,
CHOLAHLDNG.NS,
CHOLAFIN.NS,
CIPLA.NS,
CUB.NS,
CLEAN.NS,
COALINDIA.NS,
COCHINSHIP.NS,
COFORGE.NS,
COLPAL.NS,
CAMS.NS,
CONCORDBIO.NS,
CONCOR.NS,
COROMANDEL.NS,
CRAFTSMAN.NS,
CREDITACC.NS,
CROMPTON.NS,
CUMMINSIND.NS,
CYIENT.NS,
DCMSHRIRAM.NS,
DLF.NS,
DOMS.NS,
DABUR.NS,
DALBHARAT.NS,
DATAPATTNS.NS,
DEEPAKFERT.NS,
DEEPAKNTR.NS,
DELHIVERY.NS,
DEVYANI.NS,
DIVISLAB.NS,
DIXON.NS,
LALPATHLAB.NS,
DRREDDY.NS,
EIDPARRY.NS,
EIHOTEL.NS,
EPL.NS,
EASEMYTRIP.NS,
EICHERMOT.NS,
ELECON.NS,
ELGIEQUIP.NS,
EMAMILTD.NS,
ENDURANCE.NS,
ENGINERSIN.NS,
EQUITASBNK.NS,
ERIS.NS,
ESCORTS.NS,
EXIDEIND.NS,
FDC.NS,
NYKAA.NS,
FEDERALBNK.NS,
FACT.NS,
FINEORG.NS,
FINCABLES.NS,
FINPIPE.NS,
FSL.NS,
FIVESTAR.NS,
FORTIS.NS,
GAIL.NS,
GMMPFAUDLR.NS,
GMRINFRA.NS,
GRSE.NS,
GICRE.NS,
GILLETTE.NS,
GLAND.NS,
GLAXO.NS,
GLS.NS,
GLENMARK.NS,
MEDANTA.NS,
GPIL.NS,
GODFRYPHLP.NS,
GODREJCP.NS,
GODREJIND.NS,
GODREJPROP.NS,
GRANULES.NS,
GRAPHITE.NS,
GRASIM.NS,
GESHIP.NS,
GRINDWELL.NS,
GAEL.NS,
FLUOROCHEM.NS,
GUJGASLTD.NS,
GMDCLTD.NS,
GNFC.NS,
GPPL.NS,
GSFC.NS,
GSPL.NS,
HEG.NS,
HBLPOWER.NS,
HCLTECH.NS,
HDFCAMC.NS,
HDFCBANK.NS,
HDFCLIFE.NS,
HFCL.NS,
HAPPSTMNDS.NS,
HAPPYFORGE.NS,
HAVELLS.NS,
HEROMOTOCO.NS,
HSCL.NS,
HINDALCO.NS,
HAL.NS,
HINDCOPPER.NS,
HINDPETRO.NS,
HINDUNILVR.NS,
HINDZINC.NS,
POWERINDIA.NS,
HOMEFIRST.NS,
HONASA.NS,
HONAUT.NS,
HUDCO.NS,
ICICIBANK.NS,
ICICIGI.NS,
ICICIPRULI.NS,
ISEC.NS,
IDBI.NS,
IDFCFIRSTB.NS,
IDFC.NS,
IIFL.NS,
IRB.NS,
IRCON.NS,
ITC.NS,
ITI.NS,
INDIACEM.NS,
IBULHSGFIN.NS,
INDIAMART.NS,
INDIANB.NS,
IEX.NS,
INDHOTEL.NS,
IOC.NS,
IOB.NS,
IRCTC.NS,
IRFC.NS,
INDIGOPNTS.NS,
IGL.NS,
INDUSTOWER.NS,
INDUSINDBK.NS,
NAUKRI.NS,
INFY.NS,
INOXWIND.NS,
INTELLECT.NS,
INDIGO.NS,
IPCALAB.NS,
JBCHEPHARM.NS,
JKCEMENT.NS,
JBMA.NS,
JKLAKSHMI.NS,
JKPAPER.NS,
JMFINANCIL.NS,
JSWENERGY.NS,
JSWINFRA.NS,
JSWSTEEL.NS,
JAIBALAJI.NS,
J&KBANK.NS,
JINDALSAW.NS,
JSL.NS,
JINDALSTEL.NS,
JIOFIN.NS,
JUBLFOOD.NS,
JUBLINGREA.NS,
JUBLPHARMA.NS,
JWL.NS,
JUSTDIAL.NS,
JYOTHYLAB.NS,
KPRMILL.NS,
KEI.NS,
KNRCON.NS,
KPITTECH.NS,
KRBL.NS,
KSB.NS,
KAJARIACER.NS,
KPIL.NS,
KALYANKJIL.NS,
KANSAINER.NS,
KARURVYSYA.NS,
KAYNES.NS,
KEC.NS,
KFINTECH.NS,
KOTAKBANK.NS,
KIMS.NS,
LTF.NS,
LTTS.NS,
LICHSGFIN.NS,
LTIM.NS,
LT.NS,
LATENTVIEW.NS,
LAURUSLABS.NS,
LXCHEM.NS,
LEMONTREE.NS,
LICI.NS,
LINDEINDIA.NS,
LLOYDSME.NS,
LUPIN.NS,
MMTC.NS,
MRF.NS,
MTARTECH.NS,
LODHA.NS,
MGL.NS,
MAHSEAMLES.NS,
M&MFIN.NS,
M&M.NS,
MHRIL.NS,
MAHLIFE.NS,
MANAPPURAM.NS,
MRPL.NS,
MANKIND.NS,
MARICO.NS,
MARUTI.NS,
MASTEK.NS,
MFSL.NS,
MAXHEALTH.NS,
MAZDOCK.NS,
MEDPLUS.NS,
METROBRAND.NS,
METROPOLIS.NS,
MINDACORP.NS,
MSUMI.NS,
MOTILALOFS.NS,
MPHASIS.NS,
MCX.NS,
MUTHOOTFIN.NS,
NATCOPHARM.NS,
NBCC.NS,
NCC.NS,
NHPC.NS,
NLCINDIA.NS,
NMDC.NS,
NSLNISP.NS,
NTPC.NS,
NH.NS,
NATIONALUM.NS,
NAVINFLUOR.NS,
NESTLEIND.NS,
NETWORK18.NS,
NAM-INDIA.NS,
NUVAMA.NS,
NUVOCO.NS,
OBEROIRLTY.NS,
ONGC.NS,
OIL.NS,
OLECTRA.NS,
PAYTM.NS,
OFSS.NS,
POLICYBZR.NS,
PCBL.NS,
PIIND.NS,
PNBHOUSING.NS,
PNCINFRA.NS,
PVRINOX.NS,
PAGEIND.NS,
PATANJALI.NS,
PERSISTENT.NS,
PETRONET.NS,
PHOENIXLTD.NS,
PIDILITIND.NS,
PEL.NS,
PPLPHARMA.NS,
POLYMED.NS,
POLYCAB.NS,
POONAWALLA.NS,
PFC.NS,
POWERGRID.NS,
PRAJIND.NS,
PRESTIGE.NS,
PRINCEPIPE.NS,
PRSMJOHNSN.NS,
PGHH.NS,
PNB.NS,
QUESS.NS,
RRKABEL.NS,
RBLBANK.NS,
RECLTD.NS,
RHIM.NS,
RITES.NS,
RADICO.NS,
RVNL.NS,
RAILTEL.NS,
RAINBOW.NS,
RAJESHEXPO.NS,
RKFORGE.NS,
RCF.NS,
RATNAMANI.NS,
RTNINDIA.NS,
RAYMOND.NS,
REDINGTON.NS,
RELIANCE.NS,
RBA.NS,
ROUTE.NS,
SBFC.NS,
SBICARD.NS,
SBILIFE.NS,
SJVN.NS,
SKFINDIA.NS,
SRF.NS,
SAFARI.NS,
MOTHERSON.NS,
SANOFI.NS,
SAPPHIRE.NS,
SAREGAMA.NS,
SCHAEFFLER.NS,
SCHNEIDER.NS,
SHREECEM.NS,
RENUKA.NS,
SHRIRAMFIN.NS,
SHYAMMETL.NS,
SIEMENS.NS,
SIGNATURE.NS,
SOBHA.NS,
SOLARINDS.NS,
SONACOMS.NS,
SONATSOFTW.NS,
STARHEALTH.NS,
SBIN.NS,
SAIL.NS,
SWSOLAR.NS,
STLTECH.NS,
SUMICHEM.NS,
SPARC.NS,
SUNPHARMA.NS,
SUNTV.NS,
SUNDARMFIN.NS,
SUNDRMFAST.NS,
SUNTECK.NS,
SUPREMEIND.NS,
SUVENPHAR.NS,
SUZLON.NS,
SWANENERGY.NS,
SYNGENE.NS,
SYRMA.NS,
TV18BRDCST.NS,
TVSMOTOR.NS,
TVSSCS.NS,
TMB.NS,
TANLA.NS,
TATACHEM.NS,
TATACOMM.NS,
TCS.NS,
TATACONSUM.NS,
TATAELXSI.NS,
TATAINVEST.NS,
TATAMTRDVR.NS,
TATAMOTORS.NS,
TATAPOWER.NS,
TATASTEEL.NS,
TATATECH.NS,
TTML.NS,
TECHM.NS,
TEJASNET.NS,
NIACL.NS,
RAMCOCEM.NS,
THERMAX.NS,
TIMKEN.NS,
TITAGARH.NS,
TITAN.NS,
TORNTPHARM.NS,
TORNTPOWER.NS,
TRENT.NS,
TRIDENT.NS,
TRIVENI.NS,
TRITURBINE.NS,
TIINDIA.NS,
UCOBANK.NS,
UNOMINDA.NS,
UPL.NS,
UTIAMC.NS,
UJJIVANSFB.NS,
ULTRACEMCO.NS,
UNIONBANK.NS,
UBL.NS,
MCDOWELL-N.NS,
USHAMART.NS,
VGUARD.NS,
VIPIND.NS,
VAIBHAVGBL.NS,
VTL.NS,
VARROC.NS,
VBL.NS,
MANYAVAR.NS,
VEDL.NS,
VIJAYA.NS,
IDEA.NS,
VOLTAS.NS,
WELCORP.NS,
WELSPUNLIV.NS,
WESTLIFE.NS,
WHIRLPOOL.NS,
WIPRO.NS,
YESBANK.NS,
ZFCVINDIA.NS,
ZEEL.NS,
ZENSARTECH.NS,
ZOMATO.NS,
ZYDUSLIFE.NS,
ECLERX.NS,
AGI.NS,
ASKAUTOLTD.NS,
AARTIDRUGS.NS,
AARTIPHARM.NS,
ACCELYA.NS,
ADVENZYMES.NS,
AHLUCONT.NS,
AMIORG.NS,
ANANTRAJ.NS,
ARVINDFASN.NS,
ARVIND.NS,
ASHOKA.NS,
ASTRAMICRO.NS,
AVALON.NS,
AZAD.NS,
BASF.NS,
BAJAJCON.NS,
BAJAJHIND.NS,
BALMLAWRIE.NS,
BANCOINDIA.NS,
BARBEQUE.NS,
BEPL.NS,
BLUEJET.NS,
BOMDYEING.NS,
CARERATING.NS,
CMSINFO.NS,
CAMLINFINE.NS,
CARTRADE.NS,
CHOICEIN.NS,
CIGNITITEC.NS,
CONFIPET.NS,
CYIENTDLM.NS,
DBCORP.NS,
DCBBANK.NS,
DCXINDIA.NS,
DALMIASUG.NS,
DATAMATICS.NS,
DELTACORP.NS,
DEN.NS,
DHANI.NS,
DHANUKA.NS,
DBL.NS,
DISHTV.NS,
DCAL.NS,
DODLA.NS,
DREAMFOLKS.NS,
ESAFSFB.NS,
EDELWEISS.NS,
EMIL.NS,
ELECTCAST.NS,
EPIGRAL.NS,
ETHOSLTD.NS,
EVEREADY.NS,
FEDFINA.NS,
FIEMIND.NS,
FCL.NS,
FLAIR.NS,
FUSION.NS,
GRINFRA.NS,
GHCL.NS,
GABRIEL.NS,
GALAXYSURF.NS,
GANESHHOUC.NS,
GRWRHITECH.NS,
GATEWAY.NS,
GLOBUSSPR.NS,
GOCOLORS.NS,
GODREJAGRO.NS,
GOKEX.NS,
GRAVITA.NS,
GREAVESCOT.NS,
GREENPANEL.NS,
GREENPLY.NS,
GUFICBIO.NS,
GUJALKALI.NS,
GULFOILLUB.NS,
HGINFRA.NS,
HLEGLAS.NS,
HMAAGRO.NS,
HATHWAY.NS,
HEIDELBERG.NS,
HEMIPROP.NS,
HERITGFOOD.NS,
HIKAL.NS,
HCC.NS,
HINDOILEXP.NS,
HINDWAREAP.NS,
IFBIND.NS,
IFCI.NS,
IIFLSEC.NS,
IKIO.NS,
INOXINDIA.NS,
IOLCP.NS,
ITDCEM.NS,
IDEAFORGE.NS,
INDIAGLYCO.NS,
IPL.NS,
INDIASHLTR.NS,
IBREALEST.NS,
IMFA.NS,
ICIL.NS,
INDOCO.NS,
INFIBEAM.NS,
INGERRAND.NS,
IONEXCHANG.NS,
ISGEC.NS,
JKIL.NS,
JKTYRE.NS,
JSWHL.NS,
JTEKTINDIA.NS,
JTLIND.NS,
JAICORPLTD.NS,
JISLJALEQS.NS,
JPASSOCIAT.NS,
JPPOWER.NS,
JAMNAAUTO.NS,
JINDWORLD.NS,
JCHAC.NS,
JLHL.NS,
JYOTICNC.NS,
KPIGREEN.NS,
KTKBANK.NS,
KSCL.NS,
KESORAMIND.NS,
KIRLOSBROS.NS,
KIRLOSENG.NS,
KOLTEPATIL.NS,
KRSNAA.NS,
LGBBROSLTD.NS,
LTFOODS.NS,
LAOPALA.NS,
LANDMARK.NS,
LLOYDSENGG.NS,
LUXIND.NS,
MASFIN.NS,
MOIL.NS,
MSTCLTD.NS,
MAHLOG.NS,
MAITHANALL.NS,
MANINFRA.NS,
MARKSANS.NS,
MIDHANI.NS,
BECTORFOOD.NS,
MUTHOOTMF.NS,
NESCO.NS,
NIITMTS.NS,
NOCIL.NS,
NRBBEARING.NS,
NFL.NS,
NAVA.NS,
NAVNETEDUL.NS,
NAZARA.NS,
NETWEB.NS,
NEULANDLAB.NS,
NEWGEN.NS,
NUCLEUS.NS,
OPTIEMUS.NS,
ORIENTCEM.NS,
ORIENTELEC.NS,
ORISSAMINE.NS,
PDSL.NS,
PGEL.NS,
PSPPROJECT.NS,
PTC.NS,
PAISALO.NS,
PARADEEP.NS,
PARAS.NS,
PATELENG.NS,
POLYPLEX.NS,
POWERMECH.NS,
PRICOLLTD.NS,
PURVA.NS,
RAIN.NS,
RALLIS.NS,
RAMKY.NS,
RATEGAIN.NS,
RTNPOWER.NS,
REDTAPE.NS,
RELINFRA.NS,
RPOWER.NS,
RELIGARE.NS,
RESPONIND.NS,
ROSSARI.NS,
SAGCEM.NS,
KALAMANDIR.NS,
SAMHI.NS,
SANDUMA.NS,
SANGHIIND.NS,
SANGHVIMOV.NS,
SANSERA.NS,
SARDAEN.NS,
SENCO.NS,
SEQUENT.NS,
SHARDAMOTR.NS,
SHAREINDIA.NS,
SFL.NS,
SHILPAMED.NS,
SCI.NS,
SBCL.NS,
SHOPERSTOP.NS,
SINDHUTRAD.NS,
SOUTHBANK.NS,
SPANDANA.NS,
STARCEMENT.NS,
SSWL.NS,
STAR.NS,
STYLAMIND.NS,
SUDARSCHEM.NS,
SULA.NS,
SUNCLAY.NS,
SUNFLAG.NS,
SUPRAJIT.NS,
SPLPETRO.NS,
SUPRIYA.NS,
SURYAROSNI.NS,
TARC.NS,
TCNSBRANDS.NS,
TDPOWERSYS.NS,
TTKPRESTIG.NS,
TVSHLTD.NS,
TARSONS.NS,
TEAMLEASE.NS,
TECHNOE.NS,
TEGA.NS,
TEXRAIL.NS,
TIRUMALCHM.NS,
THOMASCOOK.NS,
TIDEWATER.NS,
TI.NS,
TIMETECHNO.NS,
TIPSINDLTD.NS,
UFLEX.NS,
UJJIVAN.NS,
UNIPARTS.NS,
UTKARSHBNK.NS,
VMART.NS,
VSTTILLERS.NS,
VRLLOG.NS,
WABAG.NS,
DBREALTY.NS,
VENKEYS.NS,
VOLTAMP.NS,
WELENT.NS,
WSTCSTPAPR.NS,
WOCKPHARMA.NS,
WONDERLA.NS,
YATHARTH.NS,
ZENTEC.NS,
ZYDUSWELL.NS,
EMUDHRA.NS,
xxxxxxxx,
HATSUN.NS,
TAALENT.BO,
ASALCBR.NS,
GMBREW.NS,
BHARATSE.BO,
PPAP.NS,
SWARAJENG.NS,
PIXTRANS.NS,
TALBROAUTO.NS,
MACPLASQ.BO,
ATULAUTO.NS,
RACLGEAR.BO,
FLUIDOM.BO,
GALXBRG.BO,
DHABRIYA.BO,
GREENLAM.NS,
HONDAPOWER.NS,
AMTL.BO,
ESABINDIA.NS,
MACPOWER.NS,
DENORA.NS,
ROTO.NS,
TIIL.NS,
EKC.NS,
DHPIND.BO,
ADORFO.BO,
KIRLPNU.NS,
SOMICONVEY.NS,
RAJOOENG.BO,
PERMAGN.BO,
ADORWELD.NS,
OCCL.NS,
ASIANTILES.NS,
POKARNA.NS,
AKZOINDIA.NS,
AMNPLST.NS,
BHAGERIA.NS,
OAL.NS,
DYNPRO.NS,
FAIRCHEMOR.NS,
GANECOS.NS,
JUBLINDS.NS,
MOL.NS,
PAUSHAKLTD.BO,
VIDHIING.NS,
VINATIORGA.NS,
VALIANTORG.NS,
PRIVISCL.NS,
TATVA.NS,
APCOTEXIND.NS,
NEOGEN.NS,
NGLFINE.NS,
REFEX.NS,
VISHNU.NS,
AIMCOPEST.BO,
DCW.NS,
YASHO.NS,
TANFACIND.BO,
HPAL.NS,
HAWKINCOOK.BO,
CUPID.NS,
BCONCEPTS.NS,
SWISSMLTRY.BO,
SIKA.BO,
PREMEXPLN.NS,
NIYOGIN.BO,
FRSHTRP.BO,
ADFFOODS.NS,
ATFL.NS,
DFM.BO,
AMRUTANJAN.NS,
TASTYBITE.NS,
HNDFDS.NS,
DIAMONDYD.NS,
SKYGOLD.NS,
BOROLTD.NS,
SINCLAIR.BO,
XELPMOC.NS,
EXPLEOSOL.NS,
SAKSOFT.NS,
KSOLVES.NS,
RAMINFO.BO,
CEINSYSTECH.BO,
TCIEXP.NS,
TCI.NS,
TIGERLOGS.BO,
WATERBASE.BO,
ALUFLUOR.BO,
RPEL.BO,
VENUSPIPES.NS,
BMW.BO,
HARIOMPIPE.NS,
L&TFH.NS,
ARMANFIN.NS,
PANAMAPET.NS,
GRAUWEIL.BO,
SHILGRAVQ.BO,
ESTER.NS,
EKI.BO,
SIS.NS,
CONTROLPR.NS,
ARROWGREEN.NS,
TINNARUBR.BO,
INNOVTEC.BO,
MOLDTKPAC.NS,
TCPLPACK.NS,
XPROINDIA.NS,
RUCHIRA.NS,
PAKKA.NS,
ASTEC.NS,
HESTERBIO.NS,
SIGACHI.NS,
NITTAGELA.BO,
WANBURY.NS,
BDH.BO,
GUJTHEM.BO,
PLASTIBLEN.NS,
PRIMAPLA.BO,
SHAILY.NS,
SERVOTECH.NS,
BIGBLOC.NS,
MAJESAUT.BO,
AVL.BO,
CARYSIL.NS,
SUYOG.BO,
GARFIBRES.NS,
SPLIL.NS,
VARDHACRLC.NS,
FAZE3Q.NS,
AMBIKCO.NS,
PRAVEG.BO,
INDAG.BO,
RAJRATAN.NS,
AURUM.NS,
WINDLAS.NS,
COSMOFIRST.NS,
MAXIND.NS,
KINGFA.NS,
JYOTIRES.BO,
HITECH.NS,
AVROIND.NS,
GUJTLRM.BO,
VESUVIUS.NS,
GANESHBE.NS,
OMINFRAL.NS,
RADIANTCMS.NS,
xxxxxxxxxxxxxxxxxxxx,
20MICRONS.NS,
5PAISA.NS,
AARTIIND.BO,
AARTIPHARM.BO,
AARTISURF.NS,
ABFRL.BO,
ADANIPORTS.BO,
ADFFOODS.BO,
ADL.NS,
ADVAIT.BO,
ADVANIHOTR.NS,
AEGISLOG.BO,
AEGISLOG.NS,
AEROFLEX.NS,
AETHER.BO,
AFFORDABLE.BO,
AIMCOPEST.NS,
AJMERA.NS,
AKSHARCHEM.NS,
AKZOINDIA.BO,
ALEMBICLTD.NS,
ALICON.NS,
ALKOSIGN.BO,
ALUFLUOR.NS,
AMARAJABAT.BO,
AMARAJABAT.NS,
AMBIKCO.BO,
AMNPLST.BO,
AMRUTANJAN.BO,
AMTL.NS,
ANDHRAPET.BO,
ANUHPHR.BO,
APCOTEXIND.BO,
APLAB.BO,
APLAPOLLO.BO,
APOLLO.BO,
APOLLO.NS,
APOLLOPIPE.NS,
AROGRANITE.NS,
ARROWGREEN.BO,
ARTSONEN.BO,
ASALCBR.BO,
ASHOKLEY.BO,
ASTEC.BO,
ASTRAMICRO.BO,
ATUL.BO,
ATULAUTO.BO,
AUTOAXLES.NS,
AVANTEL.BO,
AVANTEL.NS,
AVANTI.BO,
AVANTI.NS,
AVL.NS,
AXISCADES.NS,
BAJAJELEC.NS,
BAJAJHCARE.NS,
BCONCEPTS.BO,
BDH.NS,
BHARATGEAR.NS,
BHARTIHEXA.NS,
BIRLACABLE.NS,
BMW.NS,
BODALCHEM.NS,
BONDADA.BO,
BUTTERFLY.NS,
CANTABIL.NS,
CAPACITE.NS,
CAPPL.BO,
CAPPL.NS,
CCLINTER.BO,
CEINSYSTECH.NS,
CHEMBOND.NS,
CHEMCON.NS,
CNCRD.BO,
CONCORD.BO,
CRAVATEX.BO,
DANLAW.BO,
DANLAW.NS,
DCM.NS,
DCMNVL.NS,
DCMSRIND.NS,
DEEPAKNI.BO,
DEEPAKNI.NS,
DELTA.BO,
DENTALKART.NS,
DHABRIYA.NS,
DHPIND.NS,
DIACABS.NS,
DLINKINDIA.NS,
DOLLAR.NS,
DONEAR.NS,
DRONACHRYA.BO,
DRONACHRYA.NS,
DYNAMATECH.NS,
ECOPLAST.BO,
ECORECO.BO,
ECORECO.NS,
EMAMILTD.BO,
EMMBI.NS,
ENERGYDEV.NS,
ENKEIWHEL.BO,
ESSARSHPNG.NS,
EVERESTIND.NS,
EXICOM.NS,
FERMENTA.BO,
FLUIDOM.NS,
FMGOETZE.NS,
FORCEMOT.BO,
FORCEMOT.NS,
FORTISMLR.BO,
FOSECOIND.NS,
FROG.NS,
FRONTSP.BO,
FRONTSP.NS,
FRSHTRP.NS,
GANDHITUBE.NS,
GARBIFIN.BO,
GENSOL.NS,
GENUSPOWER.NS,
GET&D.NS,
GNA.NS,
GOACARBON.NS,
GOEL.BO,
GOODLUCK.NS,
GOODYEAR.BO,
GRAUWEIL.NS,
GREENPOWER.NS,
GUJTHEM.NS,
GULFPETRO.NS,
HALDYNGL.BO,
HARSHA.NS,
HAWKINCOOK.NS,
HAZOOR.BO,
HCG.NS,
HERANBA.NS,
HIL.NS,
HIMATSEIDE.NS,
HITECHGEAR.NS,
HTMEDIA.NS,
ICEMAKE.NS,
ICRA.NS,
INDIANCARD.NS,
INDNIPPON.NS,
INDOAMIN.NS,
INDOBORAX.BO,
INDOBORAX.NS,
INDRENEW.BO,
INDTERRAIN.NS,
INDTONER.BO,
INFLAME.BO,
INFLAME.NS,
INFOBEAN.NS,
INNOVATORS.BO,
INOXGREEN.NS,
INSECTICID.NS,
INTLCONV.NS,
IREDA.NS,
IRIS.NS,
IRMENERGY.NS,
IZMO.NS,
JASCH.BO,
JENBURPH.BO,
JINDALPOLY.NS,
JOCIL.NS,
JTAPARIA.BO,
JUNIPER.NS,
JYOTI.BO,
JYOTIRES.NS,
JYOTISTRUC.NS,
KALYANCAP.BO,
KALYANI.BO,
KALYANIFRG.NS,
KHADIM.NS,
KILPEST.BO,
KILPEST.NS,
KIRLOSIND.NS,
KIRLPNU.BO,
KITEX.NS,
LANCER.BO,
LIBERTSHOE.NS,
LIKHITHA.NS,
LINC.NS,
LINCOLN.NS,
LOKESHMACH.NS,
LOTUSCHO.BO,
LOTUSEYE.NS,
LOVABLE.NS,
LUMAXIND.NS,
LUMAXTECH.NS,
MACPLASQ.NS,
MAHSCOOTER.NS,
MAJESAUT.NS,
MANINDS.NS,
MARKOLINES.BO,
MATRIMONY.NS,
MEGATHERM-ST.NS,
MIRZAINT.NS,
MOLDTECH.NS,
MONTECARLO.NS,
MOTISONS.NS,
MRP.BO,
MSTC.BO,
MSTC.NS,
MUFTI.NS,
MUNJALAU.NS,
MUNJALSHOW.NS,
MUTHOOTCAP.NS,
NATHBIOGEN.NS,
NAYSAA.BO,
NCLIND.NS,
NELCO.NS,
NESTLEIND.BO,
NEWJAISA-ST.NS,
NIBE.BO,
NIITLTD.NS,
NILE.BO,
NILKAMAL.NS,
NITCO.NS,
NITTAGELA.NS,
NIYOGIN.NS,
NOVARTIND.BO,
NURECA.NS,
OLATECH.BO,
OMAXAUTO.NS,
OMKARCHEM.NS,
ONMOBILE.NS,
PALASHSECU.NS,
PARAGMILK.NS,
PAUSHAKLTD.NS,
PENIND.NS,
PENINLAND.NS,
PERMAGN.NS,
PERSISTENT.BO,
PFIZER.NS,
PHANTOMFX.NS,
PITTIENG.NS,
PODDARHOUS.NS,
PRAVEG.NS,
PRAXIS.NS,
PRECAM.NS,
PRECISIO.BO,
PRECWIRE.NS,
PREMCO.BO,
PREMEXPLQ.BO,
PREMEXPLQ.NS,
PREVEST.BO,
PREVEST.NS,
PRIMAPLA.NS,
PROTEAN.BO,
PROTEAN.NS,
QUICKHEAL.NS,
RACLGEAR.NS,
RAJGLOWIR.BO,
RAJGLOWIR.NS,
RAJOOENG.NS,
RAMINFO.NS,
RANEENGINE.NS,
REFEX.BO,
REFEXRENEW.BO,
RELAXO.NS,
REPRO.NS,
RICOAUTO.NS,
ROLEXRINGS.NS,
RPEL.NS,
RPGLIFE.NS,
RSWM.NS,
RUPA.NS,
RUSHIL.NS,
SAFARIND.BO,
SAFARIND.NS,
SAINTGOBAIN.BO,
SALZERELEC.NS,
SARLAPOLY.NS,
SASKEN.NS,
SAYAJIIND.BO,
SECURKLOUD.NS,
SERVOTEACH.BO,
SETCO.NS,
SEYAIND.NS,
SHAKTIPR.BO,
SHAKTIPUMP.NS,
SHALBY.NS,
SHALIWIR.BO,
SHALPAINTS.NS,
SHANKARA.NS,
SHANTIGEAR.NS,
SHEMAROO.NS,
SHILGRAVQ.NS,
SHIVALIK.NS,
SIKA.NS,
SINCLAIR.NS,
SIRCA.NS,
SKIPPER.NS,
SMARTLINK.NS,
SML.BO,
SMLISUZU.NS,
SMSPHARMA.NS,
SNOWMAN.NS,
SOLARA.NS,
SOMANYCERA.NS,
SOMICONV.BO,
SOMICONV.NS,
SPECIALITY.NS,
SPENCERS.NS,
SPORTKING.NS,
SPRAYKING.BO,
STARPAPER.NS,
STERTOOLS.NS,
STOVACQ.BO,
STOVACQ.NS,
STOVEKRAFT.NS,
STYRENIX.NS,
SUBROS.NS,
SUNITATOOL.BO,
SUPERHOUSE.NS,
SUPREME.BO,
SUTLEJTEX.NS,
SUVEN.NS,
SUYOG.NS,
SWISSMLTRY.NS,
SYMPHONY.NS,
TAALENT.NS,
TAJGVK.NS,
TAKE.NS,
TALBROSENG.BO,
TANAA.BO,
TANAA.NS,
TANFACIND.NS,
TAPARIA.BO,
TASTYBIT.BO,
TASTYBIT.NS,
TATACOFFEE.BO,
TATACOFFEE.NS,
TATAMETALI.BO,
TATAMETALI.NS,
TECHNOPACK.BO,
THANGAMAYL.NS,
THEMISMED.NS,
THYROCARE.NS,
TIGERLOGS.NS,
TINNARUBR.NS,
TINNATFL.BO,
TINPLATE.BO,
TINPLATE.NS,
TOKYOPLAST.NS,
TRACXN.NS,
TRIGYN.NS,
TTKHLTCARE.NS,
TVTODAY.NS,
TYCHE.BO,
UCAL.NS,
V2RETAIL.NS,
VADILALIND.NS,
VALIANT.BO,
VALIANTLAB.NS,
VENUSREM.NS,
VETO.NS,
VIKASECO.NS,
VINDHYATEL.NS,
VINYLINDIA.NS,
VIPULORG.BO,
VIRINCHI.NS,
VISASTEEL.NS,
VMARCIND.NS,
VPL.BO,
VSTIND.NS,
WAAREE.BO,
WAAREERTL.BO,
WAAREERTL.NS,
WALCHANNAG.NS,
WATERBASE.NS,
WENDT.NS,
WIMPLAST.BO,
XCHANGING.NS,
YATRA.NS,
YUKEN.NS,
ZAGGLE.NS,
GATI.NS,
KOTYARK.NS,
WPIL.NS,
MODIS.BO,
SGMART.BO,
NIDHGRN.BO,
VISHALBL.BO,
ACL.NS,
PSB.NS,
KIOCL.NS,
LAXMIMACH.NS,
ABSLAMC.NS,
PTCIL.NS,
TRIL.NS,
NATIONSTD.BO,
SHRIPISTON.NS,
KIRLFER.BO,
IWEL.NS,
PGHL.NS,
PRUDENT.NS,
ITDC.NS,
ORCHPHARMA.NS,
JSFB.NS,
KOVAI.BO,
UNICHEMLAB.NS,
BHARATRAS.NS,
GOPAL.NS,
NIRLON.BO,
BBL.NS,
ANUP.NS,
ASHIANA.NS,
WPIL.BO,
BAJEL.NS,
REPCOHOME.NS,
ARVSMART.NS,
TVSSRICHAK.NS,
SHK.NS,
SANDHAR.NS,
WEBELSOLAR.NS,
HUHTAMAKI.NS,
MOREPENLAB.NS,
FILATEX.NS,
PFS.NS,
MMFL.NS,
SDBL.NS,
ORIENTHOT.NS,
FINOPB.NS,
UGROCAP.NS,
MOSCHIP.BO,
SHILCTECH.BO,
MANGLMCEM.NS,
RPSGVENT.NS,
DREDGECORP.NS,
IFGLEXPOR.NS,
EIHAHOTELS.NS,
GEPIL.NS,
MAYURUNIQ.NS,
SANGAMIND.NS,
JASH.NS,
GANDHAR.NS,
SWELECTES.NS,
BHARATWIRE.NS,
UDS.NS,
UNIVCABLES.NS,
RIIL.NS,
DISAQ.BO,
ANDHRAPAP.NS,
EPACK.NS,
OMAXE.NS,
PVSL.NS,
STEELXIND.NS,
VASCONEQ.NS,
NAVKARCORP.NS,
IGPL.NS,
RAMRAT.NS,
IGARASHI.NS,
SPAL.NS,
ATL.NS,
DOLPHIN.NS,
INDIANHUME.NS,
WHEELS.NS,
AWHCL.NS,
RML.NS,
SAURASHCEM.NS,
ASAL.NS,
ACLGATI.NS,
GPTHEALTH.NS,
COFFEEDAY.NS,
MANALIPETC.NS,
AVTNPL.NS,
HIRECT.NS,
NELCAST.NS,
GULPOLY.NS,
KOPRAN.NS,
NACLIND.NS,
MARINE.NS,
TREL.NS,
ULTRAMAR.BO,
AVADHSUGAR.NS,
GICHSGFIN.NS,
FOCUS.NS,
SATINDLTD.NS,
DHANBANK.NS,
ROHLTD.NS,
VIMTALABS.NS,
SASTASUNDR.NS,
FOODSIN.NS,
CSLFINANCE.NS,
NDRAUTO.NS,
DYCL.NS,
ORIENTPPR.NS,
SRHHYPOLTD.NS,
SELAN.NS,
AGSTRA.NS,
VISAKAIND.NS,
PPL.NS,
ELECTHERM.NS,
ZFSTEERING.BO,
VLSFINANCE.NS,
DMCC.NS,
JAGSNPHARM.NS,
PANACEABIO.NS,
VOITHPAPR.BO,
POCL.NS,
SHIVACEM.BO,
MAANALU.NS,
DPWIRES.NS,
KECL.NS,
SCHAND.NS,
BALAJITELE.NS,
MORGANITE.BO,
ADSL.NS,
MENONBE.NS,
VLEGOV.NS,
BIRLAMONEY.NS,
ASMS.NS,
EMAMIPAP.NS,
APEX.NS,
KSE.BO,
NICCOPAR.BO,
HINDCOMPOS.NS,
SAKAR.NS,
NDL.NS,
SGRL.BO,
RBL.NS,
BALAXI.NS,
KILITCH.NS,
NRL.NS,
DIAMINESQ.NS,
TVSELECT.NS,
UFO.NS,
MEDICAMEQ.NS,
SUPER.BO,
KLBRENG-B.BO,
KPL.BO,
APOLSINHOT.NS,
DAICHI.BO,
SINGER.BO,
MODISONLTD.NS,
SCPL.NS,
PANAENERG.BO,
SAHYADRI.NS,
MULTIBASE.BO,
ASAHISONG.NS,
SEJALLTD.NS,
PODDARMENT.NS,
APOLLOFI.BO,
PAR.NS,
SRGHFL.NS,
ARIES.NS,
COMPEAU.BO,
RMC.BO,
NITINCAST.BO,
BYKE.NS,
GLOBALVECT.NS,
GINNIFILA.NS,
MANORG.NS,
ARYAMAN.BO,
TRITONV.BO,
INTENTECH.NS,
SUNDRMBRAK.NS,
MODINATUR.BO,
NATPLASTI.BO,
ALPHAGEO.NS,
INDOWIND.NS,
PANCARBON.BO,
BIMETAL.BO,
ARVEE.NS,
SUPREMEINF.NS,
SHAWGELTIN.BO,
CORDSCABLE.NS,
SMSLIFE.NS,
LEHAR.BO,
HINDADH.BO,
NATCAPSUQ.BO,
IPRINGLTD.BO,
HINDTIN.BO,
WEIZMANIND.NS,
HIGHENE.BO,
ACML.BO,
FLEXFO.BO,
SAMKRG.BO,
NOIDATOLL.NS,
PALREDTEC.NS,
SNL.BO,
ITL.BO,
JHS.NS,
REXNORD.BO,
AAREYDRUGS.NS,
CORALAB.BO,
CHEMCRUX.BO,
AUROLAB.BO,
NATFIT.BO,
AAIL.BO,
ANSALBU.BO,
PARNAXLAB.BO,
FIBERWEB.NS,
MERCURYLAB.BO,
NILACHAL.BO,
ASTRON.NS,
LEXUS.NS,
NIBL.NS,
JSTL.BO,
SECURCRED.NS,
ORIBEVER.BO,
MAKERSL.BO,
BANG.NS,
PHARMAID.BO,
NIKHILAD.BO,
SONALAD.BO,
KHAITANLTD.NS,
COSYN.BO,
SBRANDS.BO,
TRANSFD.BO,
ACGL.BO,
RANEHOLDIN.NS,
CHEVIOT.NS,
ALBERTDAVD.NS,
E2E.NS,
JINDRILL.NS,
TIPSFILMS.NS,
MINDTECK.NS,
DEEPINDS.NS,
SKMEGGPROD.NS,
AARON.NS,
RSSOFTWARE.NS,
NDTV.NS,
HITECHCORP.NS,
SICALLOG.NS,
NETLINK.BO,
TFCILTD.NS,
CYBERTECH.NS,
HMVL.NS,
KRITINUT.NS,
UMANGDAIRY.NS,
TERASOFT.NS,
KOHINOOR.NS,
SADBHAV.NS,
SUBEXLTD.NS,
UEL.NS,
AIIL.NS,
ELGIRUBCO.NS,
BOROSCI.NS,
APCL.NS,
SHREDIGCEM.NS,
RAMCOIND.NS,
HARDWYN.NS,
IBULPP.BO,
ASHAPURMIN.NS,
UNITDSPR.NS,
AADHARHFC.NS,
GODIGIT.NS,
SUNDARMHLD.NS,
MANCREDIT.BO,
EMBDL.NS,
EMCURE.NS,
PREMEXPLN.BO,
DAIKAFFI.BO,
AIRTELPP.BO,
AIRTELPP.NS,
COROENGG.BO,
COROENGG.NS,
CEIGALL.NS,
AMPVOLTS.BO,
OLAELEC.NS,
UNIECOM.NS,
FIRSTCRY.NS,
SAMMAANCAP.NS,
AURUMPP.BO,
AURIONPRO.NS,
BBOX.NS,
GMRP&UI.NS,
BANSALWIRE.NS,
SKIPPERPP.BO,
SOLARAPP.BO,
NITINSPIN.NS,
DLTNCBL.BO,
IFBAGRO.NS,
CROWN.NS,
RADHIKAJWE.NS,
KELLTONTEC.NS,
SHIVAMAUTO.NS,
DDEVPLASTIK.BO,
DDEVPLASTIK.NS,
ECOSMOBLTY.NS,
RAYMONDLSL.NS,
ORIENTTECH.BO,
ORIENTTECH.NS,
KSL.NS,
INTERARCH.NS,
STYLEBAAZA.NS,
PREMIERENE.NS,
SANOFICONR.NS,
BAJAJHFL.NS,
TIPSMUSIC.NS,
IMAGICAA.NS,
ENTERO.NS,
PARKHOTELS.NS,
INDGN.NS,
TBOTEK.NS,
IXIGO.NS,
LMW.NS,
ABREL.NS,
VEEDOL.NS,
HYUNDAI.NS,
JUBLINDS.BO,
AZADIND.BO,
DIFFNKG.NS,
AFFORDABLE.NS,
PNGJL.NS,
AKUMS.NS,
AWFIS.NS,
AFCONS.NS,
GODAVARIB.NS,
WAAREEENER.NS,
TARIL.NS,
ABDL.NS,
MANORAMA.NS,
MEDIASSIST.NS,
BHAGCHEM.NS,
GOLDIAM.NS,
SJS.NS,
KIRIINDUS.NS,
SHRIRAMPPS.NS,
BLSE.NS,
BCLIND.NS,
SADHNANIQ.NS,
GRCABLE.BO,
KRN.NS,
TEMBO.NS,
SAGILITY.NS,
SWIGGY.NS,
ACMESOLAR.NS,
NTPCGREEN.NS,
PURETROP.BO,
ASSOCIATED.BO,
GVT&D.NS,
IGIL.NS,
MOBIKWIK.NS,
SAILIFE.NS,
GMRAIRPORT.NS,
ONIXSOLAR.BO,
HBLENGINE.NS,
ODIGMA.NS,
DAMCAPITAL.NS,
TRANSRAILL.NS,
MAMATA.NS,
SANATHAN.NS,
CEWATER.NS,
SENORES.NS,
UNIMECH.NS,
INDOFARM.NS,
DDEVPLSTIK.NS,
SGLTL.NS,
QUADFUTURE.NS,
FABCLEAN.BO,
JAGSNPHARM.BO,
ALIVUS.NS,
ONESOURCE.NS,
IIFLCAPS.NS,
ITCHOTELS.NS,
INNOVACAP.NS,
MAXESTATES.NS,
VENTIVE.NS,
SHARDACROP.NS,
BALUFORGE.NS,
IKS.NS,
PGIL.NS,
BLACKBUCK.NS,
NIVABUPA.NS,
LLOYDSENT.NS,
EIEL.NS,
EUREKAFORB.NS,
PCJEWELLER.NS,
VMM.NS,
SOLARAPP.NS,
AVONMORE.BO,
MITCON-RE.NS,
SHAREINDIA.BO,
VIJIFI-RE.BO,
EIMCOELECO.NS,
SOLARA-RE.BO,
ESSEN-RE2.NS,
KRONOX.NS,
AIHL.BO,
TOTEM.BO,
SKILVEN.BO,
MIIL.BO,
PASUFIN.BO,
SJCORP.BO,
WOODSVILA.BO,
PSITINFRA.BO,
PROGREXV.BO,
SARUPINDUS.BO,
FINELINE.BO,
MUDUNURU.BO,
IFL-RE.BO,
LOGICA.BO,
NUTRICIRCLE.BO,
VSFPROJ-RE.BO,
GRANDMA.BO,
NGIL-RE2.NS,
UEL.BO,
KAMOPAINTS.BO,
MARKOBENZ.BO,
IYKOTPP.BO,
GUJTLRM-RE.BO,
YARNPP.BO,
SAPPLPP.BO,
MAGENTA.BO,
PURPLEFIN.BO,
SAVFIPP.BO,
3CIT.BO,
SATTRIX.BO,
QUESTPP.BO,
TOUCHWOOD.NS,
YASHCHEM.BO,
VINEETLAB.NS,
GROVY.BO,
SOLIMAC.BO,
SHISHIND.BO,
BANARBEADS.NS,
JETAIRWAYS.NS,
WORTH.BO,
SPICEJET.BO,
VIPULORG.NS,
FOCUS.BO,
PHCAP.BO,
STLSTRINF.BO,
WORTH.NS,
CONART.BO,
MEGASOFT.NS,
ESSEN-RE2.BO,
GLEAM.BO,
GOURMET.BO,
DARJEELING.BO,
ADTECH.BO,
KSHITI-RE.NS,
RETAIL.NS,
ZTECH.NS,
NIFTY_PVT_BANK.NS,
NIFTY_HEALTHCARE.NS,
NIFTY_CONSR_DURBL.NS,
NIFTY_OIL_AND_GAS.NS,
BSE-CG.BO,
BSE-POWER.BO,
INDSTR.BO,
TELCOM.BO,
CNXCMDT,
EVINDIA.NS,
MODEFENCE.NS,
NIFTY_INDIA_MFG.NS,
^DJI,
^IXIC,
^NYFANG,
000001.SS,
^HSI,
GLD,
TJI_BK,
TJI_psuBK,
TJI_pvtBK,
TJI_Hsg Fn,
TJI_INSR,
TJI_LFINSR,
TJI_GenINSR,
TJI_ASMGMT,
TJI_CapMk,
TJI_RTGAGY,
TJI_Jewl,
TJI_BVRG,
TJI_Tobac,
TJI_Alcoh,
TJI_FMCG,
TJI_Pkg,
TJI_MSF,
TJI_QSR,
TJI_RTLCH,
TJI_INNWR,
TJI_Lethr,
TJI_MDENT,
TJI_HOTL,
TJI_AVTN,
TJI_IT,
TJI_LGTS,
TJI_comEQP,
TJI_TELC,
TJI_ELAPP,
TJI_CMNT,
TJI_RLEST,
TJI_PLY,
TJI_TLS,
TJI_PWR,
TJI_Transf,
TJI_PNT,
TJI_cOIL,
TJI_oREF,
TJI_FERT,
TJI_cGAS,
TJI_agCHE,
TJI_alkCHE,
TJI_DyesPig,
TJI_Spl_CHEM,
TJI_HOSP,
TJI_DIAGC,
TJI_PHARM,
TJI_ApiCram,
TJI_Metal,
TJI_Refac,
TJI_Pipe,
TJI_mPIP,
TJI_pPIP,
TJI_Railw,
TJI_Cable,
TJI_autoOem,
TJI_AutoAnc,
TJI_BRG,
TJI_Abars,
TJI_Pumps,
TJI_TYR,
TJI_DryC,
TJI_Defence,
TJI_shipB,
TJI_ports,
TJI_PAer,
TJI_SUG,
TJI_TEX,
XXXXXXXXXXXXX,
SURINDL.BO,
MFSINTRCRP.BO,
AMJLAND.NS,
PSPL.BO,
PRABHA.NS,
GTTDATAPP.BO,
CRSL.BO,
SUPERIRON.BO,
JATTAINDUS.BO,
PERVASIVE.BO,
CPCAP.NS,
RDBIPL.BO,
CURAA.NS,
ISHANCH.NS,
BOSTONBIO.BO,
BHARATSE.NS,
ISEC.BO,
PPARIVAH.BO,
UPLPP1.NS,
CEMAINFRA.BO,
SPECTRUM.NS,
SUNDROP.NS,
DESCO.BO,
NOVELIX.BO,
TACENT.BO,
AFSL.NS,
ANMOL.NS,
IDENTIXWEB.BO,
ALANSCOTT.BO,
JKAGRI.BO,
RFL.BO,
RETAGGIO.BO,
INFONATIVE.BO,
SPINAROO.BO,
UVS.BO,
ETERNAL.NS,
BIRLANU.NS,
ADOR.NS,
UMIYA-MRO.NS,
CIFL.NS,
DIDL.BO,
AFIL.BO,
PANIDPR.BO,
SERIND.BO,
RANEENGINE.BO,
DHENUBUILD.BO,
RBL.BO,
EQUILATERA.BO,
SNLFPP.BO,
MRO-TEK.NS,
PRABHA.BO,
QPOWER.BO,
IOLCP.BO,
SPECTRUM.BO,
CURAA.BO,
AMIORG.BO,
OMKARCHEM.BO,
COASTCORP.BO,
NPST.NS,
KMEW.NS,
KMSUGAR.NS,
KKCL.NS,
KICL.NS,
GCKL.BO,
ATHERENERG.NS,
ZR2.BO,
ACSTECH.BO,
META.BO,
ICONIKSPEV.BO,
COHANCE.NS,
SUNRAKSHAK.BO,
FUSIONPP.BO,
SCODATUBES.NS,
UNIFIED.BO,
AEGISVOPAK.NS,
BORANA.NS,
ACUTAAS.NS,
BELRISE.NS,
PROSTARM.NS,
THELEELA.NS,
SOLARAPP1.BO,
SPARKLEGR.BO,
MAYUR.BO,
SEKURITIND.BO,
KRISHANA.NS,
EBIX.BO,
ENRIN.NS,
ABLBL.NS,
BAJFINANCE.BO,
OSWALPUMPS.NS,
WAAREEINDO.NS,
IWEL.BO,
KRISHIVAL.NS,
LLOYDSENPP.BO,
ATENPAPERS.BO,
LORDSMARK.BO,
DHANSAFAL.BO,
UMANGDAIRY.BO,
KAVDEFENCE.NS,
AEROENTER.NS,
ARISINFRA.NS,
MANBRO.BO,
KALPATARU.NS,
ELLEN.NS,
PICCADIL.NS,
GLOBECIVIL.NS,
KOKUYOCMLN.NS,
HDBFS.NS,
SAMBHV.NS,
KOTHARIPET.NS,
CRIZAC.NS,
VERTOZ.NS,
CRYOGENIC.BO,
LGLL.BO,
METAINFO.BO,
BLUEGOD.BO,
TRAVELFOOD.NS,
BILVYAPAR.NS,
GLEN.BO,
APL.BO,
BELLACASA.NS,
SMARTWORKS.NS,
SHANTIGOLD.NS,
EUROBOND.NS,
BRIGHOTEL.NS,
EBGNG.NS,
INDIQUBE.NS,
KOTARISUG.NS,
ALGOQUANT.BO,
ARFIN.NS,
ANTHEM.NS,
CHEMBONDCH.NS,
RMDRIP.NS,
CPPLUS.NS,
LAXMIINDIA.NS,
JMA.NS,
LOTUSDEV.NS,
MBEL.NS,
NSDL.BO,
JSLL.NS,
KRYSTAL.NS,
JNKINDIA.NS,
HILINFRA.NS,
INDOTHAI.BO,
KELLTONTEC.BO,
INDIAGLYCO.BO,
TEAMGTY.NS,
JSWCEMENT.NS,
ALLTIME.NS,
BLUESTONE.NS,
JPOLYINVST.NS,
AERONEU.NS,
PATELRMART.NS,
GEMAROMA.NS,
SHREEJISPG.NS,
VIKRAMSOLR.NS,
RAYMONDREL.NS,
STLNETWORK.NS,
SWANCORP.NS,
MEIL.NS,
GVPIL.NS,
LAGNAM.NS,
TTGIL.BO,
MOMENTUM50.NS,
LANCORHOL.NS,
VIKRAN.NS,
CPEDU.NS,
OVAL.BO,
RNBDENIMS.NS,
GLOBTIER.BO,
HGM.NS,
NISMGMT.BO,
AHCL.NS,
