Industry,MYindustry
Furnishings,Consumer Durables
"Furnishing, Fixtures & Appliances",Consumer Durables
"Furnishings, Fixtures & Appliances",Consumer Durables
Blank,Blank
Advertising Agencies,Advert Agencies
Agricultural Inputs,Agro chemical
Travel Services,Airline&Serv
Airports & Air Services,Airline&Serv
Airlines,Airline&Serv
Auto Manufacturers,Auto
Auto Parts,Auto
Auto & Truck Dealerships,Auto
Banks—Regional,Banks
Banks - Regional,Banks
Beverages—Non-Alcoholic,FMCG
Beverages—Brewers,Alcohol
Beverages—Wineries & Distilleries,Alcohol
Beverages - Wineries & Distilleries,Alcohol
Beverages - Non-Alcoholic,FMCG
Beverages - Brewers,Alcohol
Broadcasting,Broadcasting
Building Materials,Cement
Home Improvement Retail,Retail
Building Products & Equipment,Building Material
Business Equipment & Supplies,Office&School stationery
Asset Management,Capital Markets
Capital Markets,Capital Markets
Financial Data & Stock Exchanges,Capital Markets
Chemicals,Chemicals
Chemicals - Major Diversified,Chemicals
Thermal Coal,Utilities-Power
Conglomerates,Conglomerates
Consulting Services,Consulting Serv
Consumer Electronics,Consumer Electro
Aerospace & Defense,Defense
Diagnostics & Research,Healthcare Diag&Resrch
Education & Training Services,Edu&Training Serv
Electrical Equipment & Parts,Electrical Equip
Electronic Components,Electrical Equip
Electronics & Computer Distribution,Electronics Distri
Engineering & Construction,Eng&Const
Entertainment,Entertainment
Farm Products,Farm Products
Farm & Heavy Construction Machinery,Farm&Heavy Constr Mach
Packaged Foods,FMCG
Household & Personal Products,FMCG
Footwear & Accessories,Footwear&Accessories
Electronic Gaming & Multimedia,Gaming&Multi
Medical Care Facilities,Hospital
Lodging,Hotel&Resort
Infrastructure Operations,Eng&Const
Insurance - Property & Casualty,Insurance
Insurance—Life,Insurance
Insurance—Reinsurance,Insurance
Insurance—Diversified,Insurance
Insurance Brokers,Insurance
Insurance - Life,Insurance
Insurance - Reinsurance,Insurance
Insurance - Diversified,Insurance
Internet Content & Information,IT
Semiconductors,IT
Semiconductor Equipment & Materials,IT
Internet Retail,Retail
Software—Application,IT
Information Technology Services,IT
Software—Infrastructure,IT
Computer Hardware,IT
Software - Application,IT
Software - Infrastructure,IT
Leisure,Hotel&Resort
Integrated Freight & Logistics,Logistics
Lumber & Wood Production,Building Material
Luxury Goods,Luxury&jewel Goods
Marine Shipping,Port&Shipping
Medical Devices,Medical Devices&Sup
Medical Instruments & Supplies,Medical Devices&Sup
Metal Fabrication,Metal Fab
Aluminum,Metals
Copper,Metals
Other Industrial Metals & Mining,Metals
Steel,Metals
Credit Services,NBFC
Financial Conglomerates,NBFC
Mortgage Finance,NBFC
Oil & Gas Integrated,Oil&Gas
Oil & Gas Equipment & Services,Oil&Gas
Oil & Gas E&P,Oil&Gas
Oil & Gas Drilling,Oil&Gas
Oil & Gas Refining & Marketing,Oil&Gas
Packaging & Containers,Packaging
Paper & Paper Products,Paper
Drug Manufacturers—Specialty & Generic,Pharma
Biotechnology,Pharma
Drug Manufacturers—General,Pharma
Drug Manufacturers - Specialty & Generic,Pharma
Drug Manufacturers - General,Pharma
Pharmaceutical Retailers,Retail
Pollution & Treatment Controls,Pollution&Treat Controls
Publishing,Publishing
Railroads,Railroads
Real Estate—Development,Real Est
Real Estate Services,NBFC
Real Estate—Diversified,Real Est
Real Estate - Development,Real Est
Real Estate - Diversified,Real Est
Rental & Leasing Services,Eng&Const
Resorts & Casinos,Hotel&Resort
Restaurants,Retail
Department Stores,Retail
Apparel Retail,Retail
Specialty Retail,Retail
Discount Stores,Retail
Food Distribution,Retail
Scientific & Technical Instruments,Scient&Tech Instru
Security & Protection Services,Secur&Protect Serv
Shell Companies,Shell Companies
Solar,Solar
Specialty Business Services,Spl Business Serv
Specialty Chemicals,Spl Chemicals
Specialty Industrial Machinery,Spl Ind Mach
Staffing & Employment Services,Staffing Serv
Confectioners,Sugar
Telecom Services,Telecom
Communication Equipment,Telecom
Apparel Manufacturing,Textile Mfg
Textile Manufacturing,Textile Mfg
Tobacco,Tobacco
Tools & Accessories,Tools&Accessories
Trucking,Logistics
Utilities - Regulated Water,Reg Water
Utilities—Regulated Electric,Utilities-Power
Diversified Utilities,Utilities-Power
Utilities - Regulated Electric,Utilities-Power
Utilities—Independent Power Producers,Utilities-Power
Utilities—Renewable,Utilities-Power
Utilities - Independent Power Producers,Utilities-Power
Utilities - Renewable,Utilities-Power
Utilities—Regulated Gas,Utilities—Reg Gas
Utilities - Regulated Gas,Utilities—Reg Gas
Waste Management,Waste Mgmt
Medical Distribution,Hospital
Healthcare Plans,Blank
Health Information Services,Blank
Insurance—Property & Casualty,Insurance
Gold,Metals
Coking Coal,Blank
Personal Services,Blank
Other Precious Metals & Mining,Metals
Industrial Distribution,Blank
Grocery Stores,Retail
Residential Construction,Real Est