TTM,RSI,DD_PCT_25,52High,MRP
  ,  ,ALFREDHE.BO | 27,  ,  
  ,  ,KUNSTOFF.BO | 25,  ,  
  ,  ,RUDRA.BO | 26,  ,  
  ,  ,INCAP.BO | 29,  ,  
  ,  ,PARNAXLAB.BO | 32,  ,  
  ,  ,CTE.NS | 30,  ,  
  ,  ,VASWANI.NS | 34,  ,  
  ,  ,VGCL.BO | 26,  ,  
  ,  ,PQIF.BO | 34,  ,  
  ,  ,VISAKAIND.NS | 38,  ,  
  ,  ,JMA.NS | 25,  ,  
  ,  ,INTENTECH.NS | 26,  ,  
  ,  ,SAB.BO | 46,  ,  
  ,  ,KACHCHH.BO | 26,  ,  
  ,  ,PVP.NS | 30,  ,  
  ,  ,JUMBO.BO | 32,  ,  
  ,  ,UNIQUEO.BO | 26,  ,  
  ,  ,LONTE.BO | 27,  ,  
  ,  ,OSIAJEE.BO | 31,  ,  
  ,  ,ENIL.NS | 30,  ,  
  ,  ,APOLLO.NS | 28,  ,  
  ,  ,UNIROYAL.BO | 34,  ,  
  ,  ,KHAITANLTD.NS | 29,  ,  
