ticker,dir,datein,pricein,Company,Industry
20MICRONS.NS,SELL,2024-05-20,190.0,20 Microns,Metals
3MINDIA.NS,SELL,2024-05-20,31137.0,3M India,Conglomerates
5PAISA.NS,SELL,2024-05-20,550.45,5paisa Capital,Capital Markets
AARON.NS,SELL,2024-05-20,300.0,Aaron Ind.,Spl Ind Mach
AARTIDRUGS.NS,SELL,2024-05-20,490.55,Aarti Drugs,Pharma
AARTIIND.NS,SELL,2024-05-20,628.3,Aarti Ind.,Spl Chemicals
AARTIPHARM.NS,SELL,2024-05-20,614.0,Aarti Pharmalabs,Pharma
AARTISURF.NS,SELL,2024-05-20,700.0,Aarti Surfactants,Spl Chemicals
AAVAS.NS,SELL,2024-05-20,1575.0,Aavas Financiers,NBFC
ABB.NS,SELL,2024-05-20,8371.35,ABB India,Spl Ind Mach
ABBOTINDIA.NS,SELL,2024-05-20,26650.0,Abbott India,Pharma
ACC.NS,SELL,2024-05-20,2521.95,ACC,Cement
ACCELYA.NS,SELL,2024-05-20,1631.25,Accelya Solutions India,IT
ACE.NS,SELL,2024-05-20,1418.5,Action Constr. Equip.,Farm&Heavy Constr Mach
ACGL.BO,SELL,2024-05-20,1968.75,AutomobileCorp. of Goa,Blank
ACI.NS,SELL,2024-05-20,621.05,Archean Chemical Ind.,Chemicals
ACLGATI.NS,SELL,2024-05-20,109.85,Allcargo Gati,Logistics
ADANIENT.NS,SELL,2024-05-20,3060.5,Adani Entp.,Utilities-Power
ADANIGREEN.NS,SELL,2024-05-20,1833.0,Adani Green Energy,Utilities-Power
ADANIPOWER.NS,SELL,2024-05-20,635.95,Adani Power,Utilities-Power
ADFFOODS.NS,SELL,2024-05-20,233.6,ADF Foods,FMCG
ADL.NS,SELL,2024-05-20,84.4,Archidply Decor,Consumer Durables
ADORWELD.NS,SELL,2024-05-20,1374.05,Ador Welding,Spl Ind Mach
ADSL.NS,SELL,2024-05-20,141.3,Allied Digital Srvs.,IT
ADVAIT.BO,SELL,2024-05-20,1365.0,Advait Infratech,Spl Ind Mach
ADVANIHOTR.NS,SELL,2024-05-20,78.35,Advani Hotels & Resorts,Hotel&Resort
ADVENZYMES.NS,SELL,2024-05-20,375.5,Advanced Enzyme Tech.,Spl Chemicals
AEGISCHEM.NS,SELL,2024-05-20,601.35,Aegis Logistics,Oil&Gas
AETHER.NS,SELL,2024-05-20,786.0,Aether Ind.,Spl Chemicals
AFFLE.NS,SELL,2024-05-20,1175.25,Affle,Advert Agencies
AGI.NS,SELL,2024-05-20,675.35,AGI Greenpac,Packaging
AGSTRA.NS,SELL,2024-05-20,76.35,AGS Transact Tech.,IT
AHLUCONT.NS,SELL,2024-05-20,1200.05,Ahluwalia Contracts,Eng&Const
AIAENG.NS,SELL,2024-05-20,3792.65,AIA Eng.,Spl Ind Mach
AJANTPHARM.NS,SELL,2024-05-20,2381.05,Ajanta Pharma,Pharma
AJMERA.NS,SELL,2024-05-20,767.65,Ajmera Realty & Infra India,Real Est
AKSHARCHEM.NS,SELL,2024-05-20,266.5,AksharChem,Spl Chemicals
AKZOINDIA.NS,SELL,2024-05-20,2613.4,Akzo Nobel India,Spl Chemicals
ALBERTDAVD.NS,SELL,2024-05-20,1183.95,Albert David,Pharma
ALICON.NS,SELL,2024-05-20,955.2,Alicon Castalloy,Metal Fab
ALKEM.NS,SELL,2024-05-20,5437.7,Alkem Lab.,Pharma
ALKYLAMINE.NS,SELL,2024-05-20,2014.75,Alkyl Amines Chem.,Spl Chemicals
ALLCARGO.NS,SELL,2024-05-20,72.25,Allcargo Logistics,Logistics
ALOKINDS.NS,SELL,2024-05-20,26.75,Alok Ind.,Textile Mfg
ALPHAGEO.NS,SELL,2024-05-20,375.0,Alphageo,Oil&Gas
ALUFLUOR.BO,SELL,2024-05-20,495.0,Alufluoride,Blank
AMBER.NS,SELL,2024-05-20,3950.0,Amber Entp. India,Consumer Durables
AMBIKCO.NS,SELL,2024-05-20,1537.0,Ambika Cotton Mills,Textile Mfg
AMIORG.NS,SELL,2024-05-20,1250.5,Ami Organics,Spl Chemicals
ANANDRATHI.NS,SELL,2024-05-20,3951.85,Anand Rathi Wealth,Capital Markets
ANANTRAJ.NS,SELL,2024-05-20,385.55,Anant Raj,Real Est
ANDHRAPAP.NS,SELL,2024-05-20,517.0,Andhra Paper,Paper
ANGELONE.NS,SELL,2024-05-20,2749.3,Angel One,Capital Markets
ANSALBU.BO,SELL,2024-05-20,151.45,Ansal Buildwell,Blank
ANUP.NS,SELL,2024-05-20,1868.0,Anup Eng.,Spl Ind Mach
ANURAS.NS,SELL,2024-05-20,790.3,Anupam Rasayan India,Spl Chemicals
APARINDS.NS,SELL,2024-05-20,7988.75,APAR Ind.,Electrical Equip
APCOTEXIND.NS,SELL,2024-05-20,410.95,Apcotex Ind.,Spl Chemicals
APEX.NS,SELL,2024-05-20,219.1,Apex Frozen Foods,Farm Products
APLAPOLLO.NS,SELL,2024-05-20,1698.8,APL Apollo Tubes,Metals
APLLTD.NS,SELL,2024-05-20,959.9,Alembic Pharma,Pharma
APOLLOFI.BO,SELL,2024-05-20,950.0,Apollo Finvest,Blank
APOLLOHOSP.NS,SELL,2024-05-20,5953.05,Apollo Hosp.s Enterprise,Hospital
APOLLOPIPE.NS,SELL,2024-05-20,605.0,Apollo Pipes,Building Material
APOLSINHOT.NS,SELL,2024-05-20,1750.0,Apollo Sindoori Hotels,Spl Business Serv
APTUS.NS,SELL,2024-05-20,312.25,Aptus Value Hsg. Fin. India,NBFC
ARIES.NS,SELL,2024-05-20,242.25,Aries Agro,Agro chemical
ARMANFIN.NS,SELL,2024-05-20,2075.9,Arman Fin. Srvs.,NBFC
AROGRANITE.NS,SELL,2024-05-20,52.55,Aro Granite Ind.,Building Material
ARVEE.NS,SELL,2024-05-20,184.0,Arvee Lab.,Spl Chemicals
ARVIND.NS,SELL,2024-05-20,379.7,Arvind,Textile Mfg
ARVSMART.NS,SELL,2024-05-20,679.9,Arvind SmartSpaces,Real Est
ASAHIINDIA.NS,SELL,2024-05-20,607.0,Asahi India Glass,Auto
ASAL.NS,SELL,2024-05-20,866.0,Auto. Stampings & Assemblies,Auto
ASALCBR.NS,SELL,2024-05-20,588.6,Associated Alcohols & Breweries,Alcohol
ASHOKLEY.NS,SELL,2024-05-20,207.85,Ashok Leyland,Farm&Heavy Constr Mach
ASIANPAINT.NS,SELL,2024-05-20,2809.9,Asian Paints,Spl Chemicals
ASIANTILES.NS,SELL,2024-05-20,61.85,Asian Granito India,Building Material
ASTEC.NS,SELL,2024-05-20,1177.25,Astec LifeSciences,Agro chemical
ASTERDM.NS,SELL,2024-05-20,349.6,Aster DM Healthcare,Hospital
ASTRAL.NS,SELL,2024-05-20,2303.0,Astral,Building Material
ASTRAMICRO.NS,SELL,2024-05-20,745.0,Astra Microwave Prod.,Telecom
ASTRAZEN.NS,SELL,2024-05-20,5785.0,AstraZeneca Pharma India,Pharma
ATFL.NS,SELL,2024-05-20,712.75,Agro Tech Foods,FMCG
ATGL.NS,SELL,2024-05-20,913.65,Adani Total Gas,Utilities—Reg  Gas
ATUL.NS,SELL,2024-05-20,5952.0,Atul,Spl Chemicals
ATULAUTO.NS,SELL,2024-05-20,565.0,Atul Auto,Auto
AUBANK.NS,SELL,2024-05-20,624.35,AU Small Finance Bank,Banks
AUROLAB.BO,SELL,2024-05-20,230.0,Auro Lab.,Blank
AUROPHARMA.NS,SELL,2024-05-20,1165.05,Aurobindo Pharma,Pharma
AURUM.NS,SELL,2024-05-20,154.95,Aurum PropTech,IT
AUTOAXLES.NS,SELL,2024-05-20,2005.85,Auto. Axles,Auto
AUTOIND.NS,SELL,2024-05-20,119.0,Autoline Ind.,Auto
AVADHSUGAR.NS,SELL,2024-05-20,570.85,Avadh Sugar & Energy,Sugar
AVALON.NS,SELL,2024-05-20,494.0,Avalon Tech.,Electrical Equip
AVL.BO,SELL,2024-05-20,3552.95,Aditya Vision,Blank
AVROIND.NS,SELL,2024-05-20,128.0,Avro India,Consumer Durables
AVTNPL.NS,SELL,2024-05-20,92.0,AVT Natural Prod.,Spl Chemicals
AWHCL.NS,SELL,2024-05-20,483.9,Antony Waste Handling Cell,Waste Mgmt
AWL.NS,SELL,2024-05-20,336.45,Adani Wilmar,FMCG
AXISBANK.NS,SELL,2024-05-20,1141.35,Axis Bank,Banks
AXISCADES.NS,SELL,2024-05-20,602.15,AXISCADES Tech.,Eng&Const
AXISCETF.NS,SELL,2024-05-20,108.2,Axis NIFTY India Consumption ETF,Blank
BAJAJ-AUTO.NS,SELL,2024-05-20,8775.0,Bajaj Auto,Auto
BAJAJCON.NS,SELL,2024-05-20,242.85,Bajaj Consumer Care,FMCG
BAJAJELEC.NS,SELL,2024-05-20,945.8,Bajaj Elect.,Consumer Durables
BAJAJFINSV.NS,SELL,2024-05-20,1584.75,Bajaj Finserv,NBFC
BAJAJHCARE.NS,SELL,2024-05-20,305.9,Bajaj HealthCare,Pharma
BAJAJHLDNG.NS,SELL,2024-05-20,8278.9,Bajaj Hldg.s & Invest.,Capital Markets
BAJFINANCE.NS,SELL,2024-05-20,6727.4,Bajaj Finance,NBFC
BALAJITELE.NS,SELL,2024-05-20,71.1,Balaji Telefilms,Entertainment
BALAMINES.NS,SELL,2024-05-20,2211.6,Balaji Amines,Spl Chemicals
BALAXI.NS,SELL,2024-05-20,669.95,Balaxi Pharma,Blank
BALKRISIND.NS,SELL,2024-05-20,2664.55,Balkrishna Ind.,Auto
BALMLAWRIE.NS,SELL,2024-05-20,306.9,Balmer Lawrie &,Conglomerates
BALRAMCHIN.NS,SELL,2024-05-20,384.2,Balrampur Chini Mills,Sugar
BANCOINDIA.NS,SELL,2024-05-20,594.55,Banco Prod.,Auto
BANDHANBNK.NS,SELL,2024-05-20,181.15,Bandhan Bank,Banks
BANG.NS,SELL,2024-05-20,49.05,Bang Overseas,Textile Mfg
BANKBARODA.NS,SELL,2024-05-20,261.4,Bank of Baroda,Banks
BANKINDIA.NS,SELL,2024-05-20,123.05,Bank ,Banks
BARBEQUE.NS,SELL,2024-05-20,540.0,Barbeque-Nation Hosp.ity,Retail
BASF.NS,SELL,2024-05-20,4640.15,BASF India,Spl Chemicals
BATAINDIA.NS,SELL,2024-05-20,1353.05,Bata India,Footwear&Accessories
BAYERCROP.NS,SELL,2024-05-20,5650.0,Bayer CropScience,Agro chemical
BBL.NS,SELL,2024-05-20,3699.9,Bharat Bijlee,Electrical Equip
BBTC.NS,SELL,2024-05-20,1547.0,"Bombay Burmah Trading,",FMCG
BCONCEPTS.BO,SELL,2024-05-20,755.0,Brand Concepts,Footwear&Accessories
BCONCEPTS.NS,SELL,2024-05-20,778.0,Brand Concepts,Footwear&Accessories
BDL.NS,SELL,2024-05-20,1162.12,Bharat Dynamics,Defense
BEL.NS,SELL,2024-05-20,248.2,Bharat Electronics,Defense
BEML.NS,SELL,2024-05-20,4200.0,BEML,Conglomerates
BEPL.NS,SELL,2024-05-20,99.0,Bhansali Eng. Polymers,Chemicals
BERGEPAINT.NS,SELL,2024-05-20,491.85,Berger Paints India,Spl Chemicals
BHAGERIA.NS,SELL,2024-05-20,171.35,Bhageria Ind.,Spl Chemicals
BHARATFORG.NS,SELL,2024-05-20,1479.25,Bharat Forge,Auto
BHARATGEAR.NS,SELL,2024-05-20,112.7,Bharat Gears,Auto
BHARATRAS.NS,SELL,2024-05-20,9794.0,Bharat Rasayan,Agro chemical
BHARATWIRE.NS,SELL,2024-05-20,271.25,Bharat Wire Ropes,Metals
BHARTIARTL.NS,SELL,2024-05-20,1344.45,Bharti Airtel,Telecom
BHEL.NS,SELL,2024-05-20,299.9,Bharat Heavy Elect.,Spl Ind Mach
BIKAJI.NS,SELL,2024-05-20,544.8,Bikaji Foods Int.,FMCG
BIMETAL.BO,SELL,2024-05-20,706.5,Bimetal Bearings,Blank
BIOCON.NS,SELL,2024-05-20,305.85,Biocon,Pharma
BIRLACABLE.NS,SELL,2024-05-20,239.1,Birla Cable,Telecom
BIRLACORPN.NS,SELL,2024-05-20,1499.0,Birla,Cement
BLS.NS,SELL,2024-05-20,316.25,BLS Int. Srvs.,Spl Business Serv
BLUEDART.NS,SELL,2024-05-20,7219.0,Blue Dart Express,Logistics
BLUESTARCO.NS,SELL,2024-05-20,1583.1,Blue Star,Building Material
BODALCHEM.NS,SELL,2024-05-20,74.1,Bodal Chem.,Spl Chemicals
BOMDYEING.NS,SELL,2024-05-20,180.1,Bombay Dyeing & Mfg.,Textile Mfg
BOROLTD.NS,SELL,2024-05-20,365.45,Borosil,Consumer Durables
BORORENEW.NS,SELL,2024-05-20,502.05,Borosil Renews,Packaging
BOSCHLTD.NS,SELL,2024-05-20,30813.4,Bosch,Auto
BRIGADE.NS,SELL,2024-05-20,1190.45,Brigade Entp.,Real Est
BRITANNIA.NS,SELL,2024-05-20,5086.8,Britannia Ind.,FMCG
BSE.NS,SELL,2024-05-20,2783.0,BSE,Capital Markets
BSOFT.NS,SELL,2024-05-20,610.7,Birlasoft,IT
BUTTERFLY.NS,SELL,2024-05-20,797.0,Butterfly Gandhimathi Appliances,Consumer Durables
CAMLINFINE.NS,SELL,2024-05-20,99.95,Camlin Fine Sciences,Spl Chemicals
CAMPUS.NS,SELL,2024-05-20,257.95,Campus Activewear,Footwear&Accessories
CAMS.NS,SELL,2024-05-20,3313.7,Computer Age Mgmt. Srvs.,IT
CANBK.NS,SELL,2024-05-20,113.8,Canara Bank,Banks
CANFINHOME.NS,SELL,2024-05-20,756.5,Can Fin Homes,NBFC
CANTABIL.NS,SELL,2024-05-20,215.9,Cantabil Retail India,Textile Mfg
CAPLIPOINT.NS,SELL,2024-05-20,1341.3,Caplin Point Lab.,Pharma
CARBORUNIV.NS,SELL,2024-05-20,1731.05,Carborundum Universal,Conglomerates
CARERATING.NS,SELL,2024-05-20,1100.0,CARE Ratings,Capital Markets
CARYSIL.NS,SELL,2024-05-20,941.95,Carysil,Consumer Durables
CASTROLIND.NS,SELL,2024-05-20,193.7,Castrol India,Oil&Gas
CCL.NS,SELL,2024-05-20,568.95,CCL Prod.,FMCG
CCLINTER.BO,SELL,2024-05-20,24.7,CCL Int.,Blank
CDSL.NS,SELL,2024-05-20,2115.4,Central Depository Srvs.,Capital Markets
CEATLTD.NS,SELL,2024-05-20,2392.45,CEAT,Auto
CEINSYSTECH.BO,SELL,2024-05-20,542.05,Ceinsys Tech,Blank
CENTRALBK.NS,SELL,2024-05-20,61.05,Central Bank ,Banks
CENTURYPLY.NS,SELL,2024-05-20,678.8,Century Plyboards,Building Material
CENTURYTEX.NS,SELL,2024-05-20,2165.25,Century Textiles & Ind.,Paper
CERA.NS,SELL,2024-05-20,7220.0,Cera Sanitaryware,Building Material
CGCL.NS,SELL,2024-05-20,223.0,Capri Global Capital,NBFC
CGPOWER.NS,SELL,2024-05-20,654.55,CG Power & Ind. Solutions,Electrical Equip
CHALET.NS,SELL,2024-05-20,785.15,Chalet Hotels,Hotel&Resort
CHEMCON.NS,SELL,2024-05-20,256.35,Chemcon Speciality Chem.,Spl Chemicals
CHEMCRUX.BO,SELL,2024-05-20,242.05,Chemcrux Entp.,Blank
CHEMPLASTS.NS,SELL,2024-05-20,488.0,Chemplast Sanmar,Chemicals
CHENNPETRO.NS,SELL,2024-05-20,876.35,Chennai Petroleum,Oil&Gas
CHEVIOT.NS,SELL,2024-05-20,1330.0,Cheviot,Textile Mfg
CHOICEIN.NS,SELL,2024-05-20,337.95,Choice Int.,Capital Markets
CHOLAFIN.NS,SELL,2024-05-20,1285.0,Cholamandalam Invest. & Finance,NBFC
CHOLAHLDNG.NS,SELL,2024-05-20,1122.4,Cholamandalam Fin. Hldg.s,NBFC
CIEINDIA.NS,SELL,2024-05-20,501.65,CIE Auto. India,Auto
CIPLA.NS,SELL,2024-05-20,1399.05,Cipla,Pharma
CLEAN.NS,SELL,2024-05-20,1345.85,Clean Science & Tech.,Spl Chemicals
CMSINFO.NS,SELL,2024-05-20,429.9,CMS Info Sys.,Spl Business Serv
COCHINSHIP.NS,SELL,2024-05-20,1414.85,Cochin Shipyard,Defense
COFORGE.NS,SELL,2024-05-20,4712.6,Coforge,IT
COLPAL.NS,SELL,2024-05-20,2672.11,Colgate-Palmolive,FMCG
COMPEAU.BO,SELL,2024-05-20,571.6,Competent Automobiles,Blank
CONCOR.NS,SELL,2024-05-20,1087.05,ContainerCorp. ,Railroads
CONCORD.BO,SELL,2024-05-20,40.9,Concord Drugs,Blank
CONFIPET.NS,SELL,2024-05-20,83.65,Confidence Petroleum India,Oil&Gas
CONTROLPR.NS,SELL,2024-05-20,899.7,Control Print,Office&School stationery
CORALAB.BO,SELL,2024-05-20,370.95,Coral Lab.,Blank
CORDSCABLE.NS,SELL,2024-05-20,217.25,Cords Cable Ind.,Electrical Equip
COROMANDEL.NS,SELL,2024-05-20,1260.2,Coromandel Int.,Agro chemical
COSMOFIRST.NS,SELL,2024-05-20,610.05,Cosmo First,Packaging
CPSEETF.NS,SELL,2024-05-20,89.34,CPSE ETF,Blank
CRAFTSMAN.NS,SELL,2024-05-20,4447.0,Craftsman Automation,Auto
CRAVATEX.BO,SELL,2024-05-20,447.95,Cravatex,Blank
CREDITACC.NS,SELL,2024-05-20,1411.2,CreditAccess Grameen,NBFC
CRISIL.NS,SELL,2024-05-20,4464.0,CRISIL,Capital Markets
CROMPTON.NS,SELL,2024-05-20,391.9,Crompton Greaves Consumer Elect.,Consumer Durables
CSBBANK.NS,SELL,2024-05-20,341.55,CSB Bank,Banks
CSLFINANCE.NS,SELL,2024-05-20,418.0,CSL Finance,NBFC
CUMMINSIND.NS,SELL,2024-05-20,3790.85,Cummins India,Spl Ind Mach
CUPID.NS,SELL,2024-05-20,96.7,Cupid,FMCG
CYBERTECH.NS,SELL,2024-05-20,156.7,CyberTech Sys. & Software,IT
CYIENT.NS,SELL,2024-05-20,1773.5,Cyient,Conglomerates
DABUR.NS,SELL,2024-05-20,535.8,Dabur India,FMCG
DAICHI.BO,SELL,2024-05-20,595.05,Dai-ichi Karkaria,Blank
DALBHARAT.NS,SELL,2024-05-20,1828.0,Dalmia Bharat,Cement
DALMIASUG.NS,SELL,2024-05-20,383.0,Dalmia Bharat Sugar & Ind.,Sugar
DANLAW.BO,SELL,2024-05-20,1625.2,Danlaw Tech. India,Blank
DATAMATICS.NS,SELL,2024-05-20,570.9,Datamatics Global Srvs.,IT
DATAPATTNS.NS,SELL,2024-05-20,3188.8,Data Patterns,Defense
DBCORP.NS,SELL,2024-05-20,280.5,D. B. Corp,Publishing
DBL.NS,SELL,2024-05-20,442.8,Dilip Buildcon,Eng&Const
DBREALTY.NS,SELL,2024-05-20,210.3,Valor Estate,Real Est
DCAL.NS,SELL,2024-05-20,193.45,Dishman Carbogen Amcis,Pharma
DCBBANK.NS,SELL,2024-05-20,130.8,DCB Bank,Banks
DCM.NS,SELL,2024-05-20,74.9,DCM,Metal Fab
DCMSHRIRAM.NS,SELL,2024-05-20,997.35,DCM Shriram,Spl Chemicals
DCMSRIND.NS,SELL,2024-05-20,215.35,DCM Shriram Ind.,Sugar
DCW.NS,SELL,2024-05-20,52.15,DCW,Chemicals
DCXINDIA.NS,SELL,2024-05-20,315.15,DCX Sys.,Defense
DEEPAKFERT.NS,SELL,2024-05-20,556.85,Deepak Fert. & petrochem.,Chemicals
DEEPAKNTR.NS,SELL,2024-05-20,2474.65,Deepak Nitrite,Chemicals
DELHIVERY.NS,SELL,2024-05-20,453.75,Delhivery,Logistics
DELTA.BO,SELL,2024-05-20,55.9,Delta Ind. Resources,Blank
DELTACORP.NS,SELL,2024-05-20,120.6,Delta Corp,Hotel&Resort
DEN.NS,SELL,2024-05-20,51.2,DEN Networks,Entertainment
DENORA.NS,SELL,2024-05-20,1678.1,De Nora India,Electrical Equip
DEVYANI.NS,SELL,2024-05-20,152.2,Devyani Int.,Retail
DHABRIYA.BO,SELL,2024-05-20,280.0,Dhabriya Polywood,Blank
DHANBANK.NS,SELL,2024-05-20,42.3,Dhanlaxmi Bank,Banks
DHANUKA.NS,SELL,2024-05-20,1326.55,Dhanuka Agritech,Agro chemical
DHPIND.BO,SELL,2024-05-20,720.0,DHP India,Blank
DIAMONDYD.NS,SELL,2024-05-20,857.9,Prataap Snacks,FMCG
DISAQ.BO,SELL,2024-05-20,15000.0,Disa India,Blank
DIVISLAB.NS,SELL,2024-05-20,3910.75,Divi's Lab.,Pharma
DIXON.NS,SELL,2024-05-20,8962.05,Dixon Tech.,Consumer Electro
DLF.NS,SELL,2024-05-20,848.75,DLF,Real Est
DLINKINDIA.NS,SELL,2024-05-20,415.85,D-Link,Telecom
DMART.NS,SELL,2024-05-20,4682.9,Avenue Supermarts,Retail
DMCC.NS,SELL,2024-05-20,321.4,DMCC Speciality Chem.,Chemicals
DODLA.NS,SELL,2024-05-20,983.0,Dodla Dairy,Retail
DONEAR.NS,SELL,2024-05-20,101.1,Donear Ind.,Textile Mfg
DPWIRES.NS,SELL,2024-05-20,501.05,D P Wires,Metal Fab
DREAMFOLKS.NS,SELL,2024-05-20,516.45,Dreamfolks Srvs.,Airline&Serv
DRREDDY.NS,SELL,2024-05-20,5799.55,Dr. Reddy's Lab.,Pharma
DSPGOLDETF.NS,SELL,2024-05-20,74.0,DSP Gold ETF,Blank
DYNAMATECH.NS,SELL,2024-05-20,8647.0,Dynamatic Tech.,Auto
DYNPRO.NS,SELL,2024-05-20,264.95,Dynemic Prod.,Spl Chemicals
E2E.NS,SELL,2024-05-20,1049.0,E2E Networks,IT
EASEMYTRIP.NS,SELL,2024-05-20,44.25,Easy Trip Planners,Airline&Serv
ECLERX.NS,SELL,2024-05-20,2278.8,eClerx Srvs.,IT
ECORECO.BO,SELL,2024-05-20,508.9,Eco Recycling,Blank
EDELWEISS.NS,SELL,2024-05-20,85.2,Edelweiss Fin. Srvs.,Capital Markets
EICHERMOT.NS,SELL,2024-05-20,4693.9,Eicher Motors,Auto
EIDPARRY.NS,SELL,2024-05-20,637.5,E.I.D.- Parry,Agro chemical
EIHOTEL.NS,SELL,2024-05-20,482.75,EIH,Hotel&Resort
ELECTCAST.NS,SELL,2024-05-20,174.05,Electrosteel Castings,Metals
ELECTHERM.NS,SELL,2024-05-20,816.0,Electrotherm,Metals
ELGIEQUIP.NS,SELL,2024-05-20,627.25,Elgi Equip.s,Spl Ind Mach
EMAMILTD.NS,SELL,2024-05-20,516.4,Emami,FMCG
EMAMIPAP.NS,SELL,2024-05-20,111.0,Emami Paper Mills,Blank
EMMBI.NS,SELL,2024-05-20,108.75,Emmbi Ind.,Packaging
EMUDHRA.NS,SELL,2024-05-20,792.85,eMudhra,IT
ENDURANCE.NS,SELL,2024-05-20,2188.05,Endurance Tech.,Auto
ENGINERSIN.NS,SELL,2024-05-20,262.95,Engrs. India,Eng&Const
EPL.NS,SELL,2024-05-20,195.2,EPL,Packaging
EQUITASBNK.NS,SELL,2024-05-20,95.1,Equitas Small Finance Bank,Banks
ERIS.NS,SELL,2024-05-20,886.5,Eris Lifesciences,Pharma
ESABINDIA.NS,SELL,2024-05-20,5922.75,ESAB India,Tools&Accessories
ESCORTS.NS,SELL,2024-05-20,3800.55,Escorts Kubota,Farm&Heavy Constr Mach
ETHOSLTD.NS,SELL,2024-05-20,2495.0,Ethos,Luxury&jewel Goods
EVEREADY.NS,SELL,2024-05-20,333.65,Eveready Ind. India,Electrical Equip
EVERESTIND.NS,SELL,2024-05-20,1187.9,Everest Ind.,Building Material
EXIDEIND.NS,SELL,2024-05-20,476.3,Exide Ind.,Auto
EXPLEOSOL.NS,SELL,2024-05-20,1323.0,Expleo Solutions,IT
FACT.NS,SELL,2024-05-20,691.75,Fertilisers & Chem. Travancore,Agro chemical
FAZE3Q.NS,SELL,2024-05-20,418.3,Faze Three,Textile Mfg
FCL.NS,SELL,2024-05-20,360.15,Fineotex Chemical,Spl Chemicals
FDC.NS,SELL,2024-05-20,478.05,FDC,Pharma
FIBERWEB.NS,SELL,2024-05-20,36.35,Fiberweb,Textile Mfg
FILATEX.NS,SELL,2024-05-20,56.6,Filatex India,Textile Mfg
FINCABLES.NS,SELL,2024-05-20,1055.4,Finolex Cables,Electrical Equip
FINEORG.NS,SELL,2024-05-20,4360.0,Fine Organic Ind.,Spl Chemicals
FINOPB.NS,SELL,2024-05-20,281.1,Fino Payments Bank,Banks
FINPIPE.NS,SELL,2024-05-20,295.5,Finolex Ind.,Building Material
FIVESTAR.NS,SELL,2024-05-20,745.0,Five-Star Business Finance,NBFC
FLUIDOM.BO,SELL,2024-05-20,645.0,Fluidomat,Blank
FLUOROCHEM.NS,SELL,2024-05-20,3239.1,Gujarat Fluorochemicals,Spl Chemicals
FMGOETZE.NS,SELL,2024-05-20,376.85,Federal-Mogul Goetze,Auto
FOODSIN.NS,SELL,2024-05-20,148.0,Foods & Inns,FMCG
FORTIS.NS,SELL,2024-05-20,450.55,Fortis Healthcare,Hospital
FOSECOIND.NS,SELL,2024-05-20,3521.7,Foseco India,Chemicals
FRONTSP.BO,SELL,2024-05-20,1322.0,Frontier Springs,Blank
FRSHTRP.BO,SELL,2024-05-20,138.55,Freshtrop Fruits,Blank
FSL.NS,SELL,2024-05-20,198.4,Firstsource Solutions,IT
FUSION.NS,SELL,2024-05-20,485.55,Fusion Micro Finance,NBFC
GAEL.NS,SELL,2024-05-20,154.5,Gujarat Ambuja Exports,FMCG
GAIL.NS,SELL,2024-05-20,203.9,GAIL,Utilities—Reg  Gas
GALAXYSURF.NS,SELL,2024-05-20,2572.95,Galaxy Surfactants,Spl Chemicals
GALXBRG.BO,SELL,2024-05-20,1473.3,Galaxy Bearings,Blank
GANDHITUBE.NS,SELL,2024-05-20,846.6,Gandhi Special Tubes,Metal Fab
GANECOS.NS,SELL,2024-05-20,1135.0,Ganesha Ecosphere,Textile Mfg
GANESHBE.NS,SELL,2024-05-20,153.2,Ganesh Benzoplast,Spl Chemicals
GANESHHOUC.NS,SELL,2024-05-20,828.55,Ganesh Hsg.,Real Est
GARFIBRES.NS,SELL,2024-05-20,3230.35,Garware Technical Fibres,Textile Mfg
GENUSPOWER.NS,SELL,2024-05-20,314.1,Genus Power Infra.s,Electrical Equip
GET&D.NS,SELL,2024-05-20,1249.6,GE T&D India,Spl Ind Mach
GHCL.NS,SELL,2024-05-20,495.05,GHCL,Chemicals
GICHSGFIN.NS,SELL,2024-05-20,213.65,GIC Hsg. Fin.,NBFC
GICRE.NS,SELL,2024-05-20,342.95, Gen. InsuranceCorp. ,Insurance
GILLETTE.NS,SELL,2024-05-20,6820.3,Gillette India,FMCG
GLAND.NS,SELL,2024-05-20,1791.25,Gland Pharma,Pharma
GLAXO.NS,SELL,2024-05-20,2358.9,GlaxoSmithKline Pharma,Pharma
GLENMARK.NS,SELL,2024-05-20,1019.55,Glenmark Pharma,Pharma
GLOBALVECT.NS,SELL,2024-05-20,195.15,Global Vectra Helicorp,Airline&Serv
GLOBUSSPR.NS,SELL,2024-05-20,763.8,Globus Spirits,Alcohol
GMBREW.NS,SELL,2024-05-20,624.92,G.M. Breweries,Alcohol
GMMPFAUDLR.NS,SELL,2024-05-20,1404.7,GMM Pfaudler,Spl Ind Mach
GNA.NS,SELL,2024-05-20,405.45,G N A Axles,Auto
GNFC.NS,SELL,2024-05-20,670.65,Gujarat Narmada Valley Fert. & Chem.,Chemicals
GOACARBON.NS,SELL,2024-05-20,860.35,Goa Carbon,Spl Chemicals
GOCOLORS.NS,SELL,2024-05-20,1028.0,Go Fashion,Retail
GODFRYPHLP.NS,SELL,2024-05-20,3992.65,Godfrey Phillips India,Tobacco
GODREJIND.NS,SELL,2024-05-20,798.05,Godrej Ind.,Conglomerates
GODREJPROP.NS,SELL,2024-05-20,2852.8,Godrej Properties,Real Est
GOKEX.NS,SELL,2024-05-20,849.0,Gokaldas Exports,Textile Mfg
GOLDBEES.NS,SELL,2024-05-20,62.89,ETF Gold BeES,Blank
GOODLUCK.NS,SELL,2024-05-20,940.5,Goodluck India,Metals
GOODYEAR.BO,SELL,2024-05-20,1200.0,Goodyear India,Auto
GRANULES.NS,SELL,2024-05-20,401.95,Granules India,Pharma
GRAPHITE.NS,SELL,2024-05-20,602.9,Graphite India,Electrical Equip
GRASIM.NS,SELL,2024-05-20,2423.65,Grasim Ind.,Cement
GRAUWEIL.BO,SELL,2024-05-20,89.0,Grauer & Weil,Spl Chemicals
GRAVITA.NS,SELL,2024-05-20,960.8,Gravita India,Metal Fab
GREAVESCOT.NS,SELL,2024-05-20,133.85,Greaves Cotton,Spl Ind Mach
GREENPANEL.NS,SELL,2024-05-20,302.5,Greenpanel Ind.,Building Material
GRINDWELL.NS,SELL,2024-05-20,2382.25,Grindwell Norton,Building Material
GRINFRA.NS,SELL,2024-05-20,1560.75,G R Infraprojects,Eng&Const
GRSE.NS,SELL,2024-05-20,1084.35,Garden Reach Shipbuilders & Engrs.,Defense
GRWRHITECH.NS,SELL,2024-05-20,1664.6,Garware Hi-Tech Films,Spl Chemicals
GSFC.NS,SELL,2024-05-20,236.85,Gujarat State Fert. & Chem.,Agro chemical
GSPL.NS,SELL,2024-05-20,295.2,Gujarat State Petronet,Utilities—Reg  Gas
GUJALKALI.NS,SELL,2024-05-20,816.0,Gujarat Alkalies & Chem.,Chemicals
GULFOILLUB.NS,SELL,2024-05-20,933.25,Gulf Oil Lubricants India,Spl Chemicals
GULFPETRO.NS,SELL,2024-05-20,64.35,GP Petroleums,Oil&Gas
GULPOLY.NS,SELL,2024-05-20,200.55,Gulshan Polyols,Chemicals
HAL.NS,SELL,2024-05-20,4531.7,Hindustan Aeronautics,Defense
HALDYNGL.BO,SELL,2024-05-20,150.55,Haldyn Glass,Blank
HAPPSTMNDS.NS,SELL,2024-05-20,819.5,Happiest Minds Tech.,IT
HARIOMPIPE.NS,SELL,2024-05-20,623.05,Hariom Pipe Ind.,Metals
HARSHA.NS,SELL,2024-05-20,446.45,Harsha Engrs. Int.,Tools&Accessories
HATSUN.NS,SELL,2024-05-20,1012.4,Hatsun Agro Product,FMCG
HAVELLS.NS,SELL,2024-05-20,1813.65,Havells India,Electrical Equip
HAWKINCOOK.BO,SELL,2024-05-20,6400.1,Hawkins Cookers,Blank
HCG.NS,SELL,2024-05-20,360.5,HealthCare Global Entp.,Hospital
HCLTECH.NS,SELL,2024-05-20,1333.2,HCL Tech.,IT
HDFCAMC.NS,SELL,2024-05-20,3784.5,HDFC Asset Mgmt.,Capital Markets
HDFCBANK.NS,SELL,2024-05-20,1464.1,HDFC Bank,Banks
HDFCLIFE.NS,SELL,2024-05-20,570.2,HDFC Life Insurance,Insurance
HDFCSML250.NS,SELL,2024-05-20,158.87,HDFCSML250.NS,Blank
HEG.NS,SELL,2024-05-20,2412.75,HEG,Electrical Equip
HEIDELBERG.NS,SELL,2024-05-20,196.4,HeidelbergCement India,Cement
HERANBA.NS,SELL,2024-05-20,323.65,Heranba Ind.,Agro chemical
HERITGFOOD.NS,SELL,2024-05-20,366.0,Heritage Foods,FMCG
HEROMOTOCO.NS,SELL,2024-05-20,5089.2,Hero MotoCorp,Auto
HESTERBIO.NS,SELL,2024-05-20,1761.2,Hester Biosciences,Pharma
HGINFRA.NS,SELL,2024-05-20,1381.95,H.G. Infra Eng.,Eng&Const
HIGHENE.BO,SELL,2024-05-20,841.76,High Energy Batteries,Blank
HIKAL.NS,SELL,2024-05-20,297.95,Hikal,Pharma
HIL.NS,SELL,2024-05-20,2530.65,HIL,Building Material
HIMATSEIDE.NS,SELL,2024-05-20,134.25,Himatsingka Seide,Textile Mfg
HINDADH.BO,SELL,2024-05-20,380.0,Hindustan Adhesives,Blank
HINDALCO.NS,SELL,2024-05-20,655.45,Hindalco Ind.,Metals
HINDCOMPOS.NS,SELL,2024-05-20,418.05,Hindustan Composites,Auto
HINDCOPPER.NS,SELL,2024-05-20,383.95,Hindustan Copper,Metals
HINDOILEXP.NS,SELL,2024-05-20,201.75,Hindustan Oil Exploration,Oil&Gas
HINDPETRO.NS,SELL,2024-05-20,506.95,Hindustan Petroleum,Oil&Gas
HINDTIN.BO,SELL,2024-05-20,170.9,Hindustan Tin Works,Blank
HINDUNILVR.NS,SELL,2024-05-20,2320.35,Hindustan Unilever,FMCG
HINDWAREAP.NS,SELL,2024-05-20,395.0,Hindware Home Innovation,Consumer Durables
HINDZINC.NS,SELL,2024-05-20,590.2,Hindustan Zinc,Metals
HITECH.NS,SELL,2024-05-20,126.9,Hi-Tech Pipes,Metals
HITECHCORP.NS,SELL,2024-05-20,229.25,Hitech,Packaging
HITECHGEAR.NS,SELL,2024-05-20,1158.15,Hi-Tech Gears,Auto
HLEGLAS.NS,SELL,2024-05-20,439.85,HLE Glascoat,Spl Ind Mach
HMVL.NS,SELL,2024-05-20,104.0,Hindustan Media Vntrs.,Publishing
HNDFDS.NS,SELL,2024-05-20,498.0,Hindustan Foods,FMCG
HNGSNGBEES.NS,SELL,2024-05-20,302.63,ETF Hang Seng BeES,Blank
HOMEFIRST.NS,SELL,2024-05-20,843.8,Home First Finance Co. India,NBFC
HONAUT.NS,SELL,2024-05-20,52401.0,Honeywell Automation India,Electrical Equip
HONDAPOWER.NS,SELL,2024-05-20,2675.0,Honda India Power Prod.,Spl Ind Mach
HPAL.NS,SELL,2024-05-20,103.0,HP Adhesives,Spl Chemicals
HTMEDIA.NS,SELL,2024-05-20,27.2,HT Media,Publishing
HUDCO.NS,SELL,2024-05-20,241.6,Hsg. & Urban Develp.,NBFC
HUHTAMAKI.NS,SELL,2024-05-20,305.0,Huhtamaki India,Packaging
IBULHSGFIN.NS,SELL,2024-05-20,162.3,Indiabulls Hsg. Fin.,NBFC
ICEMAKE.NS,SELL,2024-05-20,559.0,Ice Make Refrigeration,Spl Ind Mach
ICICIBANK.NS,SELL,2024-05-20,1130.5,ICICI Bank,Banks
ICICIGI.NS,SELL,2024-05-20,1674.25,ICICI Lombard  Gen. Insurance,Insurance
ICICIPRULI.NS,SELL,2024-05-20,590.2,ICICI Life Insurance,Insurance
ICRA.NS,SELL,2024-05-20,5307.9,ICRA,Capital Markets
IDFC.NS,SELL,2024-05-20,114.3,IDFC,Capital Markets
IDFCFIRSTB.NS,SELL,2024-05-20,77.2,IDFC First Bank,Banks
IEX.NS,SELL,2024-05-20,151.4,Indian Energy Exch.,Capital Markets
IFBIND.NS,SELL,2024-05-20,1466.05,IFB Ind.,Consumer Durables
IFCI.NS,SELL,2024-05-20,61.45,IFCI,NBFC
IFGLEXPOR.NS,SELL,2024-05-20,740.55,IFGL Refractories,Cement
IGARASHI.NS,SELL,2024-05-20,523.55,Igarashi Motors India,Auto
IGL.NS,SELL,2024-05-20,444.0,Indraprastha Gas,Utilities—Reg  Gas
IGPL.NS,SELL,2024-05-20,486.25,I G petrochem.,Chemicals
IIFL.NS,SELL,2024-05-20,399.7,IIFL Finance,NBFC
IMFA.NS,SELL,2024-05-20,721.7,Indian Metals & Ferro Alloys,Metals
INDHOTEL.NS,SELL,2024-05-20,571.1,Indian Hotels,Hotel&Resort
INDIACEM.NS,SELL,2024-05-20,211.2,India Cements,Cement
INDIAGLYCO.NS,SELL,2024-05-20,791.5,India Glycols,Chemicals
INDIAMART.NS,SELL,2024-05-20,2636.6,IndiaMART InterMESH,IT
INDIANCARD.NS,SELL,2024-05-20,281.9,Indian Card Clothing,Textile Mfg
INDIANHUME.NS,SELL,2024-05-20,322.3,Indian Hume Pipe,Eng&Const
INDIGO.NS,SELL,2024-05-20,4342.45,InterGlobe Aviation,Airline&Serv
INDIGOPNTS.NS,SELL,2024-05-20,1373.4,Indigo Paints,Spl Chemicals
INDNIPPON.NS,SELL,2024-05-20,670.0,India Nippon Elect.,Auto
INDOAMIN.NS,SELL,2024-05-20,133.95,Indo Amines,Chemicals
INDOBORAX.NS,SELL,2024-05-20,173.15,Indo Borax & Chem.,Chemicals
INDOCO.NS,SELL,2024-05-20,320.3,Indoco Remedies,Pharma
INDTERRAIN.NS,SELL,2024-05-20,71.0,Indian Terrain Fashions,Textile Mfg
INDTONER.BO,SELL,2024-05-20,273.65,Indian Toners & Develp.,Blank
INDUSINDBK.NS,SELL,2024-05-20,1412.35,IndusInd Bank,Banks
INFIBEAM.NS,SELL,2024-05-20,32.45,Infibeam Avenues,IT
INFOBEAN.NS,SELL,2024-05-20,420.2,InfoBeans Tech.,IT
INFY.NS,SELL,2024-05-20,1444.3,Infosys,IT
INGERRAND.NS,SELL,2024-05-20,4979.0,Ingersoll-Rand,Spl Ind Mach
INNOVTEC.BO,SELL,2024-05-20,31.3,Innovative Tech Pack,Blank
INSECTICID.NS,SELL,2024-05-20,581.45,Insecticides,Agro chemical
INTELLECT.NS,SELL,2024-05-20,890.75,Intellect Design Arena,IT
INTLCONV.NS,SELL,2024-05-20,82.05,International Conveyors,Spl Ind Mach
IOC.NS,SELL,2024-05-20,164.05,Indian Oil,Oil&Gas
IOLCP.NS,SELL,2024-05-20,374.0,IOL Chem. & Pharma,Pharma
IONEXCHANG.NS,SELL,2024-05-20,529.5,Ion Exch.,Pollution&Treat Controls
IPL.NS,SELL,2024-05-20,247.85,India Pesticides,Agro chemical
IRCON.NS,SELL,2024-05-20,267.1,Ircon Int.,Eng&Const
IRCTC.NS,SELL,2024-05-20,1093.7,IRCTC,Railroads
IRFC.NS,SELL,2024-05-20,169.0,Indian Railway Finance,NBFC
IRIS.NS,SELL,2024-05-20,188.85,IRIS Business Srvs.,IT
ISEC.NS,SELL,2024-05-20,729.7,ICICI Securities,Capital Markets
ISGEC.NS,SELL,2024-05-20,1108.25,Isgec Heavy Eng.,Spl Ind Mach
ITBEES.NS,SELL,2024-05-20,35.71,ETF Nifty IT,Blank
ITC.NS,SELL,2024-05-20,436.3,ITC,Tobacco
ITDC.NS,SELL,2024-05-20,671.0,India Tourism Develp.,Hotel&Resort
ITDCEM.NS,SELL,2024-05-20,390.95,ITD Cementation India,Eng&Const
ITL.BO,SELL,2024-05-20,422.25,ITL Ind.,Blank
IWEL.NS,SELL,2024-05-20,7350.0,Inox Wind Energy,Spl Ind Mach
IZMO.NS,SELL,2024-05-20,302.9,IZMO,IT
J&KBANK.NS,SELL,2024-05-20,129.1,Jammu & Kashmir Bank,Banks
JAGSNPHARM.NS,SELL,2024-05-20,354.8,Jagsonpal Pharma,Pharma
JAIBALAJI.NS,SELL,2024-05-20,968.65,Jai Balaji Ind.,Metals
JAICORPLTD.NS,SELL,2024-05-20,299.7,Jai Corp,Spl Chemicals
JASH.NS,SELL,2024-05-20,2452.95,Jash Eng.,Spl Ind Mach
JBCHEPHARM.NS,SELL,2024-05-20,1825.0,J. B. Chem. & Pharma,Pharma
JBMA.NS,SELL,2024-05-20,1833.45,JBM Auto,Auto
JCHAC.NS,SELL,2024-05-20,1271.5,JCHAC.NS,Consumer Durables
JENBURPH.BO,SELL,2024-05-20,796.0,Jenburkt Pharma,Blank
JINDALPOLY.NS,SELL,2024-05-20,520.6,Jindal Poly Films,Spl Chemicals
JINDALSTEL.NS,SELL,2024-05-20,1015.5,Jindal Steel & Power,Metals
JINDRILL.NS,SELL,2024-05-20,752.25,Jindal Drilling & Ind.,Oil&Gas
JINDWORLD.NS,SELL,2024-05-20,355.35,Jindal Worldwide,Textile Mfg
JKCEMENT.NS,SELL,2024-05-20,3898.85,J.K. Cement,Cement
JKIL.NS,SELL,2024-05-20,637.5,J. Kumar Infraprojects,Eng&Const
JKLAKSHMI.NS,SELL,2024-05-20,781.9,JK Lakshmi Cement,Cement
JKPAPER.NS,SELL,2024-05-20,376.95,JK Paper,Paper
JKTYRE.NS,SELL,2024-05-20,399.3,JK Tyre & Ind.,Auto
JMFINANCIL.NS,SELL,2024-05-20,81.6,JM Financial,Capital Markets
JOCIL.NS,SELL,2024-05-20,193.6,Jocil,Spl Chemicals
JSTL.BO,SELL,2024-05-20,47.62,Jeevan Scientific Tech.,Blank
JSWENERGY.NS,SELL,2024-05-20,593.9,JSW Energy,Utilities-Power
JSWHL.NS,SELL,2024-05-20,6638.0,JSW Hldg.s,Conglomerates
JSWSTEEL.NS,SELL,2024-05-20,907.45,JSW Steel,Metals
JTLIND.NS,SELL,2024-05-20,216.7,JTL Ind.,Metals
JUBLFOOD.NS,SELL,2024-05-20,470.7,Jubilant FoodWorks,Retail
JUBLINDS.NS,SELL,2024-05-20,1110.95,Jubilant Ind.,Spl Chemicals
JUBLPHARMA.NS,SELL,2024-05-20,722.45,Jubilant Pharmova,Pharma
JUSTDIAL.NS,SELL,2024-05-20,973.8,Just Dial,IT
JWL.NS,SELL,2024-05-20,528.4,Jupiter Wagons,Railroads
JYOTHYLAB.NS,SELL,2024-05-20,442.95,Jyothy Labs,FMCG
JYOTIRES.BO,SELL,2024-05-20,1310.0,Jyoti Resins & Adhesives,Blank
KAJARIACER.NS,SELL,2024-05-20,1284.25,Kajaria Ceramics,Building Material
KALYANIFRG.NS,SELL,2024-05-20,454.0,Kalyani Forge,Auto
KANSAINER.NS,SELL,2024-05-20,276.8,Kansai Nerolac Paints,Spl Chemicals
KAYNES.NS,SELL,2024-05-20,3080.35,Kaynes Tech. India,Spl Ind Mach
KEC.NS,SELL,2024-05-20,790.6,KEC Int.,Eng&Const
KECL.NS,SELL,2024-05-20,217.45,Kirloskar Electric,Spl Ind Mach
KEI.NS,SELL,2024-05-20,4168.8,KEI Ind.,Electrical Equip
KESORAMIND.NS,SELL,2024-05-20,180.4,Kesoram Ind.,Cement
KHAITANLTD.NS,SELL,2024-05-20,67.7,Khaitan,Consumer Durables
KILITCH.NS,SELL,2024-05-20,336.0,Kilitch Drugs,Pharma
KIMS.NS,SELL,2024-05-20,1952.2,Krishna Inst. of Medical Sciences,Hospital
KINGFA.NS,SELL,2024-05-20,1959.0,Kingfa Science & Tech.,Spl Chemicals
KIRLFER.BO,SELL,2024-05-20,656.0,Kirloskar Ferrous Ind.,Metal Fab
KIRLOSBROS.NS,SELL,2024-05-20,1849.25,Kirloskar Brothers,Spl Ind Mach
KIRLOSENG.NS,SELL,2024-05-20,1290.0,Kirloskar Oil Engines,Spl Ind Mach
KIRLOSIND.NS,SELL,2024-05-20,6499.9,Kirloskar Ind.,Metal Fab
KIRLPNU.NS,SELL,2024-05-20,1200.15,Kirloskar Pneumatic,Spl Ind Mach
KITEX.NS,SELL,2024-05-20,225.0,Kitex Garments,Textile Mfg
KLBRENG-B.BO,SELL,2024-05-20,409.0,Kilburn Eng.,Blank
KNRCON.NS,SELL,2024-05-20,257.75,KNR Constr.s,Eng&Const
KOHINOOR.NS,SELL,2024-05-20,40.15,Kohinoor Foods,FMCG
KOPRAN.NS,SELL,2024-05-20,251.95,Kopran,Pharma
KOTAKBANK.NS,SELL,2024-05-20,1696.55,Kotak Mahindra Bank,Banks
KOVAI.BO,SELL,2024-05-20,4052.0,Kovai Medical Center & Hosp.,Hospital
KPIGREEN.NS,SELL,2024-05-20,1920.6,KPI Green Energy,Utilities-Power
KPITTECH.NS,SELL,2024-05-20,1517.2,KPIT Tech.,IT
KPRMILL.NS,SELL,2024-05-20,831.95,K.P.R. Mill,Textile Mfg
KRBL.NS,SELL,2024-05-20,283.9,KRBL,FMCG
KRITINUT.NS,SELL,2024-05-20,103.0,Kriti Nutrients,FMCG
KRSNAA.NS,SELL,2024-05-20,601.0,Krsnaa Diagnostics,Healthcare Diag&Resrch
KSB.NS,SELL,2024-05-20,4811.25,KSB,Spl Ind Mach
KSE.BO,SELL,2024-05-20,2215.05,KSE,Blank
KSOLVES.NS,SELL,2024-05-20,1125.0,Ksolves India,IT
KTKBANK.NS,SELL,2024-05-20,221.35,Karnataka Bank,Banks
LALPATHLAB.NS,SELL,2024-05-20,2535.75,Dr. Lal PathLabs,Healthcare Diag&Resrch
LANCER.BO,SELL,2024-05-20,65.37,Lancer Container Lines,Blank
LANDMARK.NS,SELL,2024-05-20,757.6,Landmark Cars,Auto
LAOPALA.NS,SELL,2024-05-20,324.0,La Opala RG,Consumer Durables
LATENTVIEW.NS,SELL,2024-05-20,483.0,Latent View Analytics,Consulting Serv
LAXMIMACH.NS,SELL,2024-05-20,17190.0,Lakshmi Machine Works,Spl Ind Mach
LEHAR.BO,SELL,2024-05-20,134.9,Lehar Footwears,Blank
LEXUS.NS,SELL,2024-05-20,45.0,Lexus Granito,Building Material
LGBBROSLTD.NS,SELL,2024-05-20,1272.6,L.G. Balakrishnan & Bros,Auto
LICI.NS,SELL,2024-05-20,970.4,Life InsuranceCorp. ,Insurance
LIKHITHA.NS,SELL,2024-05-20,359.4,Likhitha Infra.,Oil&Gas
LINC.NS,SELL,2024-05-20,607.25,Linc,Office&School stationery
LINCOLN.NS,SELL,2024-05-20,575.5,Lincoln Pharma,Pharma
LINDEINDIA.NS,SELL,2024-05-20,9377.45,Linde India,Spl Chemicals
LODHA.NS,SELL,2024-05-20,1199.85,Macrotech Develp.,Real Est
LOTUSEYE.NS,SELL,2024-05-20,61.5,Lotus Eye Hosp. & Inst.,Hospital
LOVABLE.NS,SELL,2024-05-20,131.5,Lovable Lingerie,Textile Mfg
LT.NS,SELL,2024-05-20,3450.75,Larsen & Toubro,Eng&Const
LTF.NS,SELL,2024-05-20,160.7,L&T Finance,NBFC
LTIM.NS,SELL,2024-05-20,4764.3,LTIMindtree,IT
LTTS.NS,SELL,2024-05-20,4454.5,L&T Tech. Srvs.,IT
LUMAXIND.NS,SELL,2024-05-20,2654.9,Lumax Ind.,Auto
LUMAXTECH.NS,SELL,2024-05-20,476.95,Lumax Auto Tech.,Auto
LUPIN.NS,SELL,2024-05-20,1651.75,Lupin,Pharma
LUXIND.NS,SELL,2024-05-20,1576.95,Lux Ind.,Textile Mfg
LXCHEM.NS,SELL,2024-05-20,250.3,Laxmi Organic Ind.,Spl Chemicals
M&M.NS,SELL,2024-05-20,2514.6,Mahindra & Mahindra,Auto
M&MFIN.NS,SELL,2024-05-20,263.8,Mahindra & Mahindra Fin. Srvs.,NBFC
MAANALU.NS,SELL,2024-05-20,143.95,Maan Aluminium,Metals
MACPOWER.NS,SELL,2024-05-20,1498.9,Macpower CNC Machines,Spl Ind Mach
MAFANG.NS,SELL,2024-05-20,90.24,Mirae Asset NYSE FANG+ETF,Blank
MAHLIFE.NS,SELL,2024-05-20,616.95,Mahindra Lifespace Develp.,Real Est
MAHSCOOTER.NS,SELL,2024-05-20,7552.0,Maharashtra Scooters,Auto
MAHSEAMLES.NS,SELL,2024-05-20,812.15,Maharashtra Seamless,Metals
MAITHANALL.NS,SELL,2024-05-20,1315.45,Maithan Alloys,Metals
MANALIPETC.NS,SELL,2024-05-20,78.0,Manali petrochem.,Spl Chemicals
MANGLMCEM.NS,SELL,2024-05-20,867.85,Mangalam Cement,Cement
MANINDS.NS,SELL,2024-05-20,371.4,Man Ind.,Metals
MANINFRA.NS,SELL,2024-05-20,197.45,Man Infraconstruction,Eng&Const
MANORG.NS,SELL,2024-05-20,370.5,Mangalam Organics,Spl Chemicals
MANYAVAR.NS,SELL,2024-05-20,1030.0,Vedant Fashions,Textile Mfg
MAPMYINDIA.NS,SELL,2024-05-20,1951.0,C. E. Info Sys.,IT
MARICO.NS,SELL,2024-05-20,597.05,Marico,FMCG
MARUTI.NS,SELL,2024-05-20,12641.5,Maruti Suzuki India,Auto
MASFIN.NS,SELL,2024-05-20,290.8,MAS Fin. Srvs.,NBFC
MASTEK.NS,SELL,2024-05-20,2475.25,Mastek,IT
MATRIMONY.NS,SELL,2024-05-20,558.05,Matrimony.com,IT
MAXIND.NS,SELL,2024-05-20,282.0,Max India,Hospital
MAYURUNIQ.NS,SELL,2024-05-20,533.0,Mayur Uniquoters,Textile Mfg
MAZDOCK.NS,SELL,2024-05-20,2756.65,Mazagon Dock Shipbuilders,Defense
MCX.NS,SELL,2024-05-20,4024.7,Multi Commodity Exch. ,Capital Markets
MEDANTA.NS,SELL,2024-05-20,1421.2,Global Health,Hospital
MEDICAMEQ.NS,SELL,2024-05-20,536.1,Medicamen Biotech,Pharma
MEDPLUS.NS,SELL,2024-05-20,696.0,MedPlus Health Srvs.,Retail
MENONBE.NS,SELL,2024-05-20,126.8,Menon Bearings,Auto
MERCURYLAB.BO,SELL,2024-05-20,900.0,Mercury Lab.,Blank
METROBRAND.NS,SELL,2024-05-20,1132.05,Metro Brands,Retail
METROPOLIS.NS,SELL,2024-05-20,1838.2,Metropolis Healthcare,Healthcare Diag&Resrch
MGL.NS,SELL,2024-05-20,1319.8,Mahanagar Gas,Utilities—Reg  Gas
MHRIL.NS,SELL,2024-05-20,407.5,Mahindra Holidays & Resorts India,Hotel&Resort
MID150BEES.NS,SELL,2024-05-20,198.99,-ETF Nifty Midcap 150,Blank
MINDACORP.NS,SELL,2024-05-20,425.85,Minda,Auto
MINDTECK.NS,SELL,2024-05-20,325.2,Mindteck,IT
MIRZAINT.NS,SELL,2024-05-20,45.4,Mirza Int.,Footwear&Accessories
MODINATUR.BO,SELL,2024-05-20,210.6,Modi Naturals,Blank
MOHEALTH.NS,SELL,2024-05-20,35.82,Motilal Oswal BSE Healthcare ETF,Blank
MOIL.NS,SELL,2024-05-20,524.85,MOIL,Metals
MOL.NS,SELL,2024-05-20,82.65,Meghmani Organics,Agro chemical
MOLDTECH.NS,SELL,2024-05-20,217.8,Mold-Tek Tech.,Eng&Const
MOLDTKPAC.NS,SELL,2024-05-20,797.2,Mold-Tek Packaging,Packaging
MON100.NS,SELL,2024-05-20,150.06,Motilal Oswal NASDAQ 100 ETF,Blank
MONTECARLO.NS,SELL,2024-05-20,690.0,Monte Carlo Fashions,Textile Mfg
MORGANITE.BO,SELL,2024-05-20,1738.95,Morganite Crucible,Blank
MOTHERSON.NS,SELL,2024-05-20,129.35,Samvardhana Motherson Int.,Auto
MOTILALOFS.NS,SELL,2024-05-20,2359.95,Motilal Oswal Fin. Srvs.,Capital Markets
MPHASIS.NS,SELL,2024-05-20,2311.6,Mphasis,IT
MRF.NS,SELL,2024-05-20,127560.0,MRF,Auto
MRPL.NS,SELL,2024-05-20,209.2,Mangalore Refinery & petrochem.,Oil&Gas
MTARTECH.NS,SELL,2024-05-20,1969.9,MTAR Tech.,Spl Ind Mach
MUNJALAU.NS,SELL,2024-05-20,82.8,Munjal Auto Ind.,Auto
MUTHOOTCAP.NS,SELL,2024-05-20,300.8,Muthoot Capital Srvs.,NBFC
MUTHOOTFIN.NS,SELL,2024-05-20,1679.55,Muthoot Finance,NBFC
NACLIND.NS,SELL,2024-05-20,66.95,NACL Ind.,Agro chemical
NAM-INDIA.NS,SELL,2024-05-20,590.85,Nippon Life India Asset Mgmt.,Capital Markets
NATCAPSUQ.BO,SELL,2024-05-20,325.9,Natural Capsules,Blank
NATFIT.BO,SELL,2024-05-20,131.0,National Fittings,Blank
NATHBIOGEN.NS,SELL,2024-05-20,194.6,Nath Bio-Genes,Agro chemical
NATIONALUM.NS,SELL,2024-05-20,194.85,National Aluminium,Metals
NATIONSTD.BO,SELL,2024-05-20,4651.05,National Std.,Blank
NATPLASTI.BO,SELL,2024-05-20,415.0,National Plastic Tech.,Blank
NAUKRI.NS,SELL,2024-05-20,6222.0,Info Edge,IT
NAVINFLUOR.NS,SELL,2024-05-20,3428.45,Navin Fluorine Int.,Chemicals
NAVKARCORP.NS,SELL,2024-05-20,101.55,Navkar,Logistics
NAVNETEDUL.NS,SELL,2024-05-20,156.55,Navneet Edu.,Publishing
NAYSAA.BO,SELL,2024-05-20,304.0,Naysaa Securities,Blank
NAZARA.NS,SELL,2024-05-20,621.0,Nazara Tech.,Gaming&Multi
NCC.NS,SELL,2024-05-20,275.8,NCC,Eng&Const
NCLIND.NS,SELL,2024-05-20,204.55,NCL Ind.,Cement
NDRAUTO.NS,SELL,2024-05-20,827.35,NDR Auto Components,Auto
NDTV.NS,SELL,2024-05-20,216.3,New Delhi Television,Broadcasting
NELCAST.NS,SELL,2024-05-20,146.9,Nelcast,Metal Fab
NELCO.NS,SELL,2024-05-20,739.55,Nelco,Telecom
NEOGEN.NS,SELL,2024-05-20,1452.0,Neogen Chem.,Spl Chemicals
NESCO.NS,SELL,2024-05-20,874.6,Nesco,Conglomerates
NESTLEIND.NS,SELL,2024-05-20,2445.5,Nestlé India,FMCG
NETLINK.BO,SELL,2024-05-20,168.75,Netlink Solutions,Blank
NETWORK18.NS,SELL,2024-05-20,81.7,Network18 Media & Invest.,Broadcasting
NEULANDLAB.NS,SELL,2024-05-20,6260.55,Neuland Lab.,Pharma
NGLFINE.NS,SELL,2024-05-20,2334.5,NGL Fine-Chem,Pharma
NH.NS,SELL,2024-05-20,1293.1,Narayana Hrudayalaya,Hospital
NICCOPAR.BO,SELL,2024-05-20,140.8,Nicco Parks & Resorts,Blank
NIFTY_FIN_SERVICE.NS,SELL,2024-05-20,21373.55,NIFTY FIN SERVICE,Blank
NIITLTD.NS,SELL,2024-05-20,104.1,NIIT,Edu&Training Serv
NIKHILAD.BO,SELL,2024-05-20,129.0,Nikhil Adhesives,Blank
NILACHAL.BO,SELL,2024-05-20,57.0,Nilachal Refractories,Blank
NILE.BO,SELL,2024-05-20,1365.0,Nile,Blank
NILKAMAL.NS,SELL,2024-05-20,1882.0,Nilkamal,Consumer Durables
NIRLON.BO,SELL,2024-05-20,427.0,Nirlon,Blank
NITCO.NS,SELL,2024-05-20,81.0,NITCO,Building Material
NITINCAST.BO,SELL,2024-05-20,601.0,Nitin Castings,Blank
NITTAGELA.BO,SELL,2024-05-20,833.9,Nitta Gelatin India,Blank
NIYOGIN.BO,SELL,2024-05-20,77.94,Niyogin Fintech,Blank
NMDC.NS,SELL,2024-05-20,276.65,NMDC,Metals
NOCIL.NS,SELL,2024-05-20,261.6,NOCIL,Spl Chemicals
NOVARTIND.BO,SELL,2024-05-20,1118.85,Novartis India,Pharma
NRBBEARING.NS,SELL,2024-05-20,318.4,NRB Bearings,Auto
NRL.NS,SELL,2024-05-20,80.75,Nupur Recyclers,Waste Mgmt
NTPC.NS,SELL,2024-05-20,365.45,NTPC,Utilities-Power
NUCLEUS.NS,SELL,2024-05-20,1342.8,Nucleus Software Exports,IT
NURECA.NS,SELL,2024-05-20,273.2,Nureca,Medical Devices&Sup
NUVOCO.NS,SELL,2024-05-20,324.2,Nuvoco Vistas,Cement
OAL.NS,SELL,2024-05-20,351.15,Oriental Aromatics,Spl Chemicals
OBEROIRLTY.NS,SELL,2024-05-20,1748.52,Oberoi Realty,Real Est
OCCL.NS,SELL,2024-05-20,714.5,Oriental Carbon & Chem.,Chemicals
OFSS.NS,SELL,2024-05-20,7786.0,Oracle Fin. Srvs. Software,IT
OIL.NS,SELL,2024-05-20,639.35,Oil India,Oil&Gas
OLECTRA.NS,SELL,2024-05-20,1694.55,Olectra Greentech,Farm&Heavy Constr Mach
OMAXAUTO.NS,SELL,2024-05-20,145.2,Omax Autos,Auto
OMAXE.NS,SELL,2024-05-20,94.25,Omaxe,Real Est
OMINFRAL.NS,SELL,2024-05-20,130.45,Om Infra,Eng&Const
ONMOBILE.NS,SELL,2024-05-20,75.7,OnMobile Global,Telecom
OPTIEMUS.NS,SELL,2024-05-20,283.45,Optiemus Infracom,Electronics Distri
ORCHPHARMA.NS,SELL,2024-05-20,1068.0,Orchid Pharma,Pharma
ORIBEVER.BO,SELL,2024-05-20,298.0,Orient Beverages,Blank
ORIENTCEM.NS,SELL,2024-05-20,213.55,Orient Cement,Cement
ORIENTELEC.NS,SELL,2024-05-20,228.4,Orient Electric,Consumer Durables
ORIENTPPR.NS,SELL,2024-05-20,54.7,Orient Paper & Ind.,Paper
ORISSAMINE.NS,SELL,2024-05-20,5900.6,Orissa Minerals Develp.,Metals
PAGEIND.NS,SELL,2024-05-20,35581.5,Page Ind.,Textile Mfg
PALREDTEC.NS,SELL,2024-05-20,116.2,Palred Tech.,Consumer Electro
PANACEABIO.NS,SELL,2024-05-20,138.6,Panacea Biotec,Pharma
PANAENERG.BO,SELL,2024-05-20,537.95,Panasonic Energy India,Blank
PANAMAPET.NS,SELL,2024-05-20,333.4,Panama Petrochem,Oil&Gas
PARADEEP.NS,SELL,2024-05-20,69.25,Paradeep Phosphates,Agro chemical
PARAS.NS,SELL,2024-05-20,743.55,Paras Defence & Space Tech.,Defense
PARNAXLAB.BO,SELL,2024-05-20,111.6,Parnax Lab,Blank
PATANJALI.NS,SELL,2024-05-20,1400.15,Patanjali Foods,FMCG
PATELENG.NS,SELL,2024-05-20,57.35,Patel Eng.,Eng&Const
PAUSHAKLTD.BO,SELL,2024-05-20,5318.0,Paushak,Blank
PAYTM.NS,SELL,2024-05-20,342.25,One97 comm.,IT
PDSL.NS,SELL,2024-05-20,425.05,PDS,Spl Business Serv
PEL.NS,SELL,2024-05-20,827.2,Piramal Entp.,NBFC
PENINLAND.NS,SELL,2024-05-20,67.5,Peninsula Land,Real Est
PERMAGN.BO,SELL,2024-05-20,1126.2,Permanent Magnets,Blank
PERSISTENT.NS,SELL,2024-05-20,3540.15,Persistent Sys.,IT
PETRONET.NS,SELL,2024-05-20,312.2,Petronet LNG,Oil&Gas
PFIZER.NS,SELL,2024-05-20,4400.55,Pfizer,Pharma
PGEL.NS,SELL,2024-05-20,2120.65,PG Electroplast,Electrical Equip
PGHH.NS,SELL,2024-05-20,15653.2,PGHH.NS,FMCG
PGHL.NS,SELL,2024-05-20,4785.05,Procter & Gamble Health,Pharma
PHOENIXLTD.NS,SELL,2024-05-20,3130.0,Phoenix Mills,Real Est
PIDILITIND.NS,SELL,2024-05-20,2986.95,Pidilite Ind.,Spl Chemicals
PIIND.NS,SELL,2024-05-20,3576.8,PI Ind.,Agro chemical
PITTIENG.NS,SELL,2024-05-20,884.75,Pitti Eng.,Metal Fab
PIXTRANS.NS,SELL,2024-05-20,1329.7,PIX Transmissions,Spl Ind Mach
PLASTIBLEN.NS,SELL,2024-05-20,266.65,Plastiblends India,Spl Chemicals
PNB.NS,SELL,2024-05-20,125.1,Punjab National Bank,Banks
PNBHOUSING.NS,SELL,2024-05-20,735.3,PNB Hsg. Fin.,NBFC
PNCINFRA.NS,SELL,2024-05-20,456.75,PNC Infratech,Eng&Const
POCL.NS,SELL,2024-05-20,709.1,Pondy Oxides & Chem.,Spl Chemicals
PODDARHOUS.NS,SELL,2024-05-20,100.1,Poddar Hsg. & Develp.,Real Est
PODDARMENT.NS,SELL,2024-05-20,368.4,Poddar Pigments,Spl Chemicals
POKARNA.NS,SELL,2024-05-20,525.45,Pokarna,Building Material
POLICYBZR.NS,SELL,2024-05-20,1326.25,PB Fintech,Insurance
POLYCAB.NS,SELL,2024-05-20,6490.95,Polycab India,Electrical Equip
POLYPLEX.NS,SELL,2024-05-20,899.75,Polyplex,Spl Chemicals
POONAWALLA.NS,SELL,2024-05-20,463.5,Poonawalla Fincorp,NBFC
POWERGRID.NS,SELL,2024-05-20,313.15,Power GridCorp. ,Utilities-Power
POWERINDIA.NS,SELL,2024-05-20,11398.25,Hitachi Energy India,Electrical Equip
POWERMECH.NS,SELL,2024-05-20,5034.95,Power Mech Projects,Eng&Const
PPAP.NS,SELL,2024-05-20,194.3,PPAP Auto.,Auto
PPL.NS,SELL,2024-05-20,371.05,Prakash Pipes,Building Material
PRAJIND.NS,SELL,2024-05-20,528.2,Praj Ind.,Eng&Const
PRECAM.NS,SELL,2024-05-20,199.15,Precision Camshafts,Auto
PREMCO.BO,SELL,2024-05-20,450.0,Premco Global,Blank
PREMEXPLN.NS,SELL,2024-05-20,2402.25,Premier Explosives,Spl Chemicals
PRESTIGE.NS,SELL,2024-05-20,1561.4,Prestige Est. Projects,Real Est
PRICOLLTD.NS,SELL,2024-05-20,455.5,Pricol,Auto
PRIMAPLA.BO,SELL,2024-05-20,187.0,Prima Plastics,Blank
PRINCEPIPE.NS,SELL,2024-05-20,668.6,Prince Pipes & Fittings,Building Material
PRIVISCL.NS,SELL,2024-05-20,1177.85,Privi Speciality Chem.,Spl Chemicals
PRSMJOHNSN.NS,SELL,2024-05-20,143.55,Prism Johnson,Cement
PSPPROJECT.NS,SELL,2024-05-20,687.5,PSP Projects,Eng&Const
PSUBANKICI.NS,SELL,2024-05-20,71.9,ICICI Nifty PSU Bank ETF,Blank
PURVA.NS,SELL,2024-05-20,409.55,Puravankara,Real Est
PVRINOX.NS,SELL,2024-05-20,1325.65,PVR INOX,Entertainment
QUICKHEAL.NS,SELL,2024-05-20,473.4,Quick Heal Tech.,IT
RACLGEAR.BO,SELL,2024-05-20,1260.0,RACL Geartech,Blank
RADIANTCMS.NS,SELL,2024-05-20,85.9,Radiant Cash Mgmt. Srvs.,Spl Business Serv
RADICO.NS,SELL,2024-05-20,1722.65,Radico Khaitan,Alcohol
RAIN.NS,SELL,2024-05-20,167.95,Rain Ind.,Chemicals
RAINBOW.NS,SELL,2024-05-20,1341.75,Rainbow Children's Medicare,Hospital
RAJESHEXPO.NS,SELL,2024-05-20,303.25,Rajesh Exports,Luxury&jewel Goods
RAJRATAN.NS,SELL,2024-05-20,586.4,Rajratan Global Wire,Metals
RAMCOCEM.NS,SELL,2024-05-20,777.1,Ramco Cements,Cement
RAMINFO.BO,SELL,2024-05-20,147.5,Raminfo,Blank
RAMKY.NS,SELL,2024-05-20,493.8,Ramky Infra.,Eng&Const
RAMRAT.NS,SELL,2024-05-20,379.85,Ram Ratna Wires,Electrical Equip
RANEENGINE.NS,SELL,2024-05-20,389.0,Rane Engine Valve,Auto
RANEHOLDIN.NS,SELL,2024-05-20,1268.85,Rane Hldg.s,Auto
RATEGAIN.NS,SELL,2024-05-20,724.55,RateGain Travel Tech.,IT
RATNAMANI.NS,SELL,2024-05-20,3310.0,Ratnamani Metals & Tubes,Metals
RAYMOND.NS,SELL,2024-05-20,2253.85,Raymond,Textile Mfg
RBA.NS,SELL,2024-05-20,105.9,Restaurant Brands Asia,Retail
RBL.NS,SELL,2024-05-20,941.45,Rane Brake Lining,Auto
RBLBANK.NS,SELL,2024-05-20,251.75,RBL Bank,Banks
REDINGTON.NS,SELL,2024-05-20,211.2,Redington,IT
RELAXO.NS,SELL,2024-05-20,830.0,Relaxo Footwears,Footwear&Accessories
RELIANCE.NS,SELL,2024-05-20,2871.4,Reliance Ind.,Oil&Gas
RENUKA.NS,SELL,2024-05-20,42.5,Shree Renuka Sugars,Sugar
REPRO.NS,SELL,2024-05-20,766.05,Repro India,Spl Business Serv
RESPONIND.NS,SELL,2024-05-20,303.8,Responsive Ind.,Spl Chemicals
REXNORD.BO,SELL,2024-05-20,136.0,Rexnord Electronics & Controls,Blank
RHIM.NS,SELL,2024-05-20,660.05,RHI Magnesita India,Metal Fab
RIIL.NS,SELL,2024-05-20,1234.55,Reliance Ind. Infra.,Eng&Const
RITES.NS,SELL,2024-05-20,696.05,RITES,Eng&Const
RMC.BO,SELL,2024-05-20,492.0,RMC Switchgears,Blank
RML.NS,SELL,2024-05-20,834.15,Rane,Auto
ROHLTD.NS,SELL,2024-05-20,370.9,Royal Orchid Hotels,Hotel&Resort
ROLEXRINGS.NS,SELL,2024-05-20,2303.5,Rolex Rings,Metal Fab
ROSSARI.NS,SELL,2024-05-20,699.2,Rossari Biotech,Spl Chemicals
ROTO.NS,SELL,2024-05-20,440.45,Roto Pumps,Spl Ind Mach
ROUTE.NS,SELL,2024-05-20,1446.55,Route Mobile,Telecom
RPGLIFE.NS,SELL,2024-05-20,1504.0,RPG Life Sciences,Pharma
RPSGVENT.NS,SELL,2024-05-20,698.4,RPSG Vntrs.,IT
RSSOFTWARE.NS,SELL,2024-05-20,243.7,R S Software,IT
RSWM.NS,SELL,2024-05-20,182.2,RSWM,Textile Mfg
RUCHIRA.NS,SELL,2024-05-20,126.7,Ruchira Papers,Paper
RUPA.NS,SELL,2024-05-20,263.5,Rupa &,Textile Mfg
RUSHIL.NS,SELL,2024-05-20,323.75,Rushil Décor,Consumer Durables
RVNL.NS,SELL,2024-05-20,290.8,Rail Vikas Nigam,Eng&Const
SAFARI.NS,SELL,2024-05-20,2112.45,Safari Ind.,Footwear&Accessories
SAGCEM.NS,SELL,2024-05-20,217.4,Sagar Cements,Cement
SAHYADRI.NS,SELL,2024-05-20,364.7,Sahyadri Ind.,Building Material
SAIL.NS,SELL,2024-05-20,166.9,Steel Authority ,Metals
SAKAR.NS,SELL,2024-05-20,348.5,Sakar Healthcare,Pharma
SAKSOFT.NS,SELL,2024-05-20,276.25,Saksoft,IT
SALZERELEC.NS,SELL,2024-05-20,775.5,Salzer Electronics,Electrical Equip
SAMKRG.BO,SELL,2024-05-20,165.6,Samkrg Pistons & Rings,Blank
SANGAMIND.NS,SELL,2024-05-20,386.7,Sangam,Textile Mfg
SANGHIIND.NS,SELL,2024-05-20,93.0,Sanghi Ind.,Cement
SANGHVIMOV.NS,SELL,2024-05-20,1176.85,Sanghvi Movers,Eng&Const
SANOFI.NS,SELL,2024-05-20,8851.95,Sanofi India,Pharma
SANSERA.NS,SELL,2024-05-20,1068.2,Sansera Eng.,Metal Fab
SAPPHIRE.NS,SELL,2024-05-20,1383.8,Sapphire Foods India,Retail
SARDAEN.NS,SELL,2024-05-20,267.15,Sarda Energy & Minerals,Metals
SARLAPOLY.NS,SELL,2024-05-20,92.8,Sarla Perf. Fibers,Textile Mfg
SASKEN.NS,SELL,2024-05-20,1547.7,Sasken Tech.,IT
SASTASUNDR.NS,SELL,2024-05-20,294.75,Sastasundar Vntrs.,Retail
SATINDLTD.NS,SELL,2024-05-20,93.45,Sat Ind.,Metals
SAYAJIIND.BO,SELL,2024-05-20,173.25,Sayaji Ind.,Blank
SBCL.NS,SELL,2024-05-20,530.0,Shivalik Bimetal Controls,Metal Fab
SBICARD.NS,SELL,2024-05-20,714.9,SBI Cards & Payment Srvs.,NBFC
SBIETFCON.NS,SELL,2024-05-20,108.12,SBI Nifty Consumption ETF,Blank
SBIGETS.BO,SELL,2024-05-20,64.52,SBI ETF Gold,Blank
SBILIFE.NS,SELL,2024-05-20,1434.2,SBI Life Insurance,Insurance
SCHAEFFLER.NS,SELL,2024-05-20,4311.65,Schaeffler India,Auto
SCHAND.NS,SELL,2024-05-20,231.9,S Chand and,Publishing
SCHNEIDER.NS,SELL,2024-05-20,877.25,Schneider Electric Infra.,Electrical Equip
SCPL.NS,SELL,2024-05-20,461.7,Sheetal Cool Prod.,FMCG
SDBL.NS,SELL,2024-05-20,121.78,Som Distilleries & Breweries,Alcohol
SECURKLOUD.NS,SELL,2024-05-20,42.85,SecureKloud Tech.,IT
SELAN.NS,SELL,2024-05-20,645.0,Selan Exploration Tech.,Oil&Gas
SEQUENT.NS,SELL,2024-05-20,116.35,Sequent Scientific,Pharma
SERVOTECH.NS,SELL,2024-05-20,85.1,Servotech Power Sys.,Blank
SEYAIND.NS,SELL,2024-05-20,24.95,Seya Ind.,Spl Chemicals
SFL.NS,SELL,2024-05-20,938.0,Sheela Foam,Consumer Durables
SGRL.BO,SELL,2024-05-20,647.65,Shree Ganesh Remedies,Blank
SHAILY.NS,SELL,2024-05-20,682.0,Shaily Eng. Plastics,Spl Chemicals
SHAKTIPUMP.NS,SELL,2024-05-20,2553.45,Shakti Pumps,Spl Ind Mach
SHALPAINTS.NS,SELL,2024-05-20,159.65,Shalimar Paints,Spl Chemicals
SHANKARA.NS,SELL,2024-05-20,700.0,Shankara Building Prod.,Retail
SHARDAMOTR.NS,SELL,2024-05-20,1509.0,Sharda Motor Ind.,Auto
SHAREINDIA.NS,SELL,2024-05-20,1619.85,Share India Securities,Capital Markets
SHAWGELTIN.BO,SELL,2024-05-20,384.75,Narmada Gelatines,Blank
SHEMAROO.NS,SELL,2024-05-20,156.0,Shemaroo Entmt.,Entertainment
SHILCTECH.BO,SELL,2024-05-20,5224.95,Shilchar Tech.,Blank
SHILPAMED.NS,SELL,2024-05-20,501.5,Shilpa Medicare,Pharma
SHIVACEM.BO,SELL,2024-05-20,45.2,Shiva Cement,Blank
SHIVALIK.NS,SELL,2024-05-20,606.9,Shivalik Rasayan,Agro chemical
SHK.NS,SELL,2024-05-20,198.0,S H Kelkar and,Spl Chemicals
SHOPERSTOP.NS,SELL,2024-05-20,753.0,Shoppers Stop,Retail
SHREECEM.NS,SELL,2024-05-20,26120.0,Shree Cement,Cement
SHRIRAMFIN.NS,SELL,2024-05-20,2371.6,Shriram Finance,NBFC
SHYAMMETL.NS,SELL,2024-05-20,624.55,Shyam Metalics & Energy,Metals
SIEMENS.NS,SELL,2024-05-20,7185.35,Siemens,Spl Ind Mach
SIKA.BO,SELL,2024-05-20,2820.0,Sika Interplant Sys.,Blank
SILVERBEES.NS,SELL,2024-05-20,88.37,Silver ETF,Blank
SINGER.BO,SELL,2024-05-20,87.55,Singer India,Blank
SIRCA.NS,SELL,2024-05-20,323.35,Sirca Paints India,Spl Chemicals
SIS.NS,SELL,2024-05-20,423.65,SIS,Secur&Protect Serv
SKFINDIA.NS,SELL,2024-05-20,6170.0,SKF India,Tools&Accessories
SKMEGGPROD.NS,SELL,2024-05-20,273.75,SKM Egg Prod. Export,FMCG
SKYGOLD.NS,SELL,2024-05-20,1256.05,Sky Gold,Luxury&jewel Goods
SMARTLINK.NS,SELL,2024-05-20,301.05,Smartlink Hldg.s,Telecom
SMLISUZU.NS,SELL,2024-05-20,2070.6,SML Isuzu,Auto
SMSLIFE.NS,SELL,2024-05-20,661.4,SMS Lifesciences India,Pharma
SMSPHARMA.NS,SELL,2024-05-20,206.7,SMS Pharma,Pharma
SNL.BO,SELL,2024-05-20,378.05,SNL Bearings,Blank
SNOWMAN.NS,SELL,2024-05-20,67.7,Snowman Logistics,Logistics
SOLARA.NS,SELL,2024-05-20,486.65,Solara Active Pharma Sciences,Pharma
SOLARINDS.NS,SELL,2024-05-20,8983.45,Solar Ind. India,Spl Chemicals
SOMANYCERA.NS,SELL,2024-05-20,771.0,Somany Ceramics,Building Material
SONACOMS.NS,SELL,2024-05-20,612.75,Sona BLW Precision Forgings,Auto
SONALAD.BO,SELL,2024-05-20,76.75,Sonal Adhesives,Blank
SONATSOFTW.NS,SELL,2024-05-20,535.2,Sonata Software,IT
SOUTHBANK.NS,SELL,2024-05-20,27.9,South Indian Bank,Banks
SPAL.NS,SELL,2024-05-20,592.55,S.P. Apparels,Textile Mfg
SPANDANA.NS,SELL,2024-05-20,799.75,Spandana Sphoorty Financial,NBFC
SPARC.NS,SELL,2024-05-20,216.3,Sun Pharma Advanced Research,Pharma
SPECIALITY.NS,SELL,2024-05-20,185.0,Speciality Restaurants,Retail
SPENCERS.NS,SELL,2024-05-20,94.05,Spencer's Retail,Retail
SPLIL.NS,SELL,2024-05-20,59.1,SPL Ind.,Textile Mfg
SPORTKING.NS,SELL,2024-05-20,795.0,Sportking India,Textile Mfg
SRF.NS,SELL,2024-05-20,2275.6,SRF,Spl Chemicals
SRHHYPOLTD.NS,SELL,2024-05-20,541.8,Sree Rayalaseema Hi-Strength Hypo,Chemicals
SSWL.NS,SELL,2024-05-20,214.05,Steel Strips Wheels,Auto
STARHEALTH.NS,SELL,2024-05-20,554.4,Star Health & Allied Insurance,Insurance
STARPAPER.NS,SELL,2024-05-20,235.0,Star Paper Mills,Paper
STERTOOLS.NS,SELL,2024-05-20,364.0,Sterling Tools,Tools&Accessories
STLTECH.NS,SELL,2024-05-20,127.85,Sterlite Tech.,Electrical Equip
STOVACQ.BO,SELL,2024-05-20,4340.0,Stovec Ind.,Blank
STOVEKRAFT.NS,SELL,2024-05-20,499.0,Stove Kraft,Consumer Durables
STYLAMIND.NS,SELL,2024-05-20,1603.05,Stylam Ind.,Consumer Durables
STYRENIX.NS,SELL,2024-05-20,1815.05,Styrenix Perf. Materials,Chemicals
SUBEXLTD.NS,SELL,2024-05-20,29.2,Subex,IT
SUBROS.NS,SELL,2024-05-20,619.35,Subros,Auto
SUDARSCHEM.NS,SELL,2024-05-20,735.35,Sudarshan Chemical Ind.,Spl Chemicals
SULA.NS,SELL,2024-05-20,504.65,Sula Vineyards,Alcohol
SUMICHEM.NS,SELL,2024-05-20,409.55,Sumitomo Chemical India,Agro chemical
SUNDARMFIN.NS,SELL,2024-05-20,4766.4,Sundaram Finance,NBFC
SUNDRMBRAK.NS,SELL,2024-05-20,777.65,Sundaram Brake Linings,Auto
SUNDRMFAST.NS,SELL,2024-05-20,1193.0,Sundram Fasteners,Auto
SUNFLAG.NS,SELL,2024-05-20,207.1,Sunflag Iron & Steel,Metals
SUNPHARMA.NS,SELL,2024-05-20,1531.4,Sun Pharma. Ind.,Pharma
SUNTECK.NS,SELL,2024-05-20,448.35,Sunteck Realty,Real Est
SUNTV.NS,SELL,2024-05-20,674.5,Sun TV Network,Broadcasting
SUPER.BO,SELL,2024-05-20,2120.0,Super Sales India,Blank
SUPERHOUSE.NS,SELL,2024-05-20,214.25,Superhouse,Footwear&Accessories
SUPRAJIT.NS,SELL,2024-05-20,414.85,Suprajit Eng.,Auto
SUPREME.BO,SELL,2024-05-20,62.78,Supreme Hldg.s & Hosp.ity,Blank
SUPREMEIND.NS,SELL,2024-05-20,5612.75,Supreme Ind.,Building Material
SUPREMEINF.NS,SELL,2024-05-20,107.75,Supreme Infra. India,Eng&Const
SUPRIYA.NS,SELL,2024-05-20,382.0,Supriya Lifescience,Pharma
SURYAROSNI.NS,SELL,2024-05-20,579.9,Surya Roshni,Metals
SUTLEJTEX.NS,SELL,2024-05-20,55.75,Sutlej Textiles & Ind.,Textile Mfg
SUVEN.NS,SELL,2024-05-20,105.0,Suven Life Sciences,Pharma
SUVENPHAR.NS,SELL,2024-05-20,644.15,Suven Pharma,Pharma
SUYOG.BO,SELL,2024-05-20,1113.1,Suyog Telematics,Blank
SWANENERGY.NS,SELL,2024-05-20,599.2,Swan Energy,Textile Mfg
SWELECTES.NS,SELL,2024-05-20,1339.95,Swelect Energy Sys.,Solar
SWSOLAR.NS,SELL,2024-05-20,804.1,Sterling & Wilson Renew Energy,Solar
SYMPHONY.NS,SELL,2024-05-20,1005.5,Symphony,Consumer Durables
SYNGENE.NS,SELL,2024-05-20,690.85,Syngene Int.,Pharma
SYRMA.NS,SELL,2024-05-20,395.4,Syrma SGS Tech.,Electrical Equip
TAALENT.BO,SELL,2024-05-20,2660.0,TAAL Entp.,Blank
TAJGVK.NS,SELL,2024-05-20,375.2,TAJGVK Hotels & Resorts,Hotel&Resort
TALBROAUTO.NS,SELL,2024-05-20,304.3,Talbros Auto. Components,Auto
TALBROSENG.BO,SELL,2024-05-20,610.0,Talbros Eng.,Blank
TANFACIND.BO,SELL,2024-05-20,2170.0,Tanfac Ind.,Blank
TANLA.NS,SELL,2024-05-20,890.7,Tanla Platforms,IT
TARSONS.NS,SELL,2024-05-20,436.0,Tarsons Prod.,Medical Devices&Sup
TASTYBITE.NS,SELL,2024-05-20,10703.0,Tasty Bite Eatables,FMCG
TATACHEM.NS,SELL,2024-05-20,1084.45,Tata Chem.,Chemicals
TATACOMM.NS,SELL,2024-05-20,1802.05,Tata comm.,Telecom
TATACONSUM.NS,SELL,2024-05-20,1095.2,Tata Consumer Prod.,FMCG
TATAELXSI.NS,SELL,2024-05-20,7359.0,Tata Elxsi,IT
TATAINVEST.NS,SELL,2024-05-20,6610.7,Tata Invest.,Capital Markets
TATAMOTORS.NS,SELL,2024-05-20,945.7,Tata Motors,Auto
TATAMTRDVR.NS,SELL,2024-05-20,636.75,Tata Motors,Auto
TATASTEEL.NS,SELL,2024-05-20,167.35,Tata Steel,Metals
TATVA.NS,SELL,2024-05-20,1100.1,Tatva Chintan Pharma Chem,Spl Chemicals
TCI.NS,SELL,2024-05-20,928.25,TransportCorp. ,Logistics
TCIEXP.NS,SELL,2024-05-20,1074.7,TCI Express,Logistics
TCNSBRANDS.NS,SELL,2024-05-20,461.0,TCNS Clothing,Textile Mfg
TCPLPACK.NS,SELL,2024-05-20,2130.0,TCPL Packaging,Packaging
TCS.NS,SELL,2024-05-20,3834.1,Tata Consult. Srvs.,IT
TEAMLEASE.NS,SELL,2024-05-20,3423.95,TeamLease Srvs.,Staffing Serv
TECHM.NS,SELL,2024-05-20,1305.4,Tech Mahindra,IT
TECHNOE.NS,SELL,2024-05-20,1119.75,Techno Electric & Eng.,Eng&Const
TEGA.NS,SELL,2024-05-20,1541.35,Tega Ind.,Spl Ind Mach
TEJASNET.NS,SELL,2024-05-20,1204.45,Tejas Networks,Telecom
TERASOFT.NS,SELL,2024-05-20,52.4,Tera Software,IT
TFCILTD.NS,SELL,2024-05-20,166.15,Tourism FinanceCorp. ,NBFC
THANGAMAYL.NS,SELL,2024-05-20,1258.0,Thangamayil Jewellery,Luxury&jewel Goods
THEMISMED.NS,SELL,2024-05-20,211.8,Themis Medicare,Pharma
THERMAX.NS,SELL,2024-05-20,4980.0,Thermax,Spl Ind Mach
THOMASCOOK.NS,SELL,2024-05-20,210.0,Thomas Cook,Airline&Serv
TIDEWATER.NS,SELL,2024-05-20,1900.7,Tide Water Oil,Spl Chemicals
TIGERLOGS.BO,SELL,2024-05-20,44.0,Tiger Logistics,Blank
TIIL.NS,SELL,2024-05-20,2372.25,Technocraft Ind.,Tools&Accessories
TIINDIA.NS,SELL,2024-05-20,3804.85,Tube Invest. ,Conglomerates
TIMETECHNO.NS,SELL,2024-05-20,289.15,Time Technoplast,Packaging
TIMKEN.NS,SELL,2024-05-20,4215.4,Timken India,Tools&Accessories
TINNARUBR.BO,SELL,2024-05-20,1000.0,Tinna Rubber & Infra.,Blank
TIPSFILMS.NS,SELL,2024-05-20,578.65,Tips Films,Entertainment
TIPSINDLTD.NS,SELL,2024-05-20,442.65,Tips Ind.,Entertainment
TITAGARH.NS,SELL,2024-05-20,1224.35,Titagarh Rail Sys.,Railroads
TITAN.NS,SELL,2024-05-20,3361.15,Titan,Luxury&jewel Goods
TMB.NS,SELL,2024-05-20,465.55,Tamilnad Mercantile Bank,Banks
TOKYOPLAST.NS,SELL,2024-05-20,107.45,Tokyo Plast Int.,Packaging
TORNTPOWER.NS,SELL,2024-05-20,1378.65,Torrent Power,Utilities-Power
TRACXN.NS,SELL,2024-05-20,93.7,Tracxn Tech.,IT
TRENT.NS,SELL,2024-05-20,4634.55,Trent,Retail
TRIDENT.NS,SELL,2024-05-20,40.2,Trident,Textile Mfg
TRIGYN.NS,SELL,2024-05-20,113.9,Trigyn Tech.,IT
TRIL.NS,SELL,2024-05-20,624.05,Transformers & Rectifiers,Electrical Equip
TRITONV.BO,SELL,2024-05-20,2540.0,Triton Valves,Blank
TRITURBINE.NS,SELL,2024-05-20,630.9,Triveni Turbine,Spl Ind Mach
TRIVENI.NS,SELL,2024-05-20,365.1,Triveni Eng. & Ind.,Sugar
TTKHLTCARE.NS,SELL,2024-05-20,1515.35,TTK Healthcare,Pharma
TTKPRESTIG.NS,SELL,2024-05-20,707.35,TTK Prestige,Consumer Durables
TTML.NS,SELL,2024-05-20,77.8,Tata Teleservices,Telecom
TV18BRDCST.NS,SELL,2024-05-20,42.9,TV18 Broadcast,Broadcasting
TVSELECT.NS,SELL,2024-05-20,323.15,TVS Electronics,IT
TVSHLTD.NS,SELL,2024-05-20,10600.0,TVS Hldg.s,Auto
TVSMOTOR.NS,SELL,2024-05-20,2184.45,TVS Motor,Auto
TVSSRICHAK.NS,SELL,2024-05-20,4164.7,TVS Srichakra,Auto
TVTODAY.NS,SELL,2024-05-20,221.75,T.V. Today Network,Broadcasting
TYCHE.BO,SELL,2024-05-20,207.9,Tyche Ind.,Blank
UBL.NS,SELL,2024-05-20,1928.05,United Breweries,Alcohol
UCOBANK.NS,SELL,2024-05-20,52.8,UCO Bank,Banks
UFLEX.NS,SELL,2024-05-20,446.1,Uflex,Packaging
UFO.NS,SELL,2024-05-20,132.4,UFO Moviez India,Entertainment
UGROCAP.NS,SELL,2024-05-20,276.6,UGRO Capital,NBFC
UJJIVANSFB.NS,SELL,2024-05-20,52.7,Ujjivan Small Finance Bank,Banks
ULTRACEMCO.NS,SELL,2024-05-20,9890.35,UltraTech Cement,Cement
ULTRAMAR.BO,SELL,2024-05-20,390.25,Ultramarine & Pigments,Blank
UNICHEMLAB.NS,SELL,2024-05-20,569.95,Unichem Lab.,Pharma
UNIONBANK.NS,SELL,2024-05-20,139.15,Union Bank ,Banks
UNIPARTS.NS,SELL,2024-05-20,525.35,Uniparts India,Farm&Heavy Constr Mach
UNIVCABLES.NS,SELL,2024-05-20,586.75,Universal Cables,Electrical Equip
UNOMINDA.NS,SELL,2024-05-20,749.45,Uno Minda,Auto
UPL.NS,SELL,2024-05-20,511.25,UPL,Agro chemical
UTIAMC.NS,SELL,2024-05-20,919.5,UTI Asset Mgmt.,Capital Markets
V2RETAIL.NS,SELL,2024-05-20,489.45,V2 Retail,Retail
VADILALIND.NS,SELL,2024-05-20,4924.8,Vadilal Ind.,FMCG
VAIBHAVGBL.NS,SELL,2024-05-20,382.45,Vaibhav Global,Luxury&jewel Goods
VALIANTORG.NS,SELL,2024-05-20,416.7,Valiant Organics,Chemicals
VARDHACRLC.NS,SELL,2024-05-20,56.75,Vardhman Acrylics,Textile Mfg
VARROC.NS,SELL,2024-05-20,568.45,Varroc Eng.,Auto
VASCONEQ.NS,SELL,2024-05-20,69.85,Vascon Engrs.,Eng&Const
VBL.NS,SELL,2024-05-20,1515.5,Varun Beverages,FMCG
VEDL.NS,SELL,2024-05-20,442.65,Vedanta,Metals
VENKEYS.NS,SELL,2024-05-20,1805.0,Venky's,Farm Products
VENUSPIPES.NS,SELL,2024-05-20,2128.8,Venus Pipes & Tubes,Metals
VESUVIUS.NS,SELL,2024-05-20,5290.0,Vesuvius India,Spl Ind Mach
VETO.NS,SELL,2024-05-20,127.5,Veto Switchgears & Cables,Electrical Equip
VGUARD.NS,SELL,2024-05-20,369.5,V-Guard Ind.,Electrical Equip
VIDHIING.NS,SELL,2024-05-20,472.85,Vidhi Spl. Food Ingredients,Spl Chemicals
VIJAYA.NS,SELL,2024-05-20,776.2,Vijaya Diagnostic Centre,Healthcare Diag&Resrch
VIMTALABS.NS,SELL,2024-05-20,493.8,Vimta Labs,Healthcare Diag&Resrch
VINATIORGA.NS,SELL,2024-05-20,1620.6,Vinati Organics,Spl Chemicals
VINDHYATEL.NS,SELL,2024-05-20,2320.0,Vindhya Telelinks,Eng&Const
VINYLINDIA.NS,SELL,2024-05-20,371.9,Vinyl Chem.,Spl Chemicals
VIPIND.NS,SELL,2024-05-20,521.85,V.I.P. Ind.,Footwear&Accessories
VIRINCHI.NS,SELL,2024-05-20,39.65,Virinchi,IT
VISAKAIND.NS,SELL,2024-05-20,103.55,Visaka Ind.,Building Material
VISHNU.NS,SELL,2024-05-20,311.45,Vishnu Chem.,Spl Chemicals
VLSFINANCE.NS,SELL,2024-05-20,263.4,VLS Finance,Capital Markets
VMART.NS,SELL,2024-05-20,2201.95,V-Mart Retail,Retail
VOITHPAPR.BO,SELL,2024-05-20,2099.85,Voith Paper Fabrics India,Blank
VOLTAMP.NS,SELL,2024-05-20,11526.0,Voltamp Transformers,Electrical Equip
VOLTAS.NS,SELL,2024-05-20,1288.3,Voltas,Spl Ind Mach
VRLLOG.NS,SELL,2024-05-20,595.75,VRL Logistics,Logistics
VSTIND.NS,SELL,2024-05-20,4041.2,VST Ind.,Tobacco
VSTTILLERS.NS,SELL,2024-05-20,3426.3,V.S.T. Tillers Tractors,Farm&Heavy Constr Mach
WATERBASE.BO,SELL,2024-05-20,75.2,Waterbase,FMCG
WELCORP.NS,SELL,2024-05-20,609.8,Welspun Corp,Metals
WELENT.NS,SELL,2024-05-20,402.65,Welspun Entp.,Eng&Const
WELSPUNLIV.NS,SELL,2024-05-20,144.15,Welspun Living,Textile Mfg
WENDT.NS,SELL,2024-05-20,13939.05,Wendt,Tools&Accessories
WESTLIFE.NS,SELL,2024-05-20,840.65,Westlife Foodworld,Retail
WHEELS.NS,SELL,2024-05-20,586.4,Wheels India,Auto
WHIRLPOOL.NS,SELL,2024-05-20,1559.55,Whirlpool ,Consumer Durables
WIMPLAST.BO,SELL,2024-05-20,545.0,Wim Plast,Blank
WIPRO.NS,SELL,2024-05-20,461.0,Wipro,IT
WOCKPHARMA.NS,SELL,2024-05-20,541.3,Wockhardt,Pharma
WONDERLA.NS,SELL,2024-05-20,872.15,Wonderla Holidays,Hotel&Resort
WPIL.BO,SELL,2024-05-20,4249.0,WPIL,Blank
WSTCSTPAPR.NS,SELL,2024-05-20,653.05,West Coast Paper Mills,Paper
XPROINDIA.NS,SELL,2024-05-20,998.95,Xpro India,Spl Chemicals
YUKEN.NS,SELL,2024-05-20,1309.0,Yuken India,Spl Ind Mach
ZEEL.NS,SELL,2024-05-20,134.95,Zee Entmt. Entp.,Broadcasting
ZENTEC.NS,SELL,2024-05-20,937.15,Zen Tech.,Defense
ZFCVINDIA.NS,SELL,2024-05-20,13628.2,ZFCVINDIA.NS,Auto
ZYDUSLIFE.NS,SELL,2024-05-20,1051.4,Zydus Lifesciences,Pharma
ZYDUSWELL.NS,SELL,2024-05-20,1731.15,Zydus Wellness,FMCG
^CNXAUTO,SELL,2024-05-20,23322.95,NIFTY AUTO,Blank
^CNXENERGY,SELL,2024-05-20,40307.7,NIFTY ENERGY,Blank
^CNXFMCG,SELL,2024-05-20,54998.65,NIFTY FMCG,Blank
^CNXINFRA,SELL,2024-05-20,8651.7,NIFTY INFRA,Blank
^CNXIT,SELL,2024-05-20,33253.0,NIFTY IT,Blank
^CNXMETAL,SELL,2024-05-20,9671.45,NIFTY METAL,Blank
^CNXPSUBANK,SELL,2024-05-20,7162.1,NIFTY PSU BANK,Blank
^CNXREALTY,SELL,2024-05-20,1006.65,NIFTY REALTY,Blank
^CRSLDX,SELL,2024-05-20,21114.65,NIFTY 500,Blank
^NSEBANK,SELL,2024-05-20,47927.1,NIFTY BANK,Blank
^NSEI,SELL,2024-05-20,22404.55,NIFTY 50,Blank
^NSEMDCP50,SELL,2024-05-20,14577.7,NIFTY MIDCAP 50,Blank
